event_id,content_id,user_id,event_type,event_ts,duration_ms,device,raw_payload,content_type,length_seconds,engagement_seconds,engagement_pct
4801,78600362-d470-46ad-993c-039ae575e861,9034b03c-8331-4785-b805-e35d47fad781,pause,2026-01-11 18:38:18.750706+00:00,189931.0,web-safari,"{'country': 'SA', 'city': 'Riyadh', 'language': 'ar', 'user_type': 'registered', 'is_subscribed': True, 'trial_user': False, 'autoplay': False, 'is_background_play': False}",newsletter,234,189.931,0.81
4802,78600362-d470-46ad-993c-039ae575e861,f4d3e339-929a-4372-acac-8d64e14c510d,click,2026-01-11 18:21:18.750727+00:00,,android,"{'country': 'SA', 'city': 'Riyadh', 'language': 'ar', 'user_type': 'registered', 'is_subscribed': True, 'trial_user': False, 'autoplay': False, 'is_background_play': True}",newsletter,234,,
4803,78600362-d470-46ad-993c-039ae575e861,d115ff70-a87f-4680-a47d-2daf85d740e6,click,2026-01-11 18:54:18.750740+00:00,,android,"{'country': 'SA', 'city': 'Riyadh', 'language': 'ar', 'user_type': 'registered', 'is_subscribed': True, 'trial_user': False, 'autoplay': False, 'is_background_play': True}",newsletter,234,,
4804,78600362-d470-46ad-993c-039ae575e861,d28e7720-24fd-42b0-98a3-413c8845c8b4,play,2026-01-11 18:03:18.750750+00:00,,web-safari,"{'country': 'SA', 'city': 'Riyadh', 'language': 'ar', 'user_type': 'registered', 'is_subscribed': True, 'trial_user': False, 'autoplay': False, 'is_background_play': True}",newsletter,234,,
4805,78600362-d470-46ad-993c-039ae575e861,4589870a-7297-458a-a896-106ae6e8f6ca,click,2026-01-11 17:55:18.750760+00:00,,android,"{'country': 'SA', 'city': 'Riyadh', 'language': 'ar', 'user_type': 'registered', 'is_subscribed': True, 'trial_user': False, 'autoplay': False, 'is_background_play': False}",newsletter,234,,
4806,78600362-d470-46ad-993c-039ae575e861,cae7886c-17bd-4c45-a366-15e39449f886,click,2026-01-11 17:57:18.750770+00:00,,web-chrome,"{'country': 'SA', 'city': 'Riyadh', 'language': 'ar', 'user_type': 'registered', 'is_subscribed': True, 'trial_user': False, 'autoplay': False, 'is_background_play': True}",newsletter,234,,
4807,78600362-d470-46ad-993c-039ae575e861,3d588f62-719f-4887-8bb2-879cae124526,finish,2026-01-11 18:15:18.750779+00:00,125252.0,web-safari,"{'country': 'SA', 'city': 'Riyadh', 'language': 'ar', 'user_type': 'registered', 'is_subscribed': True, 'trial_user': False, 'autoplay': False, 'is_background_play': False}",newsletter,234,125.252,0.54
4808,78600362-d470-46ad-993c-039ae575e861,526c9725-0e6b-4a5c-a8b3-174dc53d7e18,finish,2026-01-11 18:17:18.750789+00:00,,web-safari,"{'country': 'SA', 'city': 'Riyadh', 'language': 'ar', 'user_type': 'registered', 'is_subscribed': True, 'trial_user': False, 'autoplay': False, 'is_background_play': True}",newsletter,234,,
4809,78600362-d470-46ad-993c-039ae575e861,db280438-654c-4341-a0f3-2987aad84cb3,play,2026-01-11 18:16:18.750798+00:00,69455.0,web-safari,"{'country': 'SA', 'city': 'Riyadh', 'language': 'ar', 'user_type': 'registered', 'is_subscribed': True, 'trial_user': False, 'autoplay': False, 'is_background_play': False}",newsletter,234,69.455,0.3
4810,78600362-d470-46ad-993c-039ae575e861,8c8afc73-227d-43f3-8c38-e3a0d9c04572,play,2026-01-11 18:14:18.750808+00:00,154975.0,web-safari,"{'country': 'SA', 'city': 'Riyadh', 'language': 'ar', 'user_type': 'registered', 'is_subscribed': True, 'trial_user': False, 'autoplay': False, 'is_background_play': True}",newsletter,234,154.975,0.66
4811,78600362-d470-46ad-993c-039ae575e861,ca74a59a-24ea-4f2e-a9ea-a1f62294e20c,play,2026-01-11 18:26:18.750818+00:00,225557.0,ios,"{'country': 'SA', 'city': 'Riyadh', 'language': 'ar', 'user_type': 'registered', 'is_subscribed': True, 'trial_user': False, 'autoplay': False, 'is_background_play': True}",newsletter,234,225.557,0.96
4812,78600362-d470-46ad-993c-039ae575e861,f38f50f0-d4f5-42d7-9535-9fe409ef7a64,click,2026-01-11 18:18:18.750827+00:00,,web-chrome,"{'country': 'SA', 'city': 'Riyadh', 'language': 'ar', 'user_type': 'registered', 'is_subscribed': True, 'trial_user': False, 'autoplay': False, 'is_background_play': True}",newsletter,234,,
4813,78600362-d470-46ad-993c-039ae575e861,e2cdbd04-0efc-49f4-82bc-c8398a7a5174,play,2026-01-11 18:49:18.750836+00:00,133086.0,android,"{'country': 'SA', 'city': 'Riyadh', 'language': 'ar', 'user_type': 'registered', 'is_subscribed': True, 'trial_user': False, 'autoplay': False, 'is_background_play': False}",newsletter,234,133.086,0.57
4814,78600362-d470-46ad-993c-039ae575e861,35aab8ae-e87a-4c68-9ee1-0827f0ade076,finish,2026-01-11 18:08:18.750845+00:00,81218.0,web-chrome,"{'country': 'SA', 'city': 'Riyadh', 'language': 'ar', 'user_type': 'registered', 'is_subscribed': True, 'trial_user': False, 'autoplay': False, 'is_background_play': False}",newsletter,234,81.218,0.35
4815,78600362-d470-46ad-993c-039ae575e861,4bfafc0c-e46c-4d21-9677-9285d53efd25,click,2026-01-11 18:17:18.750855+00:00,,web-safari,"{'country': 'SA', 'city': 'Riyadh', 'language': 'ar', 'user_type': 'registered', 'is_subscribed': True, 'trial_user': False, 'autoplay': False, 'is_background_play': False}",newsletter,234,,
4816,78600362-d470-46ad-993c-039ae575e861,d5355d13-565d-4da9-b1ab-be39f6b75a00,finish,2026-01-11 18:05:18.750864+00:00,73307.0,ios,"{'country': 'SA', 'city': 'Riyadh', 'language': 'ar', 'user_type': 'registered', 'is_subscribed': True, 'trial_user': False, 'autoplay': False, 'is_background_play': True}",newsletter,234,73.307,0.31
4817,78600362-d470-46ad-993c-039ae575e861,f8ed9634-ea53-46cb-bc71-6560ea50c624,pause,2026-01-11 18:13:18.750873+00:00,112594.0,web-safari,"{'country': 'SA', 'city': 'Riyadh', 'language': 'ar', 'user_type': 'registered', 'is_subscribed': True, 'trial_user': False, 'autoplay': False, 'is_background_play': False}",newsletter,234,112.594,0.48
4818,78600362-d470-46ad-993c-039ae575e861,04da9967-0d3e-4666-b91d-f3aaf0df2b60,click,2026-01-11 18:45:18.750882+00:00,,web-chrome,"{'country': 'SA', 'city': 'Riyadh', 'language': 'ar', 'user_type': 'registered', 'is_subscribed': True, 'trial_user': False, 'autoplay': False, 'is_background_play': False}",newsletter,234,,
4819,78600362-d470-46ad-993c-039ae575e861,23119bd7-59e4-48aa-89e4-7e6f0b54ef40,pause,2026-01-11 17:55:18.750891+00:00,154994.0,web-safari,"{'country': 'SA', 'city': 'Riyadh', 'language': 'ar', 'user_type': 'registered', 'is_subscribed': True, 'trial_user': False, 'autoplay': False, 'is_background_play': False}",newsletter,234,154.994,0.66
4820,78600362-d470-46ad-993c-039ae575e861,1ab8db7b-5d44-42c9-b1ba-4a813a5e3fa4,pause,2026-01-11 18:03:18.750901+00:00,7915.0,android,"{'country': 'SA', 'city': 'Riyadh', 'language': 'ar', 'user_type': 'registered', 'is_subscribed': True, 'trial_user': False, 'autoplay': False, 'is_background_play': True}",newsletter,234,7.915,0.03
4821,78600362-d470-46ad-993c-039ae575e861,043c7b08-1c73-4943-966a-06cabb17dbc2,click,2026-01-11 17:57:18.750910+00:00,,ios,"{'country': 'SA', 'city': 'Riyadh', 'language': 'ar', 'user_type': 'registered', 'is_subscribed': True, 'trial_user': False, 'autoplay': False, 'is_background_play': False}",newsletter,234,,
4822,78600362-d470-46ad-993c-039ae575e861,52c07a23-8305-41c6-8cac-d9f0debbc315,play,2026-01-11 18:31:18.750919+00:00,145429.0,android,"{'country': 'SA', 'city': 'Riyadh', 'language': 'ar', 'user_type': 'registered', 'is_subscribed': True, 'trial_user': False, 'autoplay': False, 'is_background_play': False}",newsletter,234,145.429,0.62
4823,78600362-d470-46ad-993c-039ae575e861,ed5bc6e6-157f-4fb6-85cb-b91520fa0e38,pause,2026-01-11 18:28:18.750928+00:00,3577.0,android,"{'country': 'SA', 'city': 'Riyadh', 'language': 'ar', 'user_type': 'registered', 'is_subscribed': True, 'trial_user': False, 'autoplay': False, 'is_background_play': True}",newsletter,234,3.577,0.02
4824,78600362-d470-46ad-993c-039ae575e861,b7d7d3a3-cb4b-4dcd-ac9c-8f447d7923d0,click,2026-01-11 17:57:18.750937+00:00,,web-chrome,"{'country': 'SA', 'city': 'Riyadh', 'language': 'ar', 'user_type': 'registered', 'is_subscribed': True, 'trial_user': False, 'autoplay': False, 'is_background_play': False}",newsletter,234,,
4825,78600362-d470-46ad-993c-039ae575e861,47f35ecd-7886-4871-b77f-c18769faccf9,play,2026-01-11 18:39:18.750946+00:00,147386.0,android,"{'country': 'SA', 'city': 'Riyadh', 'language': 'ar', 'user_type': 'registered', 'is_subscribed': True, 'trial_user': False, 'autoplay': False, 'is_background_play': False}",newsletter,234,147.386,0.63
4826,78600362-d470-46ad-993c-039ae575e861,a1c6aaed-1241-438c-b797-0e5d27c63de0,play,2026-01-11 18:43:18.750955+00:00,122055.0,android,"{'country': 'SA', 'city': 'Riyadh', 'language': 'ar', 'user_type': 'registered', 'is_subscribed': True, 'trial_user': False, 'autoplay': False, 'is_background_play': False}",newsletter,234,122.055,0.52
4827,78600362-d470-46ad-993c-039ae575e861,81cf7d96-071b-44d1-85f3-5d2c4e6ba07d,pause,2026-01-11 18:39:18.751052+00:00,224587.0,web-chrome,"{'country': 'SA', 'city': 'Riyadh', 'language': 'ar', 'user_type': 'registered', 'is_subscribed': True, 'trial_user': False, 'autoplay': False, 'is_background_play': True}",newsletter,234,224.587,0.96
4828,78600362-d470-46ad-993c-039ae575e861,33677b1e-9485-4852-93b5-a780ee7d36fd,pause,2026-01-11 18:54:18.751064+00:00,29014.0,android,"{'country': 'SA', 'city': 'Riyadh', 'language': 'ar', 'user_type': 'registered', 'is_subscribed': True, 'trial_user': False, 'autoplay': False, 'is_background_play': False}",newsletter,234,29.014,0.12
4829,78600362-d470-46ad-993c-039ae575e861,6a159db9-375d-44ec-8c45-6165fd7a4706,pause,2026-01-11 18:12:18.751074+00:00,128367.0,android,"{'country': 'SA', 'city': 'Riyadh', 'language': 'ar', 'user_type': 'registered', 'is_subscribed': True, 'trial_user': False, 'autoplay': False, 'is_background_play': False}",newsletter,234,128.367,0.55
4830,78600362-d470-46ad-993c-039ae575e861,43cdd9a4-6cf8-445b-87a7-f3f0da1be501,pause,2026-01-11 18:48:18.751083+00:00,173578.0,web-safari,"{'country': 'SA', 'city': 'Riyadh', 'language': 'ar', 'user_type': 'registered', 'is_subscribed': True, 'trial_user': False, 'autoplay': False, 'is_background_play': True}",newsletter,234,173.578,0.74
4831,78600362-d470-46ad-993c-039ae575e861,31175ac0-bdd7-40af-8473-9c45e0eb12a1,click,2026-01-11 18:22:18.751092+00:00,,android,"{'country': 'SA', 'city': 'Riyadh', 'language': 'ar', 'user_type': 'registered', 'is_subscribed': True, 'trial_user': False, 'autoplay': False, 'is_background_play': True}",newsletter,234,,
4832,78600362-d470-46ad-993c-039ae575e861,249da285-49b2-4d7b-b354-08e451c409c4,pause,2026-01-11 17:56:18.751101+00:00,38823.0,android,"{'country': 'SA', 'city': 'Riyadh', 'language': 'ar', 'user_type': 'registered', 'is_subscribed': True, 'trial_user': False, 'autoplay': False, 'is_background_play': True}",newsletter,234,38.823,0.17
4833,78600362-d470-46ad-993c-039ae575e861,67fa6609-b75c-40fe-a114-f891ad0dd9cf,finish,2026-01-11 18:08:18.751110+00:00,,web-chrome,"{'country': 'SA', 'city': 'Riyadh', 'language': 'ar', 'user_type': 'registered', 'is_subscribed': True, 'trial_user': False, 'autoplay': False, 'is_background_play': False}",newsletter,234,,
4834,78600362-d470-46ad-993c-039ae575e861,8ec8127c-5561-493e-bad5-2a94ca0f9fa0,click,2026-01-11 17:57:18.751119+00:00,,ios,"{'country': 'SA', 'city': 'Riyadh', 'language': 'ar', 'user_type': 'registered', 'is_subscribed': True, 'trial_user': False, 'autoplay': False, 'is_background_play': False}",newsletter,234,,
4835,78600362-d470-46ad-993c-039ae575e861,5e378832-5f4c-439c-9453-a128b310331f,finish,2026-01-11 18:50:18.751128+00:00,12423.0,android,"{'country': 'SA', 'city': 'Riyadh', 'language': 'ar', 'user_type': 'registered', 'is_subscribed': True, 'trial_user': False, 'autoplay': False, 'is_background_play': True}",newsletter,234,12.423,0.05
4836,78600362-d470-46ad-993c-039ae575e861,26f983e0-ffd1-4c06-978d-f99ba070e467,click,2026-01-11 18:32:18.751137+00:00,,web-chrome,"{'country': 'SA', 'city': 'Riyadh', 'language': 'ar', 'user_type': 'registered', 'is_subscribed': True, 'trial_user': False, 'autoplay': False, 'is_background_play': False}",newsletter,234,,
4837,78600362-d470-46ad-993c-039ae575e861,e5d57cc7-5362-41cb-bfa8-1a0f0585a4f7,click,2026-01-11 18:22:18.751146+00:00,,android,"{'country': 'SA', 'city': 'Riyadh', 'language': 'ar', 'user_type': 'registered', 'is_subscribed': True, 'trial_user': False, 'autoplay': False, 'is_background_play': False}",newsletter,234,,
4838,78600362-d470-46ad-993c-039ae575e861,6f2fa307-2d51-43d2-a63c-2a1e01140f8e,click,2026-01-11 18:18:18.751155+00:00,,web-chrome,"{'country': 'SA', 'city': 'Riyadh', 'language': 'ar', 'user_type': 'registered', 'is_subscribed': True, 'trial_user': False, 'autoplay': False, 'is_background_play': False}",newsletter,234,,
4839,78600362-d470-46ad-993c-039ae575e861,13fe16e0-c34d-41d5-9dec-95cd9e5c3c8d,click,2026-01-11 18:18:18.751164+00:00,,ios,"{'country': 'SA', 'city': 'Riyadh', 'language': 'ar', 'user_type': 'registered', 'is_subscribed': True, 'trial_user': False, 'autoplay': False, 'is_background_play': False}",newsletter,234,,
4840,78600362-d470-46ad-993c-039ae575e861,cae04cd8-1f3b-45f7-8198-3203cc2487c6,pause,2026-01-11 18:37:18.751172+00:00,69437.0,web-safari,"{'country': 'SA', 'city': 'Riyadh', 'language': 'ar', 'user_type': 'registered', 'is_subscribed': True, 'trial_user': False, 'autoplay': False, 'is_background_play': True}",newsletter,234,69.437,0.3
4841,c2985d2f-489f-41ca-aa3a-886ffa1b6322,8e1ea5a6-43fc-4dc8-b4d9-9c6499ca458e,pause,2026-01-11 18:46:18.751182+00:00,,web-chrome,"{'country': 'SA', 'city': 'Riyadh', 'language': 'ar', 'user_type': 'registered', 'is_subscribed': True, 'trial_user': False, 'autoplay': False, 'is_background_play': True}",podcast,2300,,
4842,c2985d2f-489f-41ca-aa3a-886ffa1b6322,fc6c966f-6975-48dc-b625-ac2270478d45,click,2026-01-11 18:42:18.751191+00:00,,android,"{'country': 'SA', 'city': 'Riyadh', 'language': 'ar', 'user_type': 'registered', 'is_subscribed': True, 'trial_user': False, 'autoplay': False, 'is_background_play': False}",podcast,2300,,
4843,c2985d2f-489f-41ca-aa3a-886ffa1b6322,561fd6ac-7441-4766-81e6-5b2afebadc1b,play,2026-01-11 18:16:18.751200+00:00,1611510.0,ios,"{'country': 'SA', 'city': 'Riyadh', 'language': 'ar', 'user_type': 'registered', 'is_subscribed': True, 'trial_user': False, 'autoplay': False, 'is_background_play': True}",podcast,2300,1611.51,0.7
4844,c2985d2f-489f-41ca-aa3a-886ffa1b6322,23576ae7-2a96-40b3-bbb3-10a9db7c3c7b,finish,2026-01-11 18:53:18.751210+00:00,,web-safari,"{'country': 'SA', 'city': 'Riyadh', 'language': 'ar', 'user_type': 'registered', 'is_subscribed': True, 'trial_user': False, 'autoplay': False, 'is_background_play': True}",podcast,2300,,
4845,c2985d2f-489f-41ca-aa3a-886ffa1b6322,ec4aecf2-d68f-4ead-87aa-dd622d0051e0,pause,2026-01-11 18:26:18.751219+00:00,737664.0,web-safari,"{'country': 'SA', 'city': 'Riyadh', 'language': 'ar', 'user_type': 'registered', 'is_subscribed': True, 'trial_user': False, 'autoplay': False, 'is_background_play': True}",podcast,2300,737.664,0.32
4846,c2985d2f-489f-41ca-aa3a-886ffa1b6322,aec414a3-ae82-45eb-bca3-e59d03756814,play,2026-01-11 18:10:18.751228+00:00,,ios,"{'country': 'SA', 'city': 'Riyadh', 'language': 'ar', 'user_type': 'registered', 'is_subscribed': True, 'trial_user': False, 'autoplay': False, 'is_background_play': False}",podcast,2300,,
4847,c2985d2f-489f-41ca-aa3a-886ffa1b6322,6224f2fb-4374-4b0a-874c-5ad9f8c43774,finish,2026-01-11 18:50:18.751237+00:00,1211695.0,android,"{'country': 'SA', 'city': 'Riyadh', 'language': 'ar', 'user_type': 'registered', 'is_subscribed': True, 'trial_user': False, 'autoplay': False, 'is_background_play': False}",podcast,2300,1211.695,0.53
4848,c2985d2f-489f-41ca-aa3a-886ffa1b6322,c669046e-c4dd-4fa0-8d40-c11094425db5,finish,2026-01-11 18:18:18.751246+00:00,148367.0,android,"{'country': 'SA', 'city': 'Riyadh', 'language': 'ar', 'user_type': 'registered', 'is_subscribed': True, 'trial_user': False, 'autoplay': False, 'is_background_play': False}",podcast,2300,148.367,0.06
4849,c2985d2f-489f-41ca-aa3a-886ffa1b6322,068e2fa8-1f9b-456a-acee-78a310c51ab6,click,2026-01-11 18:08:18.751255+00:00,,web-safari,"{'country': 'SA', 'city': 'Riyadh', 'language': 'ar', 'user_type': 'registered', 'is_subscribed': True, 'trial_user': False, 'autoplay': False, 'is_background_play': True}",podcast,2300,,
4850,c2985d2f-489f-41ca-aa3a-886ffa1b6322,79cdf34d-38c3-499d-992d-6b249922e63d,pause,2026-01-11 18:16:18.751264+00:00,1592834.0,web-chrome,"{'country': 'SA', 'city': 'Riyadh', 'language': 'ar', 'user_type': 'registered', 'is_subscribed': True, 'trial_user': False, 'autoplay': False, 'is_background_play': True}",podcast,2300,1592.834,0.69
4851,c2985d2f-489f-41ca-aa3a-886ffa1b6322,8ea282d8-cccf-4d09-9f18-1d4c786f72b5,pause,2026-01-11 18:55:18.751273+00:00,558218.0,web-chrome,"{'country': 'SA', 'city': 'Riyadh', 'language': 'ar', 'user_type': 'registered', 'is_subscribed': True, 'trial_user': False, 'autoplay': False, 'is_background_play': True}",podcast,2300,558.218,0.24
4852,c2985d2f-489f-41ca-aa3a-886ffa1b6322,40121cd5-a7be-4529-af97-a9e6c2b710cc,play,2026-01-11 18:06:18.751293+00:00,1010433.0,web-chrome,"{'country': 'SA', 'city': 'Riyadh', 'language': 'ar', 'user_type': 'registered', 'is_subscribed': True, 'trial_user': False, 'autoplay': False, 'is_background_play': False}",podcast,2300,1010.433,0.44
4853,c2985d2f-489f-41ca-aa3a-886ffa1b6322,6a05a4f6-e204-424a-b3f8-720a24b70d2e,pause,2026-01-11 17:56:18.751304+00:00,1686490.0,web-safari,"{'country': 'SA', 'city': 'Riyadh', 'language': 'ar', 'user_type': 'registered', 'is_subscribed': True, 'trial_user': False, 'autoplay': False, 'is_background_play': False}",podcast,2300,1686.49,0.73
4854,c2985d2f-489f-41ca-aa3a-886ffa1b6322,299b7ac5-3d34-418d-9b45-8dcf27fdb2f6,pause,2026-01-11 18:03:18.751313+00:00,1064193.0,web-safari,"{'country': 'SA', 'city': 'Riyadh', 'language': 'ar', 'user_type': 'registered', 'is_subscribed': True, 'trial_user': False, 'autoplay': False, 'is_background_play': False}",podcast,2300,1064.193,0.46
4855,c2985d2f-489f-41ca-aa3a-886ffa1b6322,b0f89ab3-1772-4fd2-8be2-d636bda2cf7d,pause,2026-01-11 18:35:18.751323+00:00,,android,"{'country': 'SA', 'city': 'Riyadh', 'language': 'ar', 'user_type': 'registered', 'is_subscribed': True, 'trial_user': False, 'autoplay': False, 'is_background_play': False}",podcast,2300,,
4856,c2985d2f-489f-41ca-aa3a-886ffa1b6322,e4c1d39d-f90a-4e94-9187-60b99dfb6f68,finish,2026-01-11 18:46:18.751332+00:00,1659553.0,web-chrome,"{'country': 'SA', 'city': 'Riyadh', 'language': 'ar', 'user_type': 'registered', 'is_subscribed': True, 'trial_user': False, 'autoplay': False, 'is_background_play': True}",podcast,2300,1659.553,0.72
4857,c2985d2f-489f-41ca-aa3a-886ffa1b6322,69bc722b-6214-4687-8684-6e91340e7fe4,play,2026-01-11 18:41:18.751341+00:00,636048.0,web-chrome,"{'country': 'SA', 'city': 'Riyadh', 'language': 'ar', 'user_type': 'registered', 'is_subscribed': True, 'trial_user': False, 'autoplay': False, 'is_background_play': False}",podcast,2300,636.048,0.28
4858,c2985d2f-489f-41ca-aa3a-886ffa1b6322,a36c9666-9034-424f-861c-2f2847dcb632,click,2026-01-11 17:59:18.751350+00:00,,android,"{'country': 'SA', 'city': 'Riyadh', 'language': 'ar', 'user_type': 'registered', 'is_subscribed': True, 'trial_user': False, 'autoplay': False, 'is_background_play': True}",podcast,2300,,
4859,c2985d2f-489f-41ca-aa3a-886ffa1b6322,df03ed68-31f8-47ef-a59c-7d49697e3916,click,2026-01-11 18:19:18.751359+00:00,,android,"{'country': 'SA', 'city': 'Riyadh', 'language': 'ar', 'user_type': 'registered', 'is_subscribed': True, 'trial_user': False, 'autoplay': False, 'is_background_play': False}",podcast,2300,,
4860,c2985d2f-489f-41ca-aa3a-886ffa1b6322,7ad67c31-73f8-4b4e-b726-288dd4e58dec,pause,2026-01-11 18:27:18.751368+00:00,1721704.0,web-safari,"{'country': 'SA', 'city': 'Riyadh', 'language': 'ar', 'user_type': 'registered', 'is_subscribed': True, 'trial_user': False, 'autoplay': False, 'is_background_play': True}",podcast,2300,1721.704,0.75
4861,c2985d2f-489f-41ca-aa3a-886ffa1b6322,61b54481-140c-4a34-a822-40f0f8015b77,play,2026-01-11 18:48:18.751377+00:00,412346.0,web-chrome,"{'country': 'SA', 'city': 'Riyadh', 'language': 'ar', 'user_type': 'registered', 'is_subscribed': True, 'trial_user': False, 'autoplay': False, 'is_background_play': True}",podcast,2300,412.346,0.18
4862,c2985d2f-489f-41ca-aa3a-886ffa1b6322,b1743573-8625-4c89-9ca9-77b156ed4400,finish,2026-01-11 18:04:18.751386+00:00,,web-safari,"{'country': 'SA', 'city': 'Riyadh', 'language': 'ar', 'user_type': 'registered', 'is_subscribed': True, 'trial_user': False, 'autoplay': False, 'is_background_play': False}",podcast,2300,,
4863,c2985d2f-489f-41ca-aa3a-886ffa1b6322,98e54bb3-bc66-451a-930b-c0e8316f6f00,click,2026-01-11 18:18:18.751395+00:00,,ios,"{'country': 'SA', 'city': 'Riyadh', 'language': 'ar', 'user_type': 'registered', 'is_subscribed': True, 'trial_user': False, 'autoplay': False, 'is_background_play': True}",podcast,2300,,
4864,c2985d2f-489f-41ca-aa3a-886ffa1b6322,a85e5693-8066-4d5f-8218-a7bb5ce4e146,play,2026-01-11 18:19:18.751404+00:00,474695.0,android,"{'country': 'SA', 'city': 'Riyadh', 'language': 'ar', 'user_type': 'registered', 'is_subscribed': True, 'trial_user': False, 'autoplay': False, 'is_background_play': False}",podcast,2300,474.695,0.21
4865,c2985d2f-489f-41ca-aa3a-886ffa1b6322,19f3c4b6-cc10-437b-af6d-98ab77f2ca09,pause,2026-01-11 18:14:18.751413+00:00,798254.0,web-safari,"{'country': 'SA', 'city': 'Riyadh', 'language': 'ar', 'user_type': 'registered', 'is_subscribed': True, 'trial_user': False, 'autoplay': False, 'is_background_play': True}",podcast,2300,798.254,0.35
4866,c2985d2f-489f-41ca-aa3a-886ffa1b6322,fb2810c2-6eb5-4f86-831a-c5237453a994,click,2026-01-11 18:36:18.751422+00:00,,android,"{'country': 'SA', 'city': 'Riyadh', 'language': 'ar', 'user_type': 'registered', 'is_subscribed': True, 'trial_user': False, 'autoplay': False, 'is_background_play': True}",podcast,2300,,
4867,c2985d2f-489f-41ca-aa3a-886ffa1b6322,b51855fd-4976-4b61-8340-2d2597f6caef,click,2026-01-11 18:08:18.751431+00:00,,ios,"{'country': 'SA', 'city': 'Riyadh', 'language': 'ar', 'user_type': 'registered', 'is_subscribed': True, 'trial_user': False, 'autoplay': False, 'is_background_play': True}",podcast,2300,,
4868,c2985d2f-489f-41ca-aa3a-886ffa1b6322,d3371cc6-c064-41a8-b49a-0ab593232571,pause,2026-01-11 18:19:18.751440+00:00,110188.0,ios,"{'country': 'SA', 'city': 'Riyadh', 'language': 'ar', 'user_type': 'registered', 'is_subscribed': True, 'trial_user': False, 'autoplay': False, 'is_background_play': False}",podcast,2300,110.188,0.05
4869,c2985d2f-489f-41ca-aa3a-886ffa1b6322,2a8bf37d-ad04-4118-bf7f-c9752e3a005a,play,2026-01-11 18:30:18.751449+00:00,,android,"{'country': 'SA', 'city': 'Riyadh', 'language': 'ar', 'user_type': 'registered', 'is_subscribed': True, 'trial_user': False, 'autoplay': False, 'is_background_play': True}",podcast,2300,,
4870,c2985d2f-489f-41ca-aa3a-886ffa1b6322,088d0a75-d561-4568-8d10-6835e9ba0e23,play,2026-01-11 18:18:18.751457+00:00,2028805.0,web-chrome,"{'country': 'SA', 'city': 'Riyadh', 'language': 'ar', 'user_type': 'registered', 'is_subscribed': True, 'trial_user': False, 'autoplay': False, 'is_background_play': True}",podcast,2300,2028.805,0.88
4871,c2985d2f-489f-41ca-aa3a-886ffa1b6322,a5e7d02b-7872-4cad-893a-8c5d46e37c49,click,2026-01-11 18:32:18.751467+00:00,,android,"{'country': 'SA', 'city': 'Riyadh', 'language': 'ar', 'user_type': 'registered', 'is_subscribed': True, 'trial_user': False, 'autoplay': False, 'is_background_play': True}",podcast,2300,,
4872,c2985d2f-489f-41ca-aa3a-886ffa1b6322,6d90674f-be5d-45cb-aa4f-ae1950880fd4,finish,2026-01-11 18:53:18.751475+00:00,1550386.0,web-chrome,"{'country': 'SA', 'city': 'Riyadh', 'language': 'ar', 'user_type': 'registered', 'is_subscribed': True, 'trial_user': False, 'autoplay': False, 'is_background_play': False}",podcast,2300,1550.386,0.67
4873,c2985d2f-489f-41ca-aa3a-886ffa1b6322,27bd9e12-ce21-4dd3-9540-2fe864010081,play,2026-01-11 18:41:18.751485+00:00,596617.0,web-safari,"{'country': 'SA', 'city': 'Riyadh', 'language': 'ar', 'user_type': 'registered', 'is_subscribed': True, 'trial_user': False, 'autoplay': False, 'is_background_play': False}",podcast,2300,596.617,0.26
4874,c2985d2f-489f-41ca-aa3a-886ffa1b6322,68bc6332-523e-4b20-8d73-cd5af50e7446,pause,2026-01-11 18:32:18.751494+00:00,285409.0,web-chrome,"{'country': 'SA', 'city': 'Riyadh', 'language': 'ar', 'user_type': 'registered', 'is_subscribed': True, 'trial_user': False, 'autoplay': False, 'is_background_play': True}",podcast,2300,285.409,0.12
4875,c2985d2f-489f-41ca-aa3a-886ffa1b6322,9a0ebf69-aada-42ab-9ebb-57311de7d637,pause,2026-01-11 18:48:18.751503+00:00,443070.0,web-safari,"{'country': 'SA', 'city': 'Riyadh', 'language': 'ar', 'user_type': 'registered', 'is_subscribed': True, 'trial_user': False, 'autoplay': False, 'is_background_play': False}",podcast,2300,443.07,0.19
4876,c2985d2f-489f-41ca-aa3a-886ffa1b6322,06ae250e-1ec8-403f-83d4-86cea19684c3,finish,2026-01-11 18:43:18.751512+00:00,1120880.0,web-chrome,"{'country': 'SA', 'city': 'Riyadh', 'language': 'ar', 'user_type': 'registered', 'is_subscribed': True, 'trial_user': False, 'autoplay': False, 'is_background_play': False}",podcast,2300,1120.88,0.49
4877,c2985d2f-489f-41ca-aa3a-886ffa1b6322,920ddf9d-b0ef-4811-9040-f0d9cfec48c7,play,2026-01-11 18:29:18.751530+00:00,313683.0,ios,"{'country': 'SA', 'city': 'Riyadh', 'language': 'ar', 'user_type': 'registered', 'is_subscribed': True, 'trial_user': False, 'autoplay': False, 'is_background_play': True}",podcast,2300,313.683,0.14
4878,c2985d2f-489f-41ca-aa3a-886ffa1b6322,782c3b10-e764-47c1-8f6c-9851929233d1,play,2026-01-11 18:23:18.751541+00:00,624875.0,ios,"{'country': 'SA', 'city': 'Riyadh', 'language': 'ar', 'user_type': 'registered', 'is_subscribed': True, 'trial_user': False, 'autoplay': False, 'is_background_play': True}",podcast,2300,624.875,0.27
4879,c2985d2f-489f-41ca-aa3a-886ffa1b6322,0d7b6fbc-049f-41d6-87bd-3a8fd6a08bcb,click,2026-01-11 18:23:18.751551+00:00,,web-safari,"{'country': 'SA', 'city': 'Riyadh', 'language': 'ar', 'user_type': 'registered', 'is_subscribed': True, 'trial_user': False, 'autoplay': False, 'is_background_play': False}",podcast,2300,,
4880,c2985d2f-489f-41ca-aa3a-886ffa1b6322,32ca925f-74a7-469e-ac0d-3cf4baee50f5,click,2026-01-11 18:38:18.751560+00:00,,ios,"{'country': 'SA', 'city': 'Riyadh', 'language': 'ar', 'user_type': 'registered', 'is_subscribed': True, 'trial_user': False, 'autoplay': False, 'is_background_play': False}",podcast,2300,,
4881,46059469-dff0-461f-b1c4-4f9b8fdef2ea,a80bf80d-61b7-471e-9224-87b50bec9c6e,finish,2026-01-11 18:35:18.751569+00:00,483671.0,web-chrome,"{'country': 'SA', 'city': 'Riyadh', 'language': 'ar', 'user_type': 'registered', 'is_subscribed': True, 'trial_user': False, 'autoplay': False, 'is_background_play': True}",video,1022,483.671,0.47
4882,46059469-dff0-461f-b1c4-4f9b8fdef2ea,edd7daec-df87-47d0-80c0-a3cf118c4341,finish,2026-01-11 18:17:18.751578+00:00,402448.0,android,"{'country': 'SA', 'city': 'Riyadh', 'language': 'ar', 'user_type': 'registered', 'is_subscribed': True, 'trial_user': False, 'autoplay': False, 'is_background_play': True}",video,1022,402.448,0.39
4883,46059469-dff0-461f-b1c4-4f9b8fdef2ea,556e8f88-c96b-49ab-977a-4182e92be996,pause,2026-01-11 18:53:18.751587+00:00,269636.0,web-safari,"{'country': 'SA', 'city': 'Riyadh', 'language': 'ar', 'user_type': 'registered', 'is_subscribed': True, 'trial_user': False, 'autoplay': False, 'is_background_play': True}",video,1022,269.636,0.26
4884,46059469-dff0-461f-b1c4-4f9b8fdef2ea,dfdd5685-c57f-4d28-99d9-b7614838f0a2,pause,2026-01-11 18:02:18.751597+00:00,,web-chrome,"{'country': 'SA', 'city': 'Riyadh', 'language': 'ar', 'user_type': 'registered', 'is_subscribed': True, 'trial_user': False, 'autoplay': False, 'is_background_play': True}",video,1022,,
4885,46059469-dff0-461f-b1c4-4f9b8fdef2ea,256c0127-b89b-40ff-bb20-3e5791e26cf8,click,2026-01-11 18:44:18.751605+00:00,,ios,"{'country': 'SA', 'city': 'Riyadh', 'language': 'ar', 'user_type': 'registered', 'is_subscribed': True, 'trial_user': False, 'autoplay': False, 'is_background_play': False}",video,1022,,
4886,46059469-dff0-461f-b1c4-4f9b8fdef2ea,f0ba2e3a-c17f-4643-b4d3-dc7e701b7c0f,finish,2026-01-11 18:16:18.751614+00:00,882745.0,ios,"{'country': 'SA', 'city': 'Riyadh', 'language': 'ar', 'user_type': 'registered', 'is_subscribed': True, 'trial_user': False, 'autoplay': False, 'is_background_play': False}",video,1022,882.745,0.86
4887,46059469-dff0-461f-b1c4-4f9b8fdef2ea,9139839e-201f-49c3-8e19-68a8a357fad2,finish,2026-01-11 18:33:18.751623+00:00,842389.0,web-chrome,"{'country': 'SA', 'city': 'Riyadh', 'language': 'ar', 'user_type': 'registered', 'is_subscribed': True, 'trial_user': False, 'autoplay': False, 'is_background_play': True}",video,1022,842.389,0.82
4888,46059469-dff0-461f-b1c4-4f9b8fdef2ea,162c6186-6c9f-42bf-b47d-d9c3abab40d4,play,2026-01-11 18:07:18.751632+00:00,447975.0,android,"{'country': 'SA', 'city': 'Riyadh', 'language': 'ar', 'user_type': 'registered', 'is_subscribed': True, 'trial_user': False, 'autoplay': False, 'is_background_play': True}",video,1022,447.975,0.44
4889,46059469-dff0-461f-b1c4-4f9b8fdef2ea,daa32969-c482-44e0-8e77-26d96daa7671,pause,2026-01-11 18:11:18.751642+00:00,,web-safari,"{'country': 'SA', 'city': 'Riyadh', 'language': 'ar', 'user_type': 'registered', 'is_subscribed': True, 'trial_user': False, 'autoplay': False, 'is_background_play': True}",video,1022,,
4890,46059469-dff0-461f-b1c4-4f9b8fdef2ea,06bf0184-e36c-40ac-9388-e0cbf0fea16f,pause,2026-01-11 18:29:18.751650+00:00,149410.0,web-chrome,"{'country': 'SA', 'city': 'Riyadh', 'language': 'ar', 'user_type': 'registered', 'is_subscribed': True, 'trial_user': False, 'autoplay': False, 'is_background_play': True}",video,1022,149.41,0.15
4891,46059469-dff0-461f-b1c4-4f9b8fdef2ea,3f825ede-4a19-469e-951e-387e99dc61df,pause,2026-01-11 18:18:18.751660+00:00,,web-safari,"{'country': 'SA', 'city': 'Riyadh', 'language': 'ar', 'user_type': 'registered', 'is_subscribed': True, 'trial_user': False, 'autoplay': False, 'is_background_play': True}",video,1022,,
4892,46059469-dff0-461f-b1c4-4f9b8fdef2ea,b0605014-1f8f-4b20-9b7e-bfa6a9f8d213,finish,2026-01-11 18:16:18.751669+00:00,717434.0,ios,"{'country': 'SA', 'city': 'Riyadh', 'language': 'ar', 'user_type': 'registered', 'is_subscribed': True, 'trial_user': False, 'autoplay': False, 'is_background_play': True}",video,1022,717.434,0.7
4893,46059469-dff0-461f-b1c4-4f9b8fdef2ea,d1da991e-1ef4-4ace-bcce-e1ae759615d0,play,2026-01-11 18:03:18.751678+00:00,11888.0,web-safari,"{'country': 'SA', 'city': 'Riyadh', 'language': 'ar', 'user_type': 'registered', 'is_subscribed': True, 'trial_user': False, 'autoplay': False, 'is_background_play': False}",video,1022,11.888,0.01
4894,46059469-dff0-461f-b1c4-4f9b8fdef2ea,c1523bf8-a75d-4ce8-91cb-96b4b8ed197f,play,2026-01-11 18:08:18.751687+00:00,347998.0,web-chrome,"{'country': 'SA', 'city': 'Riyadh', 'language': 'ar', 'user_type': 'registered', 'is_subscribed': True, 'trial_user': False, 'autoplay': False, 'is_background_play': False}",video,1022,347.998,0.34
4895,46059469-dff0-461f-b1c4-4f9b8fdef2ea,b340cdf7-3339-4c24-82d2-514a6faaa55d,pause,2026-01-11 18:43:18.751697+00:00,810058.0,web-safari,"{'country': 'SA', 'city': 'Riyadh', 'language': 'ar', 'user_type': 'registered', 'is_subscribed': True, 'trial_user': False, 'autoplay': False, 'is_background_play': False}",video,1022,810.058,0.79
4896,46059469-dff0-461f-b1c4-4f9b8fdef2ea,125b5284-7d9c-4594-a248-d2b99db7f308,finish,2026-01-11 18:54:18.751706+00:00,410267.0,web-safari,"{'country': 'SA', 'city': 'Riyadh', 'language': 'ar', 'user_type': 'registered', 'is_subscribed': True, 'trial_user': False, 'autoplay': False, 'is_background_play': True}",video,1022,410.267,0.4
4897,46059469-dff0-461f-b1c4-4f9b8fdef2ea,37148f8b-0dcb-452b-b63c-e0832bc45440,finish,2026-01-11 18:15:18.751715+00:00,819596.0,ios,"{'country': 'SA', 'city': 'Riyadh', 'language': 'ar', 'user_type': 'registered', 'is_subscribed': True, 'trial_user': False, 'autoplay': False, 'is_background_play': False}",video,1022,819.596,0.8
4898,46059469-dff0-461f-b1c4-4f9b8fdef2ea,c43213a9-ccf5-4b24-bb07-4d2faa253776,click,2026-01-11 18:38:18.751725+00:00,,web-chrome,"{'country': 'SA', 'city': 'Riyadh', 'language': 'ar', 'user_type': 'registered', 'is_subscribed': True, 'trial_user': False, 'autoplay': False, 'is_background_play': False}",video,1022,,
4899,46059469-dff0-461f-b1c4-4f9b8fdef2ea,335fc70c-d9f9-4e32-a6f5-69aeb466eb81,play,2026-01-11 18:24:18.751734+00:00,233500.0,web-chrome,"{'country': 'SA', 'city': 'Riyadh', 'language': 'ar', 'user_type': 'registered', 'is_subscribed': True, 'trial_user': False, 'autoplay': False, 'is_background_play': True}",video,1022,233.5,0.23
4900,46059469-dff0-461f-b1c4-4f9b8fdef2ea,6ffe949b-92f6-4305-9327-51e71eb74453,pause,2026-01-11 18:28:18.751743+00:00,437385.0,web-chrome,"{'country': 'SA', 'city': 'Riyadh', 'language': 'ar', 'user_type': 'registered', 'is_subscribed': True, 'trial_user': False, 'autoplay': False, 'is_background_play': True}",video,1022,437.385,0.43
4901,46059469-dff0-461f-b1c4-4f9b8fdef2ea,c2f8a223-b974-48bf-aeb2-21fd41d47e7c,finish,2026-01-11 18:46:18.751752+00:00,388864.0,web-chrome,"{'country': 'SA', 'city': 'Riyadh', 'language': 'ar', 'user_type': 'registered', 'is_subscribed': True, 'trial_user': False, 'autoplay': False, 'is_background_play': True}",video,1022,388.864,0.38
4902,46059469-dff0-461f-b1c4-4f9b8fdef2ea,f79dac26-5344-4643-b3aa-7e45871e1d52,pause,2026-01-11 18:46:18.751770+00:00,908161.0,web-safari,"{'country': 'SA', 'city': 'Riyadh', 'language': 'ar', 'user_type': 'registered', 'is_subscribed': True, 'trial_user': False, 'autoplay': False, 'is_background_play': False}",video,1022,908.161,0.89
4903,46059469-dff0-461f-b1c4-4f9b8fdef2ea,3a7cb38b-3d0f-4ace-8bbe-540d43dcf3ef,finish,2026-01-11 18:54:18.751780+00:00,417823.0,web-chrome,"{'country': 'SA', 'city': 'Riyadh', 'language': 'ar', 'user_type': 'registered', 'is_subscribed': True, 'trial_user': False, 'autoplay': False, 'is_background_play': False}",video,1022,417.823,0.41
4904,46059469-dff0-461f-b1c4-4f9b8fdef2ea,8c924cef-6775-419d-8245-78abde7d4216,pause,2026-01-11 18:11:18.751790+00:00,,web-safari,"{'country': 'SA', 'city': 'Riyadh', 'language': 'ar', 'user_type': 'registered', 'is_subscribed': True, 'trial_user': False, 'autoplay': False, 'is_background_play': False}",video,1022,,
4905,46059469-dff0-461f-b1c4-4f9b8fdef2ea,364eebc5-5556-4018-a669-a3adb34b106c,play,2026-01-11 18:54:18.751799+00:00,8156.0,android,"{'country': 'SA', 'city': 'Riyadh', 'language': 'ar', 'user_type': 'registered', 'is_subscribed': True, 'trial_user': False, 'autoplay': False, 'is_background_play': False}",video,1022,8.156,0.01
4906,46059469-dff0-461f-b1c4-4f9b8fdef2ea,f931fde6-9639-4605-bd25-3f824220d624,pause,2026-01-11 17:58:18.751808+00:00,878935.0,web-safari,"{'country': 'SA', 'city': 'Riyadh', 'language': 'ar', 'user_type': 'registered', 'is_subscribed': True, 'trial_user': False, 'autoplay': False, 'is_background_play': True}",video,1022,878.935,0.86
4907,46059469-dff0-461f-b1c4-4f9b8fdef2ea,ee476470-a120-49c6-acf0-8fdd82c2cfac,finish,2026-01-11 18:37:18.751818+00:00,23103.0,web-chrome,"{'country': 'SA', 'city': 'Riyadh', 'language': 'ar', 'user_type': 'registered', 'is_subscribed': True, 'trial_user': False, 'autoplay': False, 'is_background_play': True}",video,1022,23.103,0.02
4908,46059469-dff0-461f-b1c4-4f9b8fdef2ea,034c6206-eb87-4986-a8db-da1df1ff8830,pause,2026-01-11 18:16:18.751827+00:00,223334.0,ios,"{'country': 'SA', 'city': 'Riyadh', 'language': 'ar', 'user_type': 'registered', 'is_subscribed': True, 'trial_user': False, 'autoplay': False, 'is_background_play': True}",video,1022,223.334,0.22
4909,46059469-dff0-461f-b1c4-4f9b8fdef2ea,9b484fb5-9717-4f9c-8c0c-4984c4743878,click,2026-01-11 18:26:18.751836+00:00,,web-chrome,"{'country': 'SA', 'city': 'Riyadh', 'language': 'ar', 'user_type': 'registered', 'is_subscribed': True, 'trial_user': False, 'autoplay': False, 'is_background_play': True}",video,1022,,
4910,46059469-dff0-461f-b1c4-4f9b8fdef2ea,d93a0e2c-ec21-4989-8758-10e0a726b053,finish,2026-01-11 18:40:18.751845+00:00,65743.0,ios,"{'country': 'SA', 'city': 'Riyadh', 'language': 'ar', 'user_type': 'registered', 'is_subscribed': True, 'trial_user': False, 'autoplay': False, 'is_background_play': True}",video,1022,65.743,0.06
4911,46059469-dff0-461f-b1c4-4f9b8fdef2ea,b325ce18-efcf-4ccf-8022-6752577b2864,pause,2026-01-11 18:20:18.751855+00:00,,android,"{'country': 'SA', 'city': 'Riyadh', 'language': 'ar', 'user_type': 'registered', 'is_subscribed': True, 'trial_user': False, 'autoplay': False, 'is_background_play': True}",video,1022,,
4912,46059469-dff0-461f-b1c4-4f9b8fdef2ea,76be366d-ffbb-4a7b-8d1a-10948071da57,finish,2026-01-11 17:58:18.751864+00:00,682578.0,ios,"{'country': 'SA', 'city': 'Riyadh', 'language': 'ar', 'user_type': 'registered', 'is_subscribed': True, 'trial_user': False, 'autoplay': False, 'is_background_play': False}",video,1022,682.578,0.67
4913,46059469-dff0-461f-b1c4-4f9b8fdef2ea,bcb13cf9-6d18-434a-8ade-dd23e467a320,finish,2026-01-11 18:37:18.751873+00:00,742561.0,android,"{'country': 'SA', 'city': 'Riyadh', 'language': 'ar', 'user_type': 'registered', 'is_subscribed': True, 'trial_user': False, 'autoplay': False, 'is_background_play': False}",video,1022,742.561,0.73
4914,46059469-dff0-461f-b1c4-4f9b8fdef2ea,71c52143-e8d0-4501-9d29-8b64591150ce,play,2026-01-11 18:09:18.751882+00:00,741575.0,android,"{'country': 'SA', 'city': 'Riyadh', 'language': 'ar', 'user_type': 'registered', 'is_subscribed': True, 'trial_user': False, 'autoplay': False, 'is_background_play': True}",video,1022,741.575,0.73
4915,46059469-dff0-461f-b1c4-4f9b8fdef2ea,e79cdddb-c62e-46a8-80de-9a026d646737,pause,2026-01-11 18:26:18.751891+00:00,55043.0,web-safari,"{'country': 'SA', 'city': 'Riyadh', 'language': 'ar', 'user_type': 'registered', 'is_subscribed': True, 'trial_user': False, 'autoplay': False, 'is_background_play': True}",video,1022,55.043,0.05
4916,46059469-dff0-461f-b1c4-4f9b8fdef2ea,3c67ab44-4da5-49dc-9bb0-082cfef7a75e,play,2026-01-11 18:16:18.751901+00:00,,ios,"{'country': 'SA', 'city': 'Riyadh', 'language': 'ar', 'user_type': 'registered', 'is_subscribed': True, 'trial_user': False, 'autoplay': False, 'is_background_play': True}",video,1022,,
4917,46059469-dff0-461f-b1c4-4f9b8fdef2ea,c659516a-882a-422e-888e-65567b10ddd0,play,2026-01-11 18:32:18.751909+00:00,706057.0,ios,"{'country': 'SA', 'city': 'Riyadh', 'language': 'ar', 'user_type': 'registered', 'is_subscribed': True, 'trial_user': False, 'autoplay': False, 'is_background_play': True}",video,1022,706.057,0.69
4918,46059469-dff0-461f-b1c4-4f9b8fdef2ea,2fd462a1-d4cf-4878-8f8a-4d211f81504c,click,2026-01-11 18:27:18.751919+00:00,,web-safari,"{'country': 'SA', 'city': 'Riyadh', 'language': 'ar', 'user_type': 'registered', 'is_subscribed': True, 'trial_user': False, 'autoplay': False, 'is_background_play': False}",video,1022,,
4919,46059469-dff0-461f-b1c4-4f9b8fdef2ea,774f9e3e-6e00-414a-997e-88f6aa0de0a4,click,2026-01-11 18:37:18.751928+00:00,,web-safari,"{'country': 'SA', 'city': 'Riyadh', 'language': 'ar', 'user_type': 'registered', 'is_subscribed': True, 'trial_user': False, 'autoplay': False, 'is_background_play': True}",video,1022,,
4920,46059469-dff0-461f-b1c4-4f9b8fdef2ea,4bfe0ea1-5399-41b4-b490-5f100aeae5ec,finish,2026-01-11 18:29:18.751936+00:00,15748.0,ios,"{'country': 'SA', 'city': 'Riyadh', 'language': 'ar', 'user_type': 'registered', 'is_subscribed': True, 'trial_user': False, 'autoplay': False, 'is_background_play': True}",video,1022,15.748,0.02
4921,419c7028-9c4d-43e5-a2a9-00e887ca6b83,468487a6-3926-4952-b559-67c1fcc7b528,finish,2026-01-11 18:05:18.751946+00:00,229202.0,ios,"{'country': 'SA', 'city': 'Riyadh', 'language': 'ar', 'user_type': 'registered', 'is_subscribed': True, 'trial_user': False, 'autoplay': False, 'is_background_play': False}",video,880,229.202,0.26
4922,419c7028-9c4d-43e5-a2a9-00e887ca6b83,66da7d27-c787-4f33-b826-7e544fa91d67,pause,2026-01-11 18:09:18.751955+00:00,,web-chrome,"{'country': 'SA', 'city': 'Riyadh', 'language': 'ar', 'user_type': 'registered', 'is_subscribed': True, 'trial_user': False, 'autoplay': False, 'is_background_play': True}",video,880,,
4923,419c7028-9c4d-43e5-a2a9-00e887ca6b83,55149ec1-cef7-4d85-a849-b2889b76a382,click,2026-01-11 18:09:18.751964+00:00,,android,"{'country': 'SA', 'city': 'Riyadh', 'language': 'ar', 'user_type': 'registered', 'is_subscribed': True, 'trial_user': False, 'autoplay': False, 'is_background_play': False}",video,880,,
4924,419c7028-9c4d-43e5-a2a9-00e887ca6b83,673ab374-5334-4c77-acca-923b1dabe56d,pause,2026-01-11 18:42:18.751972+00:00,417459.0,web-chrome,"{'country': 'SA', 'city': 'Riyadh', 'language': 'ar', 'user_type': 'registered', 'is_subscribed': True, 'trial_user': False, 'autoplay': False, 'is_background_play': False}",video,880,417.459,0.47
4925,419c7028-9c4d-43e5-a2a9-00e887ca6b83,91914b02-fdeb-4785-95cd-9a15bdc5029f,finish,2026-01-11 18:51:18.751982+00:00,,web-safari,"{'country': 'SA', 'city': 'Riyadh', 'language': 'ar', 'user_type': 'registered', 'is_subscribed': True, 'trial_user': False, 'autoplay': False, 'is_background_play': True}",video,880,,
4926,419c7028-9c4d-43e5-a2a9-00e887ca6b83,9a71d9ef-d48f-4994-8928-da15ca055af1,click,2026-01-11 18:06:18.751990+00:00,,ios,"{'country': 'SA', 'city': 'Riyadh', 'language': 'ar', 'user_type': 'registered', 'is_subscribed': True, 'trial_user': False, 'autoplay': False, 'is_background_play': False}",video,880,,
4927,419c7028-9c4d-43e5-a2a9-00e887ca6b83,848ab121-8f5d-4f5f-b2b5-f7a2720ef524,click,2026-01-11 18:42:18.752007+00:00,,android,"{'country': 'SA', 'city': 'Riyadh', 'language': 'ar', 'user_type': 'registered', 'is_subscribed': True, 'trial_user': False, 'autoplay': False, 'is_background_play': False}",video,880,,
4928,419c7028-9c4d-43e5-a2a9-00e887ca6b83,76ba5f11-bde2-4322-8702-215508db3675,play,2026-01-11 18:42:18.752016+00:00,29554.0,web-safari,"{'country': 'SA', 'city': 'Riyadh', 'language': 'ar', 'user_type': 'registered', 'is_subscribed': True, 'trial_user': False, 'autoplay': False, 'is_background_play': False}",video,880,29.554,0.03
4929,419c7028-9c4d-43e5-a2a9-00e887ca6b83,4a766d61-1127-4066-b0df-ba5943c8ef04,play,2026-01-11 18:55:18.752026+00:00,229357.0,ios,"{'country': 'SA', 'city': 'Riyadh', 'language': 'ar', 'user_type': 'registered', 'is_subscribed': True, 'trial_user': False, 'autoplay': False, 'is_background_play': False}",video,880,229.357,0.26
4930,419c7028-9c4d-43e5-a2a9-00e887ca6b83,29de1ac6-7d25-4458-90d0-06d77a2848da,play,2026-01-11 18:39:18.752035+00:00,750009.0,web-safari,"{'country': 'SA', 'city': 'Riyadh', 'language': 'ar', 'user_type': 'registered', 'is_subscribed': True, 'trial_user': False, 'autoplay': False, 'is_background_play': True}",video,880,750.009,0.85
4931,419c7028-9c4d-43e5-a2a9-00e887ca6b83,12987b64-223d-491a-b3ef-df477d5808b1,pause,2026-01-11 18:17:18.752044+00:00,,web-safari,"{'country': 'SA', 'city': 'Riyadh', 'language': 'ar', 'user_type': 'registered', 'is_subscribed': True, 'trial_user': False, 'autoplay': False, 'is_background_play': False}",video,880,,
4932,419c7028-9c4d-43e5-a2a9-00e887ca6b83,a803f45a-ba29-48fc-88ca-ffa63343bbc2,finish,2026-01-11 18:24:18.752053+00:00,252415.0,web-chrome,"{'country': 'SA', 'city': 'Riyadh', 'language': 'ar', 'user_type': 'registered', 'is_subscribed': True, 'trial_user': False, 'autoplay': False, 'is_background_play': True}",video,880,252.415,0.29
4933,419c7028-9c4d-43e5-a2a9-00e887ca6b83,43e30068-52e0-447a-ae87-4194114a6aed,finish,2026-01-11 18:14:18.752063+00:00,,android,"{'country': 'SA', 'city': 'Riyadh', 'language': 'ar', 'user_type': 'registered', 'is_subscribed': True, 'trial_user': False, 'autoplay': False, 'is_background_play': False}",video,880,,
4934,419c7028-9c4d-43e5-a2a9-00e887ca6b83,bcf0a4cb-b121-48c2-b26c-805663dd49b3,play,2026-01-11 18:36:18.752071+00:00,864733.0,web-safari,"{'country': 'SA', 'city': 'Riyadh', 'language': 'ar', 'user_type': 'registered', 'is_subscribed': True, 'trial_user': False, 'autoplay': False, 'is_background_play': False}",video,880,864.733,0.98
4935,419c7028-9c4d-43e5-a2a9-00e887ca6b83,aab17eec-06fa-4b9e-9e04-6bf9e248c65a,click,2026-01-11 18:09:18.752081+00:00,,android,"{'country': 'SA', 'city': 'Riyadh', 'language': 'ar', 'user_type': 'registered', 'is_subscribed': True, 'trial_user': False, 'autoplay': False, 'is_background_play': True}",video,880,,
4936,419c7028-9c4d-43e5-a2a9-00e887ca6b83,2356f60a-7c09-4416-bcfe-886429bee5ec,pause,2026-01-11 18:41:18.752090+00:00,586930.0,web-safari,"{'country': 'SA', 'city': 'Riyadh', 'language': 'ar', 'user_type': 'registered', 'is_subscribed': True, 'trial_user': False, 'autoplay': False, 'is_background_play': False}",video,880,586.93,0.67
4937,419c7028-9c4d-43e5-a2a9-00e887ca6b83,d24c1602-c653-443f-b95a-596525895f67,pause,2026-01-11 18:41:18.752099+00:00,656826.0,ios,"{'country': 'SA', 'city': 'Riyadh', 'language': 'ar', 'user_type': 'registered', 'is_subscribed': True, 'trial_user': False, 'autoplay': False, 'is_background_play': False}",video,880,656.826,0.75
4938,419c7028-9c4d-43e5-a2a9-00e887ca6b83,32a18931-e472-4dd6-bdd9-189f31e688cd,click,2026-01-11 18:14:18.752108+00:00,,android,"{'country': 'SA', 'city': 'Riyadh', 'language': 'ar', 'user_type': 'registered', 'is_subscribed': True, 'trial_user': False, 'autoplay': False, 'is_background_play': False}",video,880,,
4939,419c7028-9c4d-43e5-a2a9-00e887ca6b83,0b8916fd-cd2c-463b-8dfe-97b00d95f81f,pause,2026-01-11 18:03:18.752117+00:00,577583.0,web-safari,"{'country': 'SA', 'city': 'Riyadh', 'language': 'ar', 'user_type': 'registered', 'is_subscribed': True, 'trial_user': False, 'autoplay': False, 'is_background_play': False}",video,880,577.583,0.66
4940,419c7028-9c4d-43e5-a2a9-00e887ca6b83,255ce7cc-4844-40f3-9674-5a0342ef3e04,finish,2026-01-11 18:18:18.752126+00:00,206102.0,web-chrome,"{'country': 'SA', 'city': 'Riyadh', 'language': 'ar', 'user_type': 'registered', 'is_subscribed': True, 'trial_user': False, 'autoplay': False, 'is_background_play': True}",video,880,206.102,0.23
4941,419c7028-9c4d-43e5-a2a9-00e887ca6b83,ed251c9f-13fb-4823-8011-4ea95573ae38,play,2026-01-11 18:32:18.752136+00:00,25464.0,web-chrome,"{'country': 'SA', 'city': 'Riyadh', 'language': 'ar', 'user_type': 'registered', 'is_subscribed': True, 'trial_user': False, 'autoplay': False, 'is_background_play': True}",video,880,25.464,0.03
4942,419c7028-9c4d-43e5-a2a9-00e887ca6b83,7886d4f0-46c0-43c1-8c3f-8a05a65bc957,pause,2026-01-11 18:24:18.752145+00:00,316842.0,web-safari,"{'country': 'SA', 'city': 'Riyadh', 'language': 'ar', 'user_type': 'registered', 'is_subscribed': True, 'trial_user': False, 'autoplay': False, 'is_background_play': True}",video,880,316.842,0.36
4943,419c7028-9c4d-43e5-a2a9-00e887ca6b83,45137a51-c928-452b-9dbc-91d1a6ce7335,play,2026-01-11 18:09:18.752154+00:00,518058.0,ios,"{'country': 'SA', 'city': 'Riyadh', 'language': 'ar', 'user_type': 'registered', 'is_subscribed': True, 'trial_user': False, 'autoplay': False, 'is_background_play': True}",video,880,518.058,0.59
4944,419c7028-9c4d-43e5-a2a9-00e887ca6b83,05223334-c374-422b-9a12-c6bd4ca79edf,finish,2026-01-11 18:48:18.752163+00:00,384010.0,ios,"{'country': 'SA', 'city': 'Riyadh', 'language': 'ar', 'user_type': 'registered', 'is_subscribed': True, 'trial_user': False, 'autoplay': False, 'is_background_play': False}",video,880,384.01,0.44
4945,419c7028-9c4d-43e5-a2a9-00e887ca6b83,b5adbacd-da9b-4bb8-adb7-63cb95732fdb,click,2026-01-11 18:13:18.752173+00:00,,web-chrome,"{'country': 'SA', 'city': 'Riyadh', 'language': 'ar', 'user_type': 'registered', 'is_subscribed': True, 'trial_user': False, 'autoplay': False, 'is_background_play': False}",video,880,,
4946,419c7028-9c4d-43e5-a2a9-00e887ca6b83,fe987f6b-6186-4126-8e55-c13b067ef2c2,finish,2026-01-11 18:20:18.752181+00:00,87522.0,web-chrome,"{'country': 'SA', 'city': 'Riyadh', 'language': 'ar', 'user_type': 'registered', 'is_subscribed': True, 'trial_user': False, 'autoplay': False, 'is_background_play': True}",video,880,87.522,0.1
4947,419c7028-9c4d-43e5-a2a9-00e887ca6b83,418bed9b-095e-42e9-9220-2c95af4cbddf,play,2026-01-11 18:07:18.752191+00:00,42562.0,web-safari,"{'country': 'SA', 'city': 'Riyadh', 'language': 'ar', 'user_type': 'registered', 'is_subscribed': True, 'trial_user': False, 'autoplay': False, 'is_background_play': True}",video,880,42.562,0.05
4948,419c7028-9c4d-43e5-a2a9-00e887ca6b83,2dcb6dde-044b-4d89-aa1b-2cb90e696cb6,click,2026-01-11 18:08:18.752200+00:00,,web-safari,"{'country': 'SA', 'city': 'Riyadh', 'language': 'ar', 'user_type': 'registered', 'is_subscribed': True, 'trial_user': False, 'autoplay': False, 'is_background_play': False}",video,880,,
4949,419c7028-9c4d-43e5-a2a9-00e887ca6b83,43e130f6-0511-4d3d-b456-f1a519b5ab32,click,2026-01-11 17:55:18.752209+00:00,,web-safari,"{'country': 'SA', 'city': 'Riyadh', 'language': 'ar', 'user_type': 'registered', 'is_subscribed': True, 'trial_user': False, 'autoplay': False, 'is_background_play': False}",video,880,,
4950,419c7028-9c4d-43e5-a2a9-00e887ca6b83,2cabad07-07e8-4d13-bd2f-cd5fb3d7383c,pause,2026-01-11 17:58:18.752218+00:00,623857.0,ios,"{'country': 'SA', 'city': 'Riyadh', 'language': 'ar', 'user_type': 'registered', 'is_subscribed': True, 'trial_user': False, 'autoplay': False, 'is_background_play': True}",video,880,623.857,0.71
4951,419c7028-9c4d-43e5-a2a9-00e887ca6b83,63cd4e37-5c6d-4cd1-9440-e6630bd53fd6,pause,2026-01-11 18:23:18.752227+00:00,347690.0,android,"{'country': 'SA', 'city': 'Riyadh', 'language': 'ar', 'user_type': 'registered', 'is_subscribed': True, 'trial_user': False, 'autoplay': False, 'is_background_play': True}",video,880,347.69,0.4
4952,419c7028-9c4d-43e5-a2a9-00e887ca6b83,82d7da02-883e-4671-bd71-6f0f876d212e,click,2026-01-11 18:02:18.752243+00:00,,ios,"{'country': 'SA', 'city': 'Riyadh', 'language': 'ar', 'user_type': 'registered', 'is_subscribed': True, 'trial_user': False, 'autoplay': False, 'is_background_play': False}",video,880,,
4953,419c7028-9c4d-43e5-a2a9-00e887ca6b83,4cc030c3-c97a-48b2-93c1-6db510735d78,click,2026-01-11 17:56:18.752252+00:00,,web-safari,"{'country': 'SA', 'city': 'Riyadh', 'language': 'ar', 'user_type': 'registered', 'is_subscribed': True, 'trial_user': False, 'autoplay': False, 'is_background_play': True}",video,880,,
4954,419c7028-9c4d-43e5-a2a9-00e887ca6b83,76cb9232-73b2-4f62-989d-97e07428ddd5,click,2026-01-11 18:51:18.752261+00:00,,web-chrome,"{'country': 'SA', 'city': 'Riyadh', 'language': 'ar', 'user_type': 'registered', 'is_subscribed': True, 'trial_user': False, 'autoplay': False, 'is_background_play': True}",video,880,,
4955,419c7028-9c4d-43e5-a2a9-00e887ca6b83,e3cf1e57-a535-497a-be40-791d20390057,pause,2026-01-11 18:23:18.752270+00:00,,ios,"{'country': 'SA', 'city': 'Riyadh', 'language': 'ar', 'user_type': 'registered', 'is_subscribed': True, 'trial_user': False, 'autoplay': False, 'is_background_play': False}",video,880,,
4956,419c7028-9c4d-43e5-a2a9-00e887ca6b83,57f45519-a15e-4723-bfb8-8ad697218ff7,pause,2026-01-11 18:20:18.752279+00:00,99871.0,web-safari,"{'country': 'SA', 'city': 'Riyadh', 'language': 'ar', 'user_type': 'registered', 'is_subscribed': True, 'trial_user': False, 'autoplay': False, 'is_background_play': False}",video,880,99.871,0.11
4957,419c7028-9c4d-43e5-a2a9-00e887ca6b83,2a0db823-47ba-43d3-af81-bc2078e42260,pause,2026-01-11 18:06:18.752288+00:00,,android,"{'country': 'SA', 'city': 'Riyadh', 'language': 'ar', 'user_type': 'registered', 'is_subscribed': True, 'trial_user': False, 'autoplay': False, 'is_background_play': True}",video,880,,
4958,419c7028-9c4d-43e5-a2a9-00e887ca6b83,0961a419-4aa9-4edc-bdfc-931e35f303a8,finish,2026-01-11 18:20:18.752297+00:00,590805.0,web-safari,"{'country': 'SA', 'city': 'Riyadh', 'language': 'ar', 'user_type': 'registered', 'is_subscribed': True, 'trial_user': False, 'autoplay': False, 'is_background_play': True}",video,880,590.805,0.67
4959,419c7028-9c4d-43e5-a2a9-00e887ca6b83,6e3ca6d7-b9a1-46ab-a744-0c23e6cf0cb7,play,2026-01-11 18:46:18.752306+00:00,809081.0,android,"{'country': 'SA', 'city': 'Riyadh', 'language': 'ar', 'user_type': 'registered', 'is_subscribed': True, 'trial_user': False, 'autoplay': False, 'is_background_play': False}",video,880,809.081,0.92
4960,419c7028-9c4d-43e5-a2a9-00e887ca6b83,438472e9-33bb-4d00-aa08-853556bbcd33,pause,2026-01-11 18:45:18.752315+00:00,381671.0,android,"{'country': 'SA', 'city': 'Riyadh', 'language': 'ar', 'user_type': 'registered', 'is_subscribed': True, 'trial_user': False, 'autoplay': False, 'is_background_play': True}",video,880,381.671,0.43
4961,c490f05a-b22e-4c93-8381-ceee1f033847,219174ac-005a-428f-a420-b5aa6eef9fa7,pause,2026-01-11 18:43:18.752325+00:00,341315.0,ios,"{'country': 'SA', 'city': 'Riyadh', 'language': 'ar', 'user_type': 'registered', 'is_subscribed': True, 'trial_user': False, 'autoplay': False, 'is_background_play': True}",video,740,341.315,0.46
4962,c490f05a-b22e-4c93-8381-ceee1f033847,3c5d967c-e69d-4ff5-a362-f38523bb838a,play,2026-01-11 18:34:18.752334+00:00,,android,"{'country': 'SA', 'city': 'Riyadh', 'language': 'ar', 'user_type': 'registered', 'is_subscribed': True, 'trial_user': False, 'autoplay': False, 'is_background_play': True}",video,740,,
4963,c490f05a-b22e-4c93-8381-ceee1f033847,c0b10351-49e9-4c65-812b-65afc6f4fcaa,click,2026-01-11 18:11:18.752343+00:00,,ios,"{'country': 'SA', 'city': 'Riyadh', 'language': 'ar', 'user_type': 'registered', 'is_subscribed': True, 'trial_user': False, 'autoplay': False, 'is_background_play': False}",video,740,,
4964,c490f05a-b22e-4c93-8381-ceee1f033847,93583123-794a-419b-8407-788ce8e59ae5,click,2026-01-11 18:01:18.752352+00:00,,ios,"{'country': 'SA', 'city': 'Riyadh', 'language': 'ar', 'user_type': 'registered', 'is_subscribed': True, 'trial_user': False, 'autoplay': False, 'is_background_play': True}",video,740,,
4965,c490f05a-b22e-4c93-8381-ceee1f033847,493bccdc-beff-4992-9a9d-7e25beef9b34,finish,2026-01-11 18:51:18.752360+00:00,318441.0,android,"{'country': 'SA', 'city': 'Riyadh', 'language': 'ar', 'user_type': 'registered', 'is_subscribed': True, 'trial_user': False, 'autoplay': False, 'is_background_play': False}",video,740,318.441,0.43
4966,c490f05a-b22e-4c93-8381-ceee1f033847,b0329882-cf20-460e-9f39-0719878c8e44,finish,2026-01-11 18:46:18.752370+00:00,326028.0,android,"{'country': 'SA', 'city': 'Riyadh', 'language': 'ar', 'user_type': 'registered', 'is_subscribed': True, 'trial_user': False, 'autoplay': False, 'is_background_play': True}",video,740,326.028,0.44
4967,c490f05a-b22e-4c93-8381-ceee1f033847,709b21c3-06b7-4966-9a22-43f81d4d828a,click,2026-01-11 17:59:18.752379+00:00,,web-safari,"{'country': 'SA', 'city': 'Riyadh', 'language': 'ar', 'user_type': 'registered', 'is_subscribed': True, 'trial_user': False, 'autoplay': False, 'is_background_play': True}",video,740,,
4968,c490f05a-b22e-4c93-8381-ceee1f033847,24858f3a-6f85-4f6f-80ab-0953d77117a5,play,2026-01-11 18:21:18.752388+00:00,171085.0,android,"{'country': 'SA', 'city': 'Riyadh', 'language': 'ar', 'user_type': 'registered', 'is_subscribed': True, 'trial_user': False, 'autoplay': False, 'is_background_play': True}",video,740,171.085,0.23
4969,c490f05a-b22e-4c93-8381-ceee1f033847,53d1ddf8-dfab-4e65-823c-86a642a6c596,click,2026-01-11 18:33:18.752397+00:00,,web-chrome,"{'country': 'SA', 'city': 'Riyadh', 'language': 'ar', 'user_type': 'registered', 'is_subscribed': True, 'trial_user': False, 'autoplay': False, 'is_background_play': True}",video,740,,
4970,c490f05a-b22e-4c93-8381-ceee1f033847,6c39a8b9-fce3-4f80-a5b2-2ddbec0db4b2,finish,2026-01-11 18:36:18.752406+00:00,,web-chrome,"{'country': 'SA', 'city': 'Riyadh', 'language': 'ar', 'user_type': 'registered', 'is_subscribed': True, 'trial_user': False, 'autoplay': False, 'is_background_play': False}",video,740,,
4971,c490f05a-b22e-4c93-8381-ceee1f033847,89d4f631-6607-461d-9fd7-a9a96926484e,pause,2026-01-11 18:14:18.752414+00:00,,ios,"{'country': 'SA', 'city': 'Riyadh', 'language': 'ar', 'user_type': 'registered', 'is_subscribed': True, 'trial_user': False, 'autoplay': False, 'is_background_play': True}",video,740,,
4972,c490f05a-b22e-4c93-8381-ceee1f033847,76bbcc6a-be56-41a4-bbc2-84068ab07f3f,play,2026-01-11 18:28:18.752423+00:00,469867.0,android,"{'country': 'SA', 'city': 'Riyadh', 'language': 'ar', 'user_type': 'registered', 'is_subscribed': True, 'trial_user': False, 'autoplay': False, 'is_background_play': True}",video,740,469.867,0.63
4973,c490f05a-b22e-4c93-8381-ceee1f033847,e33c6379-a740-420b-9d15-0d9482eb05aa,play,2026-01-11 18:06:18.752432+00:00,16820.0,web-safari,"{'country': 'SA', 'city': 'Riyadh', 'language': 'ar', 'user_type': 'registered', 'is_subscribed': True, 'trial_user': False, 'autoplay': False, 'is_background_play': False}",video,740,16.82,0.02
4974,c490f05a-b22e-4c93-8381-ceee1f033847,c262ae7b-d790-4f7f-a81d-ff5a54a40cee,finish,2026-01-11 18:44:18.752442+00:00,513189.0,android,"{'country': 'SA', 'city': 'Riyadh', 'language': 'ar', 'user_type': 'registered', 'is_subscribed': True, 'trial_user': False, 'autoplay': False, 'is_background_play': True}",video,740,513.189,0.69
4975,c490f05a-b22e-4c93-8381-ceee1f033847,193d2171-8bd5-4a4c-9e80-5aff697daeb3,click,2026-01-11 18:02:18.752451+00:00,,web-chrome,"{'country': 'SA', 'city': 'Riyadh', 'language': 'ar', 'user_type': 'registered', 'is_subscribed': True, 'trial_user': False, 'autoplay': False, 'is_background_play': True}",video,740,,
4976,c490f05a-b22e-4c93-8381-ceee1f033847,3e2982ae-4776-4a0e-92ea-6636ecfccf28,play,2026-01-11 18:51:18.752460+00:00,702287.0,web-chrome,"{'country': 'SA', 'city': 'Riyadh', 'language': 'ar', 'user_type': 'registered', 'is_subscribed': True, 'trial_user': False, 'autoplay': False, 'is_background_play': True}",video,740,702.287,0.95
4977,c490f05a-b22e-4c93-8381-ceee1f033847,ee637941-28ed-4a05-80fc-d7e7f20b37f4,pause,2026-01-11 18:24:18.752476+00:00,505445.0,android,"{'country': 'SA', 'city': 'Riyadh', 'language': 'ar', 'user_type': 'registered', 'is_subscribed': True, 'trial_user': False, 'autoplay': False, 'is_background_play': False}",video,740,505.445,0.68
4978,c490f05a-b22e-4c93-8381-ceee1f033847,b62d33b5-169e-4f86-a549-246ed733b2c9,click,2026-01-11 18:31:18.752486+00:00,,android,"{'country': 'SA', 'city': 'Riyadh', 'language': 'ar', 'user_type': 'registered', 'is_subscribed': True, 'trial_user': False, 'autoplay': False, 'is_background_play': True}",video,740,,
4979,c490f05a-b22e-4c93-8381-ceee1f033847,3a2b2abe-04e6-4c38-98a5-9133bbf37f1d,play,2026-01-11 18:14:18.752495+00:00,414375.0,android,"{'country': 'SA', 'city': 'Riyadh', 'language': 'ar', 'user_type': 'registered', 'is_subscribed': True, 'trial_user': False, 'autoplay': False, 'is_background_play': False}",video,740,414.375,0.56
4980,c490f05a-b22e-4c93-8381-ceee1f033847,6c8afa79-0d3a-4d2e-89a8-6ebeffd935f1,play,2026-01-11 18:40:18.752505+00:00,126538.0,android,"{'country': 'SA', 'city': 'Riyadh', 'language': 'ar', 'user_type': 'registered', 'is_subscribed': True, 'trial_user': False, 'autoplay': False, 'is_background_play': True}",video,740,126.538,0.17
4981,c490f05a-b22e-4c93-8381-ceee1f033847,e2905a7c-1aa5-4d8d-96ff-84455a5ba305,pause,2026-01-11 18:48:18.752514+00:00,,ios,"{'country': 'SA', 'city': 'Riyadh', 'language': 'ar', 'user_type': 'registered', 'is_subscribed': True, 'trial_user': False, 'autoplay': False, 'is_background_play': True}",video,740,,
4982,c490f05a-b22e-4c93-8381-ceee1f033847,67d3a672-6195-49bb-a95c-64ed29d6ade2,pause,2026-01-11 18:45:18.752522+00:00,,web-chrome,"{'country': 'SA', 'city': 'Riyadh', 'language': 'ar', 'user_type': 'registered', 'is_subscribed': True, 'trial_user': False, 'autoplay': False, 'is_background_play': True}",video,740,,
4983,c490f05a-b22e-4c93-8381-ceee1f033847,94d71e66-f830-42b7-8996-7fdf0d25c6b5,finish,2026-01-11 18:23:18.752531+00:00,164136.0,web-safari,"{'country': 'SA', 'city': 'Riyadh', 'language': 'ar', 'user_type': 'registered', 'is_subscribed': True, 'trial_user': False, 'autoplay': False, 'is_background_play': True}",video,740,164.136,0.22
4984,c490f05a-b22e-4c93-8381-ceee1f033847,b13ac218-0d1c-4b44-8399-ef64c8e9e446,pause,2026-01-11 18:48:18.752540+00:00,71067.0,web-chrome,"{'country': 'SA', 'city': 'Riyadh', 'language': 'ar', 'user_type': 'registered', 'is_subscribed': True, 'trial_user': False, 'autoplay': False, 'is_background_play': False}",video,740,71.067,0.1
4985,c490f05a-b22e-4c93-8381-ceee1f033847,ad80b1e4-7870-4a21-b36d-ac211202f72a,play,2026-01-11 17:55:18.752550+00:00,287614.0,web-chrome,"{'country': 'SA', 'city': 'Riyadh', 'language': 'ar', 'user_type': 'registered', 'is_subscribed': True, 'trial_user': False, 'autoplay': False, 'is_background_play': False}",video,740,287.614,0.39
4986,c490f05a-b22e-4c93-8381-ceee1f033847,44f9992f-b389-4959-87a6-e056f0fe9444,click,2026-01-11 18:42:18.752559+00:00,,android,"{'country': 'SA', 'city': 'Riyadh', 'language': 'ar', 'user_type': 'registered', 'is_subscribed': True, 'trial_user': False, 'autoplay': False, 'is_background_play': True}",video,740,,
4987,c490f05a-b22e-4c93-8381-ceee1f033847,4e2bc68a-4627-4c89-8335-c56d86379bc0,click,2026-01-11 18:21:18.752568+00:00,,ios,"{'country': 'SA', 'city': 'Riyadh', 'language': 'ar', 'user_type': 'registered', 'is_subscribed': True, 'trial_user': False, 'autoplay': False, 'is_background_play': False}",video,740,,
4988,c490f05a-b22e-4c93-8381-ceee1f033847,61673569-473e-4ada-a10f-c6e61a6fc654,pause,2026-01-11 18:32:18.752577+00:00,520045.0,ios,"{'country': 'SA', 'city': 'Riyadh', 'language': 'ar', 'user_type': 'registered', 'is_subscribed': True, 'trial_user': False, 'autoplay': False, 'is_background_play': False}",video,740,520.045,0.7
4989,c490f05a-b22e-4c93-8381-ceee1f033847,0e4aad8f-8f15-4797-98b6-fc44675fb3b5,pause,2026-01-11 17:58:18.752586+00:00,696430.0,web-chrome,"{'country': 'SA', 'city': 'Riyadh', 'language': 'ar', 'user_type': 'registered', 'is_subscribed': True, 'trial_user': False, 'autoplay': False, 'is_background_play': False}",video,740,696.43,0.94
4990,c490f05a-b22e-4c93-8381-ceee1f033847,d24f0930-34b5-4723-9e46-f99a830e71d7,click,2026-01-11 18:37:18.752595+00:00,,web-safari,"{'country': 'SA', 'city': 'Riyadh', 'language': 'ar', 'user_type': 'registered', 'is_subscribed': True, 'trial_user': False, 'autoplay': False, 'is_background_play': True}",video,740,,
4991,c490f05a-b22e-4c93-8381-ceee1f033847,19e02b8b-146f-42d9-844c-15686294308e,play,2026-01-11 18:52:18.752604+00:00,591304.0,android,"{'country': 'SA', 'city': 'Riyadh', 'language': 'ar', 'user_type': 'registered', 'is_subscribed': True, 'trial_user': False, 'autoplay': False, 'is_background_play': True}",video,740,591.304,0.8
4992,c490f05a-b22e-4c93-8381-ceee1f033847,7094bea7-e797-44d0-94b8-5cba8798c9ee,play,2026-01-11 18:34:18.752613+00:00,574796.0,ios,"{'country': 'SA', 'city': 'Riyadh', 'language': 'ar', 'user_type': 'registered', 'is_subscribed': True, 'trial_user': False, 'autoplay': False, 'is_background_play': False}",video,740,574.796,0.78
4993,c490f05a-b22e-4c93-8381-ceee1f033847,6e039cf7-96e2-43bc-9dfb-9475eef692a4,finish,2026-01-11 18:50:18.752623+00:00,,web-chrome,"{'country': 'SA', 'city': 'Riyadh', 'language': 'ar', 'user_type': 'registered', 'is_subscribed': True, 'trial_user': False, 'autoplay': False, 'is_background_play': False}",video,740,,
4994,c490f05a-b22e-4c93-8381-ceee1f033847,a4f673d8-58a0-4a91-9b8d-eb3361d4abd5,click,2026-01-11 18:27:18.752631+00:00,,web-chrome,"{'country': 'SA', 'city': 'Riyadh', 'language': 'ar', 'user_type': 'registered', 'is_subscribed': True, 'trial_user': False, 'autoplay': False, 'is_background_play': False}",video,740,,
4995,c490f05a-b22e-4c93-8381-ceee1f033847,466ac1cd-997b-442d-8f2f-744c62d8434c,click,2026-01-11 18:21:18.752640+00:00,,web-safari,"{'country': 'SA', 'city': 'Riyadh', 'language': 'ar', 'user_type': 'registered', 'is_subscribed': True, 'trial_user': False, 'autoplay': False, 'is_background_play': True}",video,740,,
4996,c490f05a-b22e-4c93-8381-ceee1f033847,3cf8b8ef-348b-4abb-abf2-e0e5b03b88d7,pause,2026-01-11 18:20:18.752649+00:00,321486.0,ios,"{'country': 'SA', 'city': 'Riyadh', 'language': 'ar', 'user_type': 'registered', 'is_subscribed': True, 'trial_user': False, 'autoplay': False, 'is_background_play': False}",video,740,321.486,0.43
4997,c490f05a-b22e-4c93-8381-ceee1f033847,f3be97c9-c7d1-4f63-87d7-4f145d050686,click,2026-01-11 18:06:18.752658+00:00,,ios,"{'country': 'SA', 'city': 'Riyadh', 'language': 'ar', 'user_type': 'registered', 'is_subscribed': True, 'trial_user': False, 'autoplay': False, 'is_background_play': False}",video,740,,
4998,c490f05a-b22e-4c93-8381-ceee1f033847,fc2b4711-1dc6-4a05-ae41-4f63df1107f0,finish,2026-01-11 18:25:18.752667+00:00,564110.0,ios,"{'country': 'SA', 'city': 'Riyadh', 'language': 'ar', 'user_type': 'registered', 'is_subscribed': True, 'trial_user': False, 'autoplay': False, 'is_background_play': True}",video,740,564.11,0.76
4999,c490f05a-b22e-4c93-8381-ceee1f033847,cac22ddc-0c3b-482e-9678-c9d070b8faae,pause,2026-01-11 18:14:18.752676+00:00,,ios,"{'country': 'SA', 'city': 'Riyadh', 'language': 'ar', 'user_type': 'registered', 'is_subscribed': True, 'trial_user': False, 'autoplay': False, 'is_background_play': True}",video,740,,
5000,c490f05a-b22e-4c93-8381-ceee1f033847,c75457b9-16e2-4261-adc0-aec4d9e86a13,finish,2026-01-11 18:11:18.752685+00:00,,ios,"{'country': 'SA', 'city': 'Riyadh', 'language': 'ar', 'user_type': 'registered', 'is_subscribed': True, 'trial_user': False, 'autoplay': False, 'is_background_play': False}",video,740,,
5001,a024d7c1-6de1-4d94-b2f0-d5337d10f9bf,1ae8bf06-9197-4a3e-90c8-ab0cf3a14bf8,finish,2026-01-11 18:06:18.752694+00:00,,web-safari,"{'country': 'SA', 'city': 'Riyadh', 'language': 'ar', 'user_type': 'registered', 'is_subscribed': True, 'trial_user': False, 'autoplay': False, 'is_background_play': False}",podcast,1824,,
5002,a024d7c1-6de1-4d94-b2f0-d5337d10f9bf,61893f7e-9979-414d-a189-ddbb39c0a896,click,2026-01-11 18:46:18.752709+00:00,,android,"{'country': 'SA', 'city': 'Riyadh', 'language': 'ar', 'user_type': 'registered', 'is_subscribed': True, 'trial_user': False, 'autoplay': False, 'is_background_play': False}",podcast,1824,,
5003,a024d7c1-6de1-4d94-b2f0-d5337d10f9bf,215168b6-739f-48cb-b041-33dbd982ac26,play,2026-01-11 18:00:18.752718+00:00,,web-safari,"{'country': 'SA', 'city': 'Riyadh', 'language': 'ar', 'user_type': 'registered', 'is_subscribed': True, 'trial_user': False, 'autoplay': False, 'is_background_play': False}",podcast,1824,,
5004,a024d7c1-6de1-4d94-b2f0-d5337d10f9bf,69b86b95-9aec-4a40-ba6c-9377b4e6f5b6,finish,2026-01-11 18:43:18.752728+00:00,1393364.0,web-chrome,"{'country': 'SA', 'city': 'Riyadh', 'language': 'ar', 'user_type': 'registered', 'is_subscribed': True, 'trial_user': False, 'autoplay': False, 'is_background_play': False}",podcast,1824,1393.364,0.76
5005,a024d7c1-6de1-4d94-b2f0-d5337d10f9bf,1dad8655-1343-4edd-a637-9730252cdfae,pause,2026-01-11 18:06:18.752737+00:00,,web-chrome,"{'country': 'SA', 'city': 'Riyadh', 'language': 'ar', 'user_type': 'registered', 'is_subscribed': True, 'trial_user': False, 'autoplay': False, 'is_background_play': True}",podcast,1824,,
5006,a024d7c1-6de1-4d94-b2f0-d5337d10f9bf,fc918204-9ce2-4023-ad3e-d154482295aa,click,2026-01-11 18:07:18.752746+00:00,,web-chrome,"{'country': 'SA', 'city': 'Riyadh', 'language': 'ar', 'user_type': 'registered', 'is_subscribed': True, 'trial_user': False, 'autoplay': False, 'is_background_play': False}",podcast,1824,,
5007,a024d7c1-6de1-4d94-b2f0-d5337d10f9bf,6d57daf9-9ce8-4c03-8dd4-24995c215bf4,pause,2026-01-11 18:11:18.752755+00:00,849573.0,web-safari,"{'country': 'SA', 'city': 'Riyadh', 'language': 'ar', 'user_type': 'registered', 'is_subscribed': True, 'trial_user': False, 'autoplay': False, 'is_background_play': True}",podcast,1824,849.573,0.47
5008,a024d7c1-6de1-4d94-b2f0-d5337d10f9bf,78002390-0754-444c-86ad-4fab70625230,click,2026-01-11 18:01:18.752765+00:00,,android,"{'country': 'SA', 'city': 'Riyadh', 'language': 'ar', 'user_type': 'registered', 'is_subscribed': True, 'trial_user': False, 'autoplay': False, 'is_background_play': True}",podcast,1824,,
5009,a024d7c1-6de1-4d94-b2f0-d5337d10f9bf,84ddf0ee-760b-43ab-99f8-639a0e8b304b,play,2026-01-11 18:12:18.752773+00:00,1031056.0,web-safari,"{'country': 'SA', 'city': 'Riyadh', 'language': 'ar', 'user_type': 'registered', 'is_subscribed': True, 'trial_user': False, 'autoplay': False, 'is_background_play': False}",podcast,1824,1031.056,0.57
5010,a024d7c1-6de1-4d94-b2f0-d5337d10f9bf,b6ed6d13-e4c1-43d1-aa12-dd9a2af0f98f,finish,2026-01-11 18:10:18.752783+00:00,,android,"{'country': 'SA', 'city': 'Riyadh', 'language': 'ar', 'user_type': 'registered', 'is_subscribed': True, 'trial_user': False, 'autoplay': False, 'is_background_play': False}",podcast,1824,,
5011,a024d7c1-6de1-4d94-b2f0-d5337d10f9bf,87df8ba7-d035-4edf-a145-3ff5162742e4,play,2026-01-11 18:27:18.752791+00:00,,web-safari,"{'country': 'SA', 'city': 'Riyadh', 'language': 'ar', 'user_type': 'registered', 'is_subscribed': True, 'trial_user': False, 'autoplay': False, 'is_background_play': True}",podcast,1824,,
5012,a024d7c1-6de1-4d94-b2f0-d5337d10f9bf,a51c8b66-a501-4d49-8151-a3bda508d4a8,play,2026-01-11 18:18:18.752800+00:00,137064.0,android,"{'country': 'SA', 'city': 'Riyadh', 'language': 'ar', 'user_type': 'registered', 'is_subscribed': True, 'trial_user': False, 'autoplay': False, 'is_background_play': True}",podcast,1824,137.064,0.08
5013,a024d7c1-6de1-4d94-b2f0-d5337d10f9bf,4b5c1e1e-f471-4baa-8415-9c1b7ec3d006,click,2026-01-11 18:16:18.752809+00:00,,web-safari,"{'country': 'SA', 'city': 'Riyadh', 'language': 'ar', 'user_type': 'registered', 'is_subscribed': True, 'trial_user': False, 'autoplay': False, 'is_background_play': False}",podcast,1824,,
5014,a024d7c1-6de1-4d94-b2f0-d5337d10f9bf,8824bcd6-bf0b-4544-af5e-8de8f7346f4f,click,2026-01-11 18:43:18.752818+00:00,,web-chrome,"{'country': 'SA', 'city': 'Riyadh', 'language': 'ar', 'user_type': 'registered', 'is_subscribed': True, 'trial_user': False, 'autoplay': False, 'is_background_play': False}",podcast,1824,,
5015,a024d7c1-6de1-4d94-b2f0-d5337d10f9bf,fbc809c0-a13f-4a59-8c00-7394772fd8a9,pause,2026-01-11 18:43:18.752827+00:00,326069.0,ios,"{'country': 'SA', 'city': 'Riyadh', 'language': 'ar', 'user_type': 'registered', 'is_subscribed': True, 'trial_user': False, 'autoplay': False, 'is_background_play': False}",podcast,1824,326.069,0.18
5016,a024d7c1-6de1-4d94-b2f0-d5337d10f9bf,9c53e283-c889-4355-8364-c63007c27e08,play,2026-01-11 18:51:18.752836+00:00,499688.0,web-safari,"{'country': 'SA', 'city': 'Riyadh', 'language': 'ar', 'user_type': 'registered', 'is_subscribed': True, 'trial_user': False, 'autoplay': False, 'is_background_play': False}",podcast,1824,499.688,0.27
5017,a024d7c1-6de1-4d94-b2f0-d5337d10f9bf,7d23576d-7e54-46f6-90a6-f913af4f1a6c,click,2026-01-11 18:23:18.752845+00:00,,web-chrome,"{'country': 'SA', 'city': 'Riyadh', 'language': 'ar', 'user_type': 'registered', 'is_subscribed': True, 'trial_user': False, 'autoplay': False, 'is_background_play': True}",podcast,1824,,
5018,a024d7c1-6de1-4d94-b2f0-d5337d10f9bf,89028e30-e7a4-4d23-8d03-a7978914168e,click,2026-01-11 18:46:18.752854+00:00,,android,"{'country': 'SA', 'city': 'Riyadh', 'language': 'ar', 'user_type': 'registered', 'is_subscribed': True, 'trial_user': False, 'autoplay': False, 'is_background_play': False}",podcast,1824,,
5019,a024d7c1-6de1-4d94-b2f0-d5337d10f9bf,2a186bf9-5602-4e50-a9d9-2623df586513,finish,2026-01-11 18:46:18.752863+00:00,501979.0,web-safari,"{'country': 'SA', 'city': 'Riyadh', 'language': 'ar', 'user_type': 'registered', 'is_subscribed': True, 'trial_user': False, 'autoplay': False, 'is_background_play': False}",podcast,1824,501.979,0.28
5020,a024d7c1-6de1-4d94-b2f0-d5337d10f9bf,823cc018-20b7-416b-add3-072628777317,pause,2026-01-11 18:03:18.752872+00:00,1409428.0,web-chrome,"{'country': 'SA', 'city': 'Riyadh', 'language': 'ar', 'user_type': 'registered', 'is_subscribed': True, 'trial_user': False, 'autoplay': False, 'is_background_play': True}",podcast,1824,1409.428,0.77
5021,a024d7c1-6de1-4d94-b2f0-d5337d10f9bf,d6709395-c818-4960-b58c-23f46611abb4,play,2026-01-11 18:02:18.752882+00:00,1609998.0,android,"{'country': 'SA', 'city': 'Riyadh', 'language': 'ar', 'user_type': 'registered', 'is_subscribed': True, 'trial_user': False, 'autoplay': False, 'is_background_play': False}",podcast,1824,1609.998,0.88
5022,a024d7c1-6de1-4d94-b2f0-d5337d10f9bf,28db8e56-d3b3-4ca6-bbf5-e8d1afa7ded9,click,2026-01-11 18:27:18.752891+00:00,,android,"{'country': 'SA', 'city': 'Riyadh', 'language': 'ar', 'user_type': 'registered', 'is_subscribed': True, 'trial_user': False, 'autoplay': False, 'is_background_play': False}",podcast,1824,,
5023,a024d7c1-6de1-4d94-b2f0-d5337d10f9bf,8ee128ec-e2d5-4952-8654-92a06120bfb3,click,2026-01-11 18:43:18.752900+00:00,,web-safari,"{'country': 'SA', 'city': 'Riyadh', 'language': 'ar', 'user_type': 'registered', 'is_subscribed': True, 'trial_user': False, 'autoplay': False, 'is_background_play': False}",podcast,1824,,
5024,a024d7c1-6de1-4d94-b2f0-d5337d10f9bf,77afae04-bb06-40bb-a7c3-873cd759433f,pause,2026-01-11 18:23:18.752909+00:00,,android,"{'country': 'SA', 'city': 'Riyadh', 'language': 'ar', 'user_type': 'registered', 'is_subscribed': True, 'trial_user': False, 'autoplay': False, 'is_background_play': False}",podcast,1824,,
5025,a024d7c1-6de1-4d94-b2f0-d5337d10f9bf,7b9d240b-003f-478a-a182-e1959af7528d,play,2026-01-11 18:03:18.752918+00:00,1702826.0,android,"{'country': 'SA', 'city': 'Riyadh', 'language': 'ar', 'user_type': 'registered', 'is_subscribed': True, 'trial_user': False, 'autoplay': False, 'is_background_play': True}",podcast,1824,1702.826,0.93
5026,a024d7c1-6de1-4d94-b2f0-d5337d10f9bf,181558f5-96e3-4b24-981c-d5868c02efe4,click,2026-01-11 18:02:18.752927+00:00,,web-safari,"{'country': 'SA', 'city': 'Riyadh', 'language': 'ar', 'user_type': 'registered', 'is_subscribed': True, 'trial_user': False, 'autoplay': False, 'is_background_play': True}",podcast,1824,,
5027,a024d7c1-6de1-4d94-b2f0-d5337d10f9bf,55d68ab4-a602-4499-ac12-0aff59587381,pause,2026-01-11 18:09:18.752943+00:00,742489.0,web-safari,"{'country': 'SA', 'city': 'Riyadh', 'language': 'ar', 'user_type': 'registered', 'is_subscribed': True, 'trial_user': False, 'autoplay': False, 'is_background_play': True}",podcast,1824,742.489,0.41
5028,a024d7c1-6de1-4d94-b2f0-d5337d10f9bf,851ad1c0-864d-44ff-8625-a8efef080881,pause,2026-01-11 18:29:18.752953+00:00,902597.0,web-safari,"{'country': 'SA', 'city': 'Riyadh', 'language': 'ar', 'user_type': 'registered', 'is_subscribed': True, 'trial_user': False, 'autoplay': False, 'is_background_play': False}",podcast,1824,902.597,0.49
5029,a024d7c1-6de1-4d94-b2f0-d5337d10f9bf,5e5e87c9-7cce-47f0-abb2-8c60321f5730,play,2026-01-11 18:22:18.752963+00:00,558983.0,web-chrome,"{'country': 'SA', 'city': 'Riyadh', 'language': 'ar', 'user_type': 'registered', 'is_subscribed': True, 'trial_user': False, 'autoplay': False, 'is_background_play': False}",podcast,1824,558.983,0.31
5030,a024d7c1-6de1-4d94-b2f0-d5337d10f9bf,502d5161-1d3b-43f5-8c0d-8c23c89fe30a,play,2026-01-11 18:14:18.752972+00:00,1290957.0,android,"{'country': 'SA', 'city': 'Riyadh', 'language': 'ar', 'user_type': 'registered', 'is_subscribed': True, 'trial_user': False, 'autoplay': False, 'is_background_play': True}",podcast,1824,1290.957,0.71
5031,a024d7c1-6de1-4d94-b2f0-d5337d10f9bf,f2258ae1-131c-402b-92a2-62070133266c,pause,2026-01-11 18:16:18.752982+00:00,714185.0,android,"{'country': 'SA', 'city': 'Riyadh', 'language': 'ar', 'user_type': 'registered', 'is_subscribed': True, 'trial_user': False, 'autoplay': False, 'is_background_play': True}",podcast,1824,714.185,0.39
5032,a024d7c1-6de1-4d94-b2f0-d5337d10f9bf,2851260d-374a-451a-8965-22e3d1b08303,pause,2026-01-11 18:34:18.752991+00:00,195272.0,web-safari,"{'country': 'SA', 'city': 'Riyadh', 'language': 'ar', 'user_type': 'registered', 'is_subscribed': True, 'trial_user': False, 'autoplay': False, 'is_background_play': False}",podcast,1824,195.272,0.11
5033,a024d7c1-6de1-4d94-b2f0-d5337d10f9bf,aa1b1f3e-97f3-4153-a446-3e5da24f37ee,pause,2026-01-11 18:21:18.753000+00:00,1130737.0,android,"{'country': 'SA', 'city': 'Riyadh', 'language': 'ar', 'user_type': 'registered', 'is_subscribed': True, 'trial_user': False, 'autoplay': False, 'is_background_play': False}",podcast,1824,1130.737,0.62
5034,a024d7c1-6de1-4d94-b2f0-d5337d10f9bf,8a3611e6-20f3-45e4-843b-93d63ef1477b,play,2026-01-11 18:39:18.753010+00:00,,web-safari,"{'country': 'SA', 'city': 'Riyadh', 'language': 'ar', 'user_type': 'registered', 'is_subscribed': True, 'trial_user': False, 'autoplay': False, 'is_background_play': False}",podcast,1824,,
5035,a024d7c1-6de1-4d94-b2f0-d5337d10f9bf,f73a7888-c1bc-4511-bc35-426736a7f80d,play,2026-01-11 18:46:18.753019+00:00,142084.0,ios,"{'country': 'SA', 'city': 'Riyadh', 'language': 'ar', 'user_type': 'registered', 'is_subscribed': True, 'trial_user': False, 'autoplay': False, 'is_background_play': True}",podcast,1824,142.084,0.08
5036,a024d7c1-6de1-4d94-b2f0-d5337d10f9bf,51ea11b8-298f-4a62-84de-ee58676cece4,click,2026-01-11 18:45:18.753028+00:00,,web-safari,"{'country': 'SA', 'city': 'Riyadh', 'language': 'ar', 'user_type': 'registered', 'is_subscribed': True, 'trial_user': False, 'autoplay': False, 'is_background_play': False}",podcast,1824,,
5037,a024d7c1-6de1-4d94-b2f0-d5337d10f9bf,9981350a-e90e-47ed-acbf-d46a3ad6f2ea,pause,2026-01-11 18:08:18.753037+00:00,58675.0,web-chrome,"{'country': 'SA', 'city': 'Riyadh', 'language': 'ar', 'user_type': 'registered', 'is_subscribed': True, 'trial_user': False, 'autoplay': False, 'is_background_play': False}",podcast,1824,58.675,0.03
5038,a024d7c1-6de1-4d94-b2f0-d5337d10f9bf,6fdd3fbb-525d-4dae-a4d3-1537c71ce9ad,click,2026-01-11 18:21:18.753046+00:00,,web-safari,"{'country': 'SA', 'city': 'Riyadh', 'language': 'ar', 'user_type': 'registered', 'is_subscribed': True, 'trial_user': False, 'autoplay': False, 'is_background_play': True}",podcast,1824,,
5039,a024d7c1-6de1-4d94-b2f0-d5337d10f9bf,19fbc75a-2d31-415f-8925-7312d339d8b2,play,2026-01-11 18:20:18.753055+00:00,230963.0,ios,"{'country': 'SA', 'city': 'Riyadh', 'language': 'ar', 'user_type': 'registered', 'is_subscribed': True, 'trial_user': False, 'autoplay': False, 'is_background_play': True}",podcast,1824,230.963,0.13
5040,a024d7c1-6de1-4d94-b2f0-d5337d10f9bf,a0d3bfaf-2f3f-4e67-8b43-5362da0c7265,finish,2026-01-11 18:11:18.753064+00:00,442576.0,android,"{'country': 'SA', 'city': 'Riyadh', 'language': 'ar', 'user_type': 'registered', 'is_subscribed': True, 'trial_user': False, 'autoplay': False, 'is_background_play': False}",podcast,1824,442.576,0.24
5041,6b1cb48d-3ba6-4499-8351-ebc650f6390c,94432278-63aa-4486-b0ab-f2dfa9e35843,pause,2026-01-11 18:33:18.753074+00:00,465046.0,android,"{'country': 'SA', 'city': 'Riyadh', 'language': 'ar', 'user_type': 'registered', 'is_subscribed': True, 'trial_user': False, 'autoplay': False, 'is_background_play': True}",video,1031,465.046,0.45
5042,6b1cb48d-3ba6-4499-8351-ebc650f6390c,3451b4a7-7ef6-4f2e-a6b4-64c6650d21b6,pause,2026-01-11 18:45:18.753083+00:00,436000.0,web-chrome,"{'country': 'SA', 'city': 'Riyadh', 'language': 'ar', 'user_type': 'registered', 'is_subscribed': True, 'trial_user': False, 'autoplay': False, 'is_background_play': True}",video,1031,436.0,0.42
5043,6b1cb48d-3ba6-4499-8351-ebc650f6390c,d41d4997-512b-436a-b037-37e0d03f7033,click,2026-01-11 17:57:18.753092+00:00,,web-safari,"{'country': 'SA', 'city': 'Riyadh', 'language': 'ar', 'user_type': 'registered', 'is_subscribed': True, 'trial_user': False, 'autoplay': False, 'is_background_play': False}",video,1031,,
5044,6b1cb48d-3ba6-4499-8351-ebc650f6390c,aff35d11-d043-41c0-874c-fe0d0b51bbd4,play,2026-01-11 18:08:18.753101+00:00,596479.0,web-safari,"{'country': 'SA', 'city': 'Riyadh', 'language': 'ar', 'user_type': 'registered', 'is_subscribed': True, 'trial_user': False, 'autoplay': False, 'is_background_play': True}",video,1031,596.479,0.58
5045,6b1cb48d-3ba6-4499-8351-ebc650f6390c,adc6e2a4-b5b8-4cfb-ad07-917c6f61796d,click,2026-01-11 18:22:18.753111+00:00,,ios,"{'country': 'SA', 'city': 'Riyadh', 'language': 'ar', 'user_type': 'registered', 'is_subscribed': True, 'trial_user': False, 'autoplay': False, 'is_background_play': True}",video,1031,,
5046,6b1cb48d-3ba6-4499-8351-ebc650f6390c,9225e8c8-b877-49c1-b9fd-d98a4ed64f75,click,2026-01-11 18:19:18.753119+00:00,,web-safari,"{'country': 'SA', 'city': 'Riyadh', 'language': 'ar', 'user_type': 'registered', 'is_subscribed': True, 'trial_user': False, 'autoplay': False, 'is_background_play': False}",video,1031,,
5047,6b1cb48d-3ba6-4499-8351-ebc650f6390c,db91f223-31d6-4fe8-b5d5-630402d6d090,finish,2026-01-11 18:32:18.753129+00:00,,android,"{'country': 'SA', 'city': 'Riyadh', 'language': 'ar', 'user_type': 'registered', 'is_subscribed': True, 'trial_user': False, 'autoplay': False, 'is_background_play': False}",video,1031,,
5048,6b1cb48d-3ba6-4499-8351-ebc650f6390c,3ff5abdd-4853-4528-a883-7f5f5e9193b3,click,2026-01-11 18:41:18.753138+00:00,,web-chrome,"{'country': 'SA', 'city': 'Riyadh', 'language': 'ar', 'user_type': 'registered', 'is_subscribed': True, 'trial_user': False, 'autoplay': False, 'is_background_play': False}",video,1031,,
5049,6b1cb48d-3ba6-4499-8351-ebc650f6390c,252f4a62-5d97-44a7-9cc6-eb9228589ebb,finish,2026-01-11 18:00:18.753147+00:00,996423.0,ios,"{'country': 'SA', 'city': 'Riyadh', 'language': 'ar', 'user_type': 'registered', 'is_subscribed': True, 'trial_user': False, 'autoplay': False, 'is_background_play': False}",video,1031,996.423,0.97
5050,6b1cb48d-3ba6-4499-8351-ebc650f6390c,809c8ab1-419b-49fb-a4b1-63bf8dfed363,finish,2026-01-11 18:15:18.753157+00:00,30805.0,ios,"{'country': 'SA', 'city': 'Riyadh', 'language': 'ar', 'user_type': 'registered', 'is_subscribed': True, 'trial_user': False, 'autoplay': False, 'is_background_play': True}",video,1031,30.805,0.03
5051,6b1cb48d-3ba6-4499-8351-ebc650f6390c,d28d361b-0a53-4b89-9cb5-03168f4ae432,play,2026-01-11 18:23:18.753166+00:00,339410.0,android,"{'country': 'SA', 'city': 'Riyadh', 'language': 'ar', 'user_type': 'registered', 'is_subscribed': True, 'trial_user': False, 'autoplay': False, 'is_background_play': True}",video,1031,339.41,0.33
5052,6b1cb48d-3ba6-4499-8351-ebc650f6390c,8ca1eff6-d8a7-43c3-a169-f16ca20d36d6,play,2026-01-11 17:59:18.753181+00:00,987106.0,web-chrome,"{'country': 'SA', 'city': 'Riyadh', 'language': 'ar', 'user_type': 'registered', 'is_subscribed': True, 'trial_user': False, 'autoplay': False, 'is_background_play': False}",video,1031,987.106,0.96
5053,6b1cb48d-3ba6-4499-8351-ebc650f6390c,f962d5b3-f10f-4c17-bd05-1c5cdb7cffd5,click,2026-01-11 18:08:18.753191+00:00,,ios,"{'country': 'SA', 'city': 'Riyadh', 'language': 'ar', 'user_type': 'registered', 'is_subscribed': True, 'trial_user': False, 'autoplay': False, 'is_background_play': True}",video,1031,,
5054,6b1cb48d-3ba6-4499-8351-ebc650f6390c,8ff5b6e8-b684-40fe-867f-1481a967f2cb,click,2026-01-11 18:15:18.753200+00:00,,android,"{'country': 'SA', 'city': 'Riyadh', 'language': 'ar', 'user_type': 'registered', 'is_subscribed': True, 'trial_user': False, 'autoplay': False, 'is_background_play': True}",video,1031,,
5055,6b1cb48d-3ba6-4499-8351-ebc650f6390c,bc9b31ad-b492-4863-b820-146a7eb8b6e8,play,2026-01-11 18:36:18.753209+00:00,552010.0,ios,"{'country': 'SA', 'city': 'Riyadh', 'language': 'ar', 'user_type': 'registered', 'is_subscribed': True, 'trial_user': False, 'autoplay': False, 'is_background_play': True}",video,1031,552.01,0.54
5056,6b1cb48d-3ba6-4499-8351-ebc650f6390c,f6e2fd64-79f8-44bb-8482-f0f99dca4caf,play,2026-01-11 18:53:18.753218+00:00,796248.0,ios,"{'country': 'SA', 'city': 'Riyadh', 'language': 'ar', 'user_type': 'registered', 'is_subscribed': True, 'trial_user': False, 'autoplay': False, 'is_background_play': True}",video,1031,796.248,0.77
5057,6b1cb48d-3ba6-4499-8351-ebc650f6390c,aad6f4a5-1407-4f65-9706-ddc8481b951f,pause,2026-01-11 18:35:18.753228+00:00,45206.0,android,"{'country': 'SA', 'city': 'Riyadh', 'language': 'ar', 'user_type': 'registered', 'is_subscribed': True, 'trial_user': False, 'autoplay': False, 'is_background_play': True}",video,1031,45.206,0.04
5058,6b1cb48d-3ba6-4499-8351-ebc650f6390c,aa913398-8d25-49f5-bf4f-e0af7701ed6f,play,2026-01-11 18:32:18.753237+00:00,,android,"{'country': 'SA', 'city': 'Riyadh', 'language': 'ar', 'user_type': 'registered', 'is_subscribed': True, 'trial_user': False, 'autoplay': False, 'is_background_play': False}",video,1031,,
5059,6b1cb48d-3ba6-4499-8351-ebc650f6390c,d1ec29ff-ffbf-4556-8234-7f64c32043b1,play,2026-01-11 18:14:18.753246+00:00,,web-chrome,"{'country': 'SA', 'city': 'Riyadh', 'language': 'ar', 'user_type': 'registered', 'is_subscribed': True, 'trial_user': False, 'autoplay': False, 'is_background_play': False}",video,1031,,
5060,6b1cb48d-3ba6-4499-8351-ebc650f6390c,45e14d43-b4e9-4920-a0bc-5000de07299c,finish,2026-01-11 18:49:18.753255+00:00,342138.0,android,"{'country': 'SA', 'city': 'Riyadh', 'language': 'ar', 'user_type': 'registered', 'is_subscribed': True, 'trial_user': False, 'autoplay': False, 'is_background_play': True}",video,1031,342.138,0.33
5061,6b1cb48d-3ba6-4499-8351-ebc650f6390c,c080da78-2025-4c32-9b79-a410a10b1b42,finish,2026-01-11 18:20:18.753264+00:00,566946.0,web-chrome,"{'country': 'SA', 'city': 'Riyadh', 'language': 'ar', 'user_type': 'registered', 'is_subscribed': True, 'trial_user': False, 'autoplay': False, 'is_background_play': True}",video,1031,566.946,0.55
5062,6b1cb48d-3ba6-4499-8351-ebc650f6390c,24e829c0-235f-4bc8-a6d1-281be6517195,play,2026-01-11 18:39:18.753273+00:00,114367.0,web-safari,"{'country': 'SA', 'city': 'Riyadh', 'language': 'ar', 'user_type': 'registered', 'is_subscribed': True, 'trial_user': False, 'autoplay': False, 'is_background_play': True}",video,1031,114.367,0.11
5063,6b1cb48d-3ba6-4499-8351-ebc650f6390c,a9de6db5-168a-4b42-987d-ee5003e8a2b6,finish,2026-01-11 18:33:18.753283+00:00,863910.0,web-safari,"{'country': 'SA', 'city': 'Riyadh', 'language': 'ar', 'user_type': 'registered', 'is_subscribed': True, 'trial_user': False, 'autoplay': False, 'is_background_play': True}",video,1031,863.91,0.84
5064,6b1cb48d-3ba6-4499-8351-ebc650f6390c,8845b078-a5b6-47c7-989d-3563142d6d80,click,2026-01-11 18:30:18.753292+00:00,,web-chrome,"{'country': 'SA', 'city': 'Riyadh', 'language': 'ar', 'user_type': 'registered', 'is_subscribed': True, 'trial_user': False, 'autoplay': False, 'is_background_play': False}",video,1031,,
5065,6b1cb48d-3ba6-4499-8351-ebc650f6390c,5be0fb55-8d6f-40af-b3e3-d856687eb2c6,pause,2026-01-11 18:52:18.753301+00:00,234444.0,ios,"{'country': 'SA', 'city': 'Riyadh', 'language': 'ar', 'user_type': 'registered', 'is_subscribed': True, 'trial_user': False, 'autoplay': False, 'is_background_play': False}",video,1031,234.444,0.23
5066,6b1cb48d-3ba6-4499-8351-ebc650f6390c,f569a6b1-c18d-4501-81d9-dc6c00c535cc,finish,2026-01-11 18:25:18.753310+00:00,29881.0,web-chrome,"{'country': 'SA', 'city': 'Riyadh', 'language': 'ar', 'user_type': 'registered', 'is_subscribed': True, 'trial_user': False, 'autoplay': False, 'is_background_play': False}",video,1031,29.881,0.03
5067,6b1cb48d-3ba6-4499-8351-ebc650f6390c,9bc9bf96-904e-44bd-9879-baa7be4fd3fb,finish,2026-01-11 18:39:18.753320+00:00,890532.0,android,"{'country': 'SA', 'city': 'Riyadh', 'language': 'ar', 'user_type': 'registered', 'is_subscribed': True, 'trial_user': False, 'autoplay': False, 'is_background_play': False}",video,1031,890.532,0.86
5068,6b1cb48d-3ba6-4499-8351-ebc650f6390c,ed483975-2dca-46d3-8dbb-1ca8cc582025,click,2026-01-11 18:46:18.753329+00:00,,web-safari,"{'country': 'SA', 'city': 'Riyadh', 'language': 'ar', 'user_type': 'registered', 'is_subscribed': True, 'trial_user': False, 'autoplay': False, 'is_background_play': True}",video,1031,,
5069,6b1cb48d-3ba6-4499-8351-ebc650f6390c,92e412c8-822e-4b7b-8fb9-bd5c9f9fca56,click,2026-01-11 18:16:18.753337+00:00,,web-safari,"{'country': 'SA', 'city': 'Riyadh', 'language': 'ar', 'user_type': 'registered', 'is_subscribed': True, 'trial_user': False, 'autoplay': False, 'is_background_play': False}",video,1031,,
5070,6b1cb48d-3ba6-4499-8351-ebc650f6390c,22f83f7f-fd41-47e9-908e-ae040e2ef8d6,finish,2026-01-11 18:42:18.753346+00:00,496776.0,android,"{'country': 'SA', 'city': 'Riyadh', 'language': 'ar', 'user_type': 'registered', 'is_subscribed': True, 'trial_user': False, 'autoplay': False, 'is_background_play': False}",video,1031,496.776,0.48
5071,6b1cb48d-3ba6-4499-8351-ebc650f6390c,c50501b4-e27a-4b92-84bb-13d25722a7de,finish,2026-01-11 18:14:18.753355+00:00,,web-chrome,"{'country': 'SA', 'city': 'Riyadh', 'language': 'ar', 'user_type': 'registered', 'is_subscribed': True, 'trial_user': False, 'autoplay': False, 'is_background_play': False}",video,1031,,
5072,6b1cb48d-3ba6-4499-8351-ebc650f6390c,d0eace19-e69f-4078-900f-a70f54c887ec,play,2026-01-11 18:50:18.753364+00:00,400241.0,ios,"{'country': 'SA', 'city': 'Riyadh', 'language': 'ar', 'user_type': 'registered', 'is_subscribed': True, 'trial_user': False, 'autoplay': False, 'is_background_play': False}",video,1031,400.241,0.39
5073,6b1cb48d-3ba6-4499-8351-ebc650f6390c,1f8b6dd6-092a-4fa9-845d-96c0b206eec0,play,2026-01-11 18:15:18.753374+00:00,387653.0,web-safari,"{'country': 'SA', 'city': 'Riyadh', 'language': 'ar', 'user_type': 'registered', 'is_subscribed': True, 'trial_user': False, 'autoplay': False, 'is_background_play': False}",video,1031,387.653,0.38
5074,6b1cb48d-3ba6-4499-8351-ebc650f6390c,8517cb5d-e11d-4bbe-8e8c-ad4125498c90,finish,2026-01-11 18:49:18.753383+00:00,394219.0,ios,"{'country': 'SA', 'city': 'Riyadh', 'language': 'ar', 'user_type': 'registered', 'is_subscribed': True, 'trial_user': False, 'autoplay': False, 'is_background_play': True}",video,1031,394.219,0.38
5075,6b1cb48d-3ba6-4499-8351-ebc650f6390c,b84c048c-1d31-40ef-985d-7586b07ca53c,click,2026-01-11 17:58:18.753392+00:00,,android,"{'country': 'SA', 'city': 'Riyadh', 'language': 'ar', 'user_type': 'registered', 'is_subscribed': True, 'trial_user': False, 'autoplay': False, 'is_background_play': True}",video,1031,,
5076,6b1cb48d-3ba6-4499-8351-ebc650f6390c,4dd09a54-5aed-4122-a01d-91e019eb4e45,click,2026-01-11 18:32:18.753401+00:00,,web-safari,"{'country': 'SA', 'city': 'Riyadh', 'language': 'ar', 'user_type': 'registered', 'is_subscribed': True, 'trial_user': False, 'autoplay': False, 'is_background_play': False}",video,1031,,
5077,6b1cb48d-3ba6-4499-8351-ebc650f6390c,8f40c81d-ad6e-4079-94e5-cc6b106b92dc,pause,2026-01-11 18:12:18.753416+00:00,627276.0,web-safari,"{'country': 'SA', 'city': 'Riyadh', 'language': 'ar', 'user_type': 'registered', 'is_subscribed': True, 'trial_user': False, 'autoplay': False, 'is_background_play': True}",video,1031,627.276,0.61
5078,6b1cb48d-3ba6-4499-8351-ebc650f6390c,1abd6de6-ac1b-4c51-b275-ee76f26147af,click,2026-01-11 18:51:18.753426+00:00,,web-safari,"{'country': 'SA', 'city': 'Riyadh', 'language': 'ar', 'user_type': 'registered', 'is_subscribed': True, 'trial_user': False, 'autoplay': False, 'is_background_play': False}",video,1031,,
5079,6b1cb48d-3ba6-4499-8351-ebc650f6390c,7ac26573-7a80-4502-b4fa-c88840cd47c3,play,2026-01-11 17:57:18.753435+00:00,164757.0,android,"{'country': 'SA', 'city': 'Riyadh', 'language': 'ar', 'user_type': 'registered', 'is_subscribed': True, 'trial_user': False, 'autoplay': False, 'is_background_play': False}",video,1031,164.757,0.16
5080,6b1cb48d-3ba6-4499-8351-ebc650f6390c,699b445b-3061-4139-9a94-e4e63133c322,play,2026-01-11 18:36:18.753444+00:00,981698.0,web-safari,"{'country': 'SA', 'city': 'Riyadh', 'language': 'ar', 'user_type': 'registered', 'is_subscribed': True, 'trial_user': False, 'autoplay': False, 'is_background_play': True}",video,1031,981.698,0.95
5081,f7f0df37-692f-456f-8660-c777b27a0e1d,fdebc7cd-f48a-4752-8f4c-45820b193709,click,2026-01-11 18:36:18.753454+00:00,,web-chrome,"{'country': 'SA', 'city': 'Riyadh', 'language': 'ar', 'user_type': 'registered', 'is_subscribed': True, 'trial_user': False, 'autoplay': False, 'is_background_play': True}",newsletter,262,,
5082,f7f0df37-692f-456f-8660-c777b27a0e1d,89e3ff9b-3f50-49fe-9722-a35fa10c0626,play,2026-01-11 18:15:18.753463+00:00,,web-safari,"{'country': 'SA', 'city': 'Riyadh', 'language': 'ar', 'user_type': 'registered', 'is_subscribed': True, 'trial_user': False, 'autoplay': False, 'is_background_play': True}",newsletter,262,,
5083,f7f0df37-692f-456f-8660-c777b27a0e1d,c6561147-ae4c-4300-b576-2755c78ac7a0,pause,2026-01-11 18:28:18.753472+00:00,5042.0,web-chrome,"{'country': 'SA', 'city': 'Riyadh', 'language': 'ar', 'user_type': 'registered', 'is_subscribed': True, 'trial_user': False, 'autoplay': False, 'is_background_play': True}",newsletter,262,5.042,0.02
5084,f7f0df37-692f-456f-8660-c777b27a0e1d,83013935-a40b-47d0-b942-dd4c9657adb0,finish,2026-01-11 18:27:18.753481+00:00,115542.0,web-safari,"{'country': 'SA', 'city': 'Riyadh', 'language': 'ar', 'user_type': 'registered', 'is_subscribed': True, 'trial_user': False, 'autoplay': False, 'is_background_play': True}",newsletter,262,115.542,0.44
5085,f7f0df37-692f-456f-8660-c777b27a0e1d,c3471452-bc17-42a6-92a2-f65c7c08ed60,click,2026-01-11 18:05:18.753490+00:00,,web-safari,"{'country': 'SA', 'city': 'Riyadh', 'language': 'ar', 'user_type': 'registered', 'is_subscribed': True, 'trial_user': False, 'autoplay': False, 'is_background_play': True}",newsletter,262,,
5086,f7f0df37-692f-456f-8660-c777b27a0e1d,e4ce70af-0736-49a0-9d89-966fab588121,pause,2026-01-11 18:00:18.753499+00:00,179136.0,android,"{'country': 'SA', 'city': 'Riyadh', 'language': 'ar', 'user_type': 'registered', 'is_subscribed': True, 'trial_user': False, 'autoplay': False, 'is_background_play': False}",newsletter,262,179.136,0.68
5087,f7f0df37-692f-456f-8660-c777b27a0e1d,112672d3-d979-4cf5-b4f3-f639ccd92105,click,2026-01-11 18:41:18.753508+00:00,,web-safari,"{'country': 'SA', 'city': 'Riyadh', 'language': 'ar', 'user_type': 'registered', 'is_subscribed': True, 'trial_user': False, 'autoplay': False, 'is_background_play': True}",newsletter,262,,
5088,f7f0df37-692f-456f-8660-c777b27a0e1d,0242ff5c-a180-404b-b1bb-e17aa0b2bbcf,play,2026-01-11 18:11:18.753517+00:00,61250.0,web-safari,"{'country': 'SA', 'city': 'Riyadh', 'language': 'ar', 'user_type': 'registered', 'is_subscribed': True, 'trial_user': False, 'autoplay': False, 'is_background_play': True}",newsletter,262,61.25,0.23
5089,f7f0df37-692f-456f-8660-c777b27a0e1d,eac1c10e-f47a-40cd-a322-c484a0749a80,play,2026-01-11 18:31:18.753526+00:00,,web-chrome,"{'country': 'SA', 'city': 'Riyadh', 'language': 'ar', 'user_type': 'registered', 'is_subscribed': True, 'trial_user': False, 'autoplay': False, 'is_background_play': False}",newsletter,262,,
5090,f7f0df37-692f-456f-8660-c777b27a0e1d,0e422497-adf8-4758-b6cd-6c5200810ac9,play,2026-01-11 18:40:18.753535+00:00,218889.0,web-chrome,"{'country': 'SA', 'city': 'Riyadh', 'language': 'ar', 'user_type': 'registered', 'is_subscribed': True, 'trial_user': False, 'autoplay': False, 'is_background_play': False}",newsletter,262,218.889,0.84
5091,f7f0df37-692f-456f-8660-c777b27a0e1d,28ac65b4-503c-4225-9fc9-9113f400fb05,play,2026-01-11 18:12:18.753544+00:00,153551.0,web-safari,"{'country': 'SA', 'city': 'Riyadh', 'language': 'ar', 'user_type': 'registered', 'is_subscribed': True, 'trial_user': False, 'autoplay': False, 'is_background_play': False}",newsletter,262,153.551,0.59
5092,f7f0df37-692f-456f-8660-c777b27a0e1d,bf484eaa-4d3b-42dc-824d-32035410a72e,pause,2026-01-11 18:23:18.753553+00:00,173031.0,android,"{'country': 'SA', 'city': 'Riyadh', 'language': 'ar', 'user_type': 'registered', 'is_subscribed': True, 'trial_user': False, 'autoplay': False, 'is_background_play': False}",newsletter,262,173.031,0.66
5093,f7f0df37-692f-456f-8660-c777b27a0e1d,2ba18390-6794-48f9-ac83-ee9561d2c3ef,pause,2026-01-11 18:23:18.753563+00:00,194615.0,android,"{'country': 'SA', 'city': 'Riyadh', 'language': 'ar', 'user_type': 'registered', 'is_subscribed': True, 'trial_user': False, 'autoplay': False, 'is_background_play': False}",newsletter,262,194.615,0.74
5094,f7f0df37-692f-456f-8660-c777b27a0e1d,736a4729-f102-424d-8068-d4fb53fc26d9,click,2026-01-11 18:20:18.753572+00:00,,ios,"{'country': 'SA', 'city': 'Riyadh', 'language': 'ar', 'user_type': 'registered', 'is_subscribed': True, 'trial_user': False, 'autoplay': False, 'is_background_play': False}",newsletter,262,,
5095,f7f0df37-692f-456f-8660-c777b27a0e1d,9da0d4b2-c1ba-4530-ad1f-de1907869759,play,2026-01-11 18:29:18.753580+00:00,176382.0,android,"{'country': 'SA', 'city': 'Riyadh', 'language': 'ar', 'user_type': 'registered', 'is_subscribed': True, 'trial_user': False, 'autoplay': False, 'is_background_play': True}",newsletter,262,176.382,0.67
5096,f7f0df37-692f-456f-8660-c777b27a0e1d,bfbe7110-2984-4519-afdc-5225a299d872,play,2026-01-11 18:14:18.753590+00:00,63946.0,web-chrome,"{'country': 'SA', 'city': 'Riyadh', 'language': 'ar', 'user_type': 'registered', 'is_subscribed': True, 'trial_user': False, 'autoplay': False, 'is_background_play': False}",newsletter,262,63.946,0.24
5097,f7f0df37-692f-456f-8660-c777b27a0e1d,baf8296b-d192-4683-9692-6397f5b917ed,finish,2026-01-11 18:53:18.753599+00:00,214649.0,web-chrome,"{'country': 'SA', 'city': 'Riyadh', 'language': 'ar', 'user_type': 'registered', 'is_subscribed': True, 'trial_user': False, 'autoplay': False, 'is_background_play': True}",newsletter,262,214.649,0.82
5098,f7f0df37-692f-456f-8660-c777b27a0e1d,cc1132f6-a28b-4a89-8b32-c66cfdf3d9d1,play,2026-01-11 18:10:18.753608+00:00,,web-safari,"{'country': 'SA', 'city': 'Riyadh', 'language': 'ar', 'user_type': 'registered', 'is_subscribed': True, 'trial_user': False, 'autoplay': False, 'is_background_play': False}",newsletter,262,,
5099,f7f0df37-692f-456f-8660-c777b27a0e1d,ac3e7922-b0ee-4fb5-9c1b-782da9cd8164,finish,2026-01-11 18:49:18.753617+00:00,114404.0,ios,"{'country': 'SA', 'city': 'Riyadh', 'language': 'ar', 'user_type': 'registered', 'is_subscribed': True, 'trial_user': False, 'autoplay': False, 'is_background_play': False}",newsletter,262,114.404,0.44
5100,f7f0df37-692f-456f-8660-c777b27a0e1d,aa119f45-8b0e-4784-9370-5a8961ca6187,finish,2026-01-11 18:49:18.753626+00:00,199209.0,web-chrome,"{'country': 'SA', 'city': 'Riyadh', 'language': 'ar', 'user_type': 'registered', 'is_subscribed': True, 'trial_user': False, 'autoplay': False, 'is_background_play': False}",newsletter,262,199.209,0.76
5101,f7f0df37-692f-456f-8660-c777b27a0e1d,45596d63-13e5-47d9-b437-f79fb54a2843,finish,2026-01-11 18:11:18.753636+00:00,22137.0,web-safari,"{'country': 'SA', 'city': 'Riyadh', 'language': 'ar', 'user_type': 'registered', 'is_subscribed': True, 'trial_user': False, 'autoplay': False, 'is_background_play': False}",newsletter,262,22.137,0.08
5102,f7f0df37-692f-456f-8660-c777b27a0e1d,0644b801-1a8e-498e-bfbb-f376925bfd0d,pause,2026-01-11 18:14:18.753651+00:00,222352.0,android,"{'country': 'SA', 'city': 'Riyadh', 'language': 'ar', 'user_type': 'registered', 'is_subscribed': True, 'trial_user': False, 'autoplay': False, 'is_background_play': False}",newsletter,262,222.352,0.85
5103,f7f0df37-692f-456f-8660-c777b27a0e1d,583b7128-a01d-483b-bfea-2d6b5507c479,play,2026-01-11 18:26:18.753662+00:00,53469.0,android,"{'country': 'SA', 'city': 'Riyadh', 'language': 'ar', 'user_type': 'registered', 'is_subscribed': True, 'trial_user': False, 'autoplay': False, 'is_background_play': True}",newsletter,262,53.469,0.2
5104,f7f0df37-692f-456f-8660-c777b27a0e1d,dff779bf-ccd6-4399-ab6f-b01fb6495e01,pause,2026-01-11 18:16:18.753671+00:00,52897.0,web-safari,"{'country': 'SA', 'city': 'Riyadh', 'language': 'ar', 'user_type': 'registered', 'is_subscribed': True, 'trial_user': False, 'autoplay': False, 'is_background_play': False}",newsletter,262,52.897,0.2
5105,f7f0df37-692f-456f-8660-c777b27a0e1d,129295d5-f8a7-45aa-8cc5-57f654c31a6d,click,2026-01-11 18:08:18.753681+00:00,,android,"{'country': 'SA', 'city': 'Riyadh', 'language': 'ar', 'user_type': 'registered', 'is_subscribed': True, 'trial_user': False, 'autoplay': False, 'is_background_play': False}",newsletter,262,,
5106,f7f0df37-692f-456f-8660-c777b27a0e1d,41dc327d-d0c5-4434-abc5-3f559766ac70,play,2026-01-11 18:27:18.753690+00:00,130642.0,web-safari,"{'country': 'SA', 'city': 'Riyadh', 'language': 'ar', 'user_type': 'registered', 'is_subscribed': True, 'trial_user': False, 'autoplay': False, 'is_background_play': False}",newsletter,262,130.642,0.5
5107,f7f0df37-692f-456f-8660-c777b27a0e1d,d871a961-e40e-44c3-8591-513eb9e61907,pause,2026-01-11 18:05:18.753699+00:00,18010.0,android,"{'country': 'SA', 'city': 'Riyadh', 'language': 'ar', 'user_type': 'registered', 'is_subscribed': True, 'trial_user': False, 'autoplay': False, 'is_background_play': False}",newsletter,262,18.01,0.07
5108,f7f0df37-692f-456f-8660-c777b27a0e1d,b0050196-d7af-471f-81cc-90fe68b63c48,play,2026-01-11 17:56:18.753709+00:00,126868.0,web-safari,"{'country': 'SA', 'city': 'Riyadh', 'language': 'ar', 'user_type': 'registered', 'is_subscribed': True, 'trial_user': False, 'autoplay': False, 'is_background_play': False}",newsletter,262,126.868,0.48
5109,f7f0df37-692f-456f-8660-c777b27a0e1d,e628c5b6-54fc-41fd-9fa7-9dbe2ef48697,play,2026-01-11 18:45:18.753718+00:00,,android,"{'country': 'SA', 'city': 'Riyadh', 'language': 'ar', 'user_type': 'registered', 'is_subscribed': True, 'trial_user': False, 'autoplay': False, 'is_background_play': True}",newsletter,262,,
5110,f7f0df37-692f-456f-8660-c777b27a0e1d,3d2ba35f-d3f0-4b57-a0ec-71ff54abc906,finish,2026-01-11 18:54:18.753727+00:00,239286.0,ios,"{'country': 'SA', 'city': 'Riyadh', 'language': 'ar', 'user_type': 'registered', 'is_subscribed': True, 'trial_user': False, 'autoplay': False, 'is_background_play': True}",newsletter,262,239.286,0.91
5111,f7f0df37-692f-456f-8660-c777b27a0e1d,a8dfb4b2-a312-4c1f-a813-6d7ecbdcd340,play,2026-01-11 18:06:18.753736+00:00,129410.0,web-chrome,"{'country': 'SA', 'city': 'Riyadh', 'language': 'ar', 'user_type': 'registered', 'is_subscribed': True, 'trial_user': False, 'autoplay': False, 'is_background_play': True}",newsletter,262,129.41,0.49
5112,f7f0df37-692f-456f-8660-c777b27a0e1d,4a434c2b-b225-40ee-818d-718ede1da499,play,2026-01-11 18:34:18.753746+00:00,221260.0,web-chrome,"{'country': 'SA', 'city': 'Riyadh', 'language': 'ar', 'user_type': 'registered', 'is_subscribed': True, 'trial_user': False, 'autoplay': False, 'is_background_play': True}",newsletter,262,221.26,0.84
5113,f7f0df37-692f-456f-8660-c777b27a0e1d,35d557cb-2117-4378-9233-f327f0273e46,play,2026-01-11 17:58:18.753755+00:00,44541.0,ios,"{'country': 'SA', 'city': 'Riyadh', 'language': 'ar', 'user_type': 'registered', 'is_subscribed': True, 'trial_user': False, 'autoplay': False, 'is_background_play': False}",newsletter,262,44.541,0.17
5114,f7f0df37-692f-456f-8660-c777b27a0e1d,c9766c2e-2d3c-464a-91ce-cca47ffbf5e1,finish,2026-01-11 18:35:18.753764+00:00,38490.0,ios,"{'country': 'SA', 'city': 'Riyadh', 'language': 'ar', 'user_type': 'registered', 'is_subscribed': True, 'trial_user': False, 'autoplay': False, 'is_background_play': False}",newsletter,262,38.49,0.15
5115,f7f0df37-692f-456f-8660-c777b27a0e1d,7a9db089-1228-48d0-98a5-2920b6635571,pause,2026-01-11 18:13:18.753773+00:00,172676.0,android,"{'country': 'SA', 'city': 'Riyadh', 'language': 'ar', 'user_type': 'registered', 'is_subscribed': True, 'trial_user': False, 'autoplay': False, 'is_background_play': True}",newsletter,262,172.676,0.66
5116,f7f0df37-692f-456f-8660-c777b27a0e1d,068aed68-3125-4570-a8e8-b0d06468e4e8,play,2026-01-11 18:51:18.753783+00:00,185855.0,web-safari,"{'country': 'SA', 'city': 'Riyadh', 'language': 'ar', 'user_type': 'registered', 'is_subscribed': True, 'trial_user': False, 'autoplay': False, 'is_background_play': True}",newsletter,262,185.855,0.71
5117,f7f0df37-692f-456f-8660-c777b27a0e1d,4708101f-1308-497f-9e5e-217a8d21bb5c,finish,2026-01-11 18:04:18.753792+00:00,202226.0,web-safari,"{'country': 'SA', 'city': 'Riyadh', 'language': 'ar', 'user_type': 'registered', 'is_subscribed': True, 'trial_user': False, 'autoplay': False, 'is_background_play': False}",newsletter,262,202.226,0.77
5118,f7f0df37-692f-456f-8660-c777b27a0e1d,d40a6729-86aa-4cfa-9d54-57083b16c3a4,pause,2026-01-11 18:23:18.753802+00:00,8199.0,web-safari,"{'country': 'SA', 'city': 'Riyadh', 'language': 'ar', 'user_type': 'registered', 'is_subscribed': True, 'trial_user': False, 'autoplay': False, 'is_background_play': True}",newsletter,262,8.199,0.03
5119,f7f0df37-692f-456f-8660-c777b27a0e1d,3bfe29d7-c171-43dd-9cee-6845e4ed3acc,pause,2026-01-11 18:28:18.753811+00:00,,ios,"{'country': 'SA', 'city': 'Riyadh', 'language': 'ar', 'user_type': 'registered', 'is_subscribed': True, 'trial_user': False, 'autoplay': False, 'is_background_play': False}",newsletter,262,,
5120,f7f0df37-692f-456f-8660-c777b27a0e1d,a417bb9c-aa02-491d-9e2b-f7a85ca74192,play,2026-01-11 18:51:18.753820+00:00,204096.0,ios,"{'country': 'SA', 'city': 'Riyadh', 'language': 'ar', 'user_type': 'registered', 'is_subscribed': True, 'trial_user': False, 'autoplay': False, 'is_background_play': False}",newsletter,262,204.096,0.78
5121,fb798d00-6825-4b88-b2fb-9e3716cce379,f8aa80ce-445c-4c65-b32a-94511d90dde5,pause,2026-01-11 18:48:18.753829+00:00,376434.0,web-chrome,"{'country': 'SA', 'city': 'Riyadh', 'language': 'ar', 'user_type': 'registered', 'is_subscribed': True, 'trial_user': False, 'autoplay': False, 'is_background_play': True}",newsletter,788,376.434,0.48
5122,fb798d00-6825-4b88-b2fb-9e3716cce379,0c88c54b-2bd8-4e07-8cd1-2e934f500f51,click,2026-01-11 18:17:18.753838+00:00,,android,"{'country': 'SA', 'city': 'Riyadh', 'language': 'ar', 'user_type': 'registered', 'is_subscribed': True, 'trial_user': False, 'autoplay': False, 'is_background_play': True}",newsletter,788,,
5123,fb798d00-6825-4b88-b2fb-9e3716cce379,5fc589d7-c4f2-4068-aed5-6b1909b22e7a,play,2026-01-11 18:26:18.753847+00:00,,web-chrome,"{'country': 'SA', 'city': 'Riyadh', 'language': 'ar', 'user_type': 'registered', 'is_subscribed': True, 'trial_user': False, 'autoplay': False, 'is_background_play': True}",newsletter,788,,
5124,fb798d00-6825-4b88-b2fb-9e3716cce379,b0cc6261-4cea-4d07-b14e-cfb4ddfffa50,pause,2026-01-11 18:53:18.753856+00:00,37294.0,web-safari,"{'country': 'SA', 'city': 'Riyadh', 'language': 'ar', 'user_type': 'registered', 'is_subscribed': True, 'trial_user': False, 'autoplay': False, 'is_background_play': True}",newsletter,788,37.294,0.05
5125,fb798d00-6825-4b88-b2fb-9e3716cce379,7368d042-1dff-445c-9fd9-4fd92cb00e66,play,2026-01-11 18:15:18.753865+00:00,489612.0,web-safari,"{'country': 'SA', 'city': 'Riyadh', 'language': 'ar', 'user_type': 'registered', 'is_subscribed': True, 'trial_user': False, 'autoplay': False, 'is_background_play': False}",newsletter,788,489.612,0.62
5126,fb798d00-6825-4b88-b2fb-9e3716cce379,5b2879ea-c2fb-418a-a077-5ee6a2ed05ec,pause,2026-01-11 18:03:18.753875+00:00,607480.0,ios,"{'country': 'SA', 'city': 'Riyadh', 'language': 'ar', 'user_type': 'registered', 'is_subscribed': True, 'trial_user': False, 'autoplay': False, 'is_background_play': True}",newsletter,788,607.48,0.77
5127,fb798d00-6825-4b88-b2fb-9e3716cce379,1f81fab9-b4ff-4f9d-bd89-5ea7f0a7f09b,click,2026-01-11 18:15:18.753891+00:00,,ios,"{'country': 'SA', 'city': 'Riyadh', 'language': 'ar', 'user_type': 'registered', 'is_subscribed': True, 'trial_user': False, 'autoplay': False, 'is_background_play': False}",newsletter,788,,
5128,fb798d00-6825-4b88-b2fb-9e3716cce379,dd62d614-8e1f-48ac-9aae-1ed69b23a462,pause,2026-01-11 18:14:18.753900+00:00,5720.0,web-safari,"{'country': 'SA', 'city': 'Riyadh', 'language': 'ar', 'user_type': 'registered', 'is_subscribed': True, 'trial_user': False, 'autoplay': False, 'is_background_play': True}",newsletter,788,5.72,0.01
5129,fb798d00-6825-4b88-b2fb-9e3716cce379,a12835b1-e0d7-4f02-8b77-45c9581cb31b,pause,2026-01-11 18:52:18.753910+00:00,718992.0,ios,"{'country': 'SA', 'city': 'Riyadh', 'language': 'ar', 'user_type': 'registered', 'is_subscribed': True, 'trial_user': False, 'autoplay': False, 'is_background_play': True}",newsletter,788,718.992,0.91
5130,fb798d00-6825-4b88-b2fb-9e3716cce379,2c6b7b0f-2acc-4897-9b18-f9c0b259e7d4,finish,2026-01-11 18:06:18.753919+00:00,,android,"{'country': 'SA', 'city': 'Riyadh', 'language': 'ar', 'user_type': 'registered', 'is_subscribed': True, 'trial_user': False, 'autoplay': False, 'is_background_play': False}",newsletter,788,,
5131,fb798d00-6825-4b88-b2fb-9e3716cce379,696d984a-a5a7-4140-8012-21cbb325ee94,click,2026-01-11 18:26:18.753928+00:00,,web-safari,"{'country': 'SA', 'city': 'Riyadh', 'language': 'ar', 'user_type': 'registered', 'is_subscribed': True, 'trial_user': False, 'autoplay': False, 'is_background_play': False}",newsletter,788,,
5132,fb798d00-6825-4b88-b2fb-9e3716cce379,5e653ec2-2a9d-4731-8e0a-c47cdccefa73,click,2026-01-11 18:53:18.753937+00:00,,web-safari,"{'country': 'SA', 'city': 'Riyadh', 'language': 'ar', 'user_type': 'registered', 'is_subscribed': True, 'trial_user': False, 'autoplay': False, 'is_background_play': True}",newsletter,788,,
5133,fb798d00-6825-4b88-b2fb-9e3716cce379,63b44f5c-ffbf-4c2a-b3ac-0b8f57e7d18b,play,2026-01-11 18:30:18.753945+00:00,,web-safari,"{'country': 'SA', 'city': 'Riyadh', 'language': 'ar', 'user_type': 'registered', 'is_subscribed': True, 'trial_user': False, 'autoplay': False, 'is_background_play': False}",newsletter,788,,
5134,fb798d00-6825-4b88-b2fb-9e3716cce379,c203e49e-8be7-4e01-aa16-3612e1d93f74,finish,2026-01-11 18:33:18.753954+00:00,548731.0,web-chrome,"{'country': 'SA', 'city': 'Riyadh', 'language': 'ar', 'user_type': 'registered', 'is_subscribed': True, 'trial_user': False, 'autoplay': False, 'is_background_play': True}",newsletter,788,548.731,0.7
5135,fb798d00-6825-4b88-b2fb-9e3716cce379,392640e5-ad4d-44d9-b23e-50fc0d93c717,play,2026-01-11 18:44:18.753963+00:00,274303.0,android,"{'country': 'SA', 'city': 'Riyadh', 'language': 'ar', 'user_type': 'registered', 'is_subscribed': True, 'trial_user': False, 'autoplay': False, 'is_background_play': False}",newsletter,788,274.303,0.35
5136,fb798d00-6825-4b88-b2fb-9e3716cce379,e30d672d-d5cd-4572-9c8d-1f65fddb0924,finish,2026-01-11 18:30:18.753973+00:00,668829.0,android,"{'country': 'SA', 'city': 'Riyadh', 'language': 'ar', 'user_type': 'registered', 'is_subscribed': True, 'trial_user': False, 'autoplay': False, 'is_background_play': False}",newsletter,788,668.829,0.85
5137,fb798d00-6825-4b88-b2fb-9e3716cce379,c7bc10a5-6828-4729-9ea2-1f363510f949,finish,2026-01-11 18:34:18.753982+00:00,608013.0,web-chrome,"{'country': 'SA', 'city': 'Riyadh', 'language': 'ar', 'user_type': 'registered', 'is_subscribed': True, 'trial_user': False, 'autoplay': False, 'is_background_play': True}",newsletter,788,608.013,0.77
5138,fb798d00-6825-4b88-b2fb-9e3716cce379,00a7a740-8d56-4c50-818b-d70e9e100781,play,2026-01-11 18:27:18.753991+00:00,441617.0,web-safari,"{'country': 'SA', 'city': 'Riyadh', 'language': 'ar', 'user_type': 'registered', 'is_subscribed': True, 'trial_user': False, 'autoplay': False, 'is_background_play': True}",newsletter,788,441.617,0.56
5139,fb798d00-6825-4b88-b2fb-9e3716cce379,c9a83fbe-4373-4a55-ba63-18443235b833,play,2026-01-11 18:48:18.754001+00:00,,android,"{'country': 'SA', 'city': 'Riyadh', 'language': 'ar', 'user_type': 'registered', 'is_subscribed': True, 'trial_user': False, 'autoplay': False, 'is_background_play': True}",newsletter,788,,
5140,fb798d00-6825-4b88-b2fb-9e3716cce379,c9471249-87cd-4059-a1e6-54dc7b781ed6,finish,2026-01-11 18:24:18.754009+00:00,33134.0,android,"{'country': 'SA', 'city': 'Riyadh', 'language': 'ar', 'user_type': 'registered', 'is_subscribed': True, 'trial_user': False, 'autoplay': False, 'is_background_play': False}",newsletter,788,33.134,0.04
5141,fb798d00-6825-4b88-b2fb-9e3716cce379,abe3de26-a514-455d-b811-db53af043a38,play,2026-01-11 18:54:18.754019+00:00,780330.0,ios,"{'country': 'SA', 'city': 'Riyadh', 'language': 'ar', 'user_type': 'registered', 'is_subscribed': True, 'trial_user': False, 'autoplay': False, 'is_background_play': False}",newsletter,788,780.33,0.99
5142,fb798d00-6825-4b88-b2fb-9e3716cce379,863f96fa-dae7-40c9-a78a-4fa1b9e03154,play,2026-01-11 18:33:18.754028+00:00,,web-chrome,"{'country': 'SA', 'city': 'Riyadh', 'language': 'ar', 'user_type': 'registered', 'is_subscribed': True, 'trial_user': False, 'autoplay': False, 'is_background_play': False}",newsletter,788,,
5143,fb798d00-6825-4b88-b2fb-9e3716cce379,da127350-b604-46d5-b94a-e1c58d8315ac,pause,2026-01-11 18:09:18.754037+00:00,67383.0,android,"{'country': 'SA', 'city': 'Riyadh', 'language': 'ar', 'user_type': 'registered', 'is_subscribed': True, 'trial_user': False, 'autoplay': False, 'is_background_play': True}",newsletter,788,67.383,0.09
5144,fb798d00-6825-4b88-b2fb-9e3716cce379,ca5ae60f-01bf-4f98-bc30-35171db8b669,pause,2026-01-11 18:46:18.754046+00:00,120517.0,web-safari,"{'country': 'SA', 'city': 'Riyadh', 'language': 'ar', 'user_type': 'registered', 'is_subscribed': True, 'trial_user': False, 'autoplay': False, 'is_background_play': False}",newsletter,788,120.517,0.15
5145,fb798d00-6825-4b88-b2fb-9e3716cce379,5836111c-b3f0-4e42-a645-677efd41bb41,finish,2026-01-11 18:30:18.754056+00:00,583919.0,web-safari,"{'country': 'SA', 'city': 'Riyadh', 'language': 'ar', 'user_type': 'registered', 'is_subscribed': True, 'trial_user': False, 'autoplay': False, 'is_background_play': False}",newsletter,788,583.919,0.74
5146,fb798d00-6825-4b88-b2fb-9e3716cce379,2c964ed5-c727-4077-8a93-4bae553f3fdd,finish,2026-01-11 18:15:18.754065+00:00,733434.0,web-chrome,"{'country': 'SA', 'city': 'Riyadh', 'language': 'ar', 'user_type': 'registered', 'is_subscribed': True, 'trial_user': False, 'autoplay': False, 'is_background_play': True}",newsletter,788,733.434,0.93
5147,fb798d00-6825-4b88-b2fb-9e3716cce379,d1786569-1fd3-4c6c-b4f1-1989b2e135b5,click,2026-01-11 18:44:18.754074+00:00,,web-chrome,"{'country': 'SA', 'city': 'Riyadh', 'language': 'ar', 'user_type': 'registered', 'is_subscribed': True, 'trial_user': False, 'autoplay': False, 'is_background_play': True}",newsletter,788,,
5148,fb798d00-6825-4b88-b2fb-9e3716cce379,104f7dd2-f236-48e7-9b11-3167333d8ce8,finish,2026-01-11 18:44:18.754083+00:00,177456.0,android,"{'country': 'SA', 'city': 'Riyadh', 'language': 'ar', 'user_type': 'registered', 'is_subscribed': True, 'trial_user': False, 'autoplay': False, 'is_background_play': False}",newsletter,788,177.456,0.23
5149,fb798d00-6825-4b88-b2fb-9e3716cce379,f6d94e98-a620-4eb4-8a54-e44f10184363,pause,2026-01-11 17:57:18.754092+00:00,710865.0,web-safari,"{'country': 'SA', 'city': 'Riyadh', 'language': 'ar', 'user_type': 'registered', 'is_subscribed': True, 'trial_user': False, 'autoplay': False, 'is_background_play': True}",newsletter,788,710.865,0.9
5150,fb798d00-6825-4b88-b2fb-9e3716cce379,a22b928d-f56e-404a-baf7-86e9fd639799,finish,2026-01-11 18:20:18.754102+00:00,326526.0,ios,"{'country': 'SA', 'city': 'Riyadh', 'language': 'ar', 'user_type': 'registered', 'is_subscribed': True, 'trial_user': False, 'autoplay': False, 'is_background_play': False}",newsletter,788,326.526,0.41
5151,fb798d00-6825-4b88-b2fb-9e3716cce379,bc06b781-d776-4014-b4e7-6243712be7c5,finish,2026-01-11 18:54:18.754111+00:00,76619.0,ios,"{'country': 'SA', 'city': 'Riyadh', 'language': 'ar', 'user_type': 'registered', 'is_subscribed': True, 'trial_user': False, 'autoplay': False, 'is_background_play': False}",newsletter,788,76.619,0.1
5152,fb798d00-6825-4b88-b2fb-9e3716cce379,8894eec1-c576-4c83-bea9-336bb59ff73f,pause,2026-01-11 18:30:18.754129+00:00,349204.0,web-chrome,"{'country': 'SA', 'city': 'Riyadh', 'language': 'ar', 'user_type': 'registered', 'is_subscribed': True, 'trial_user': False, 'autoplay': False, 'is_background_play': False}",newsletter,788,349.204,0.44
5153,fb798d00-6825-4b88-b2fb-9e3716cce379,215cf685-2c3d-42a6-9931-23ae4a41f4ed,play,2026-01-11 18:44:18.754138+00:00,53280.0,ios,"{'country': 'SA', 'city': 'Riyadh', 'language': 'ar', 'user_type': 'registered', 'is_subscribed': True, 'trial_user': False, 'autoplay': False, 'is_background_play': False}",newsletter,788,53.28,0.07
5154,fb798d00-6825-4b88-b2fb-9e3716cce379,3a9b746e-26df-4ffc-a24a-5e1c013995db,play,2026-01-11 18:19:18.754148+00:00,68316.0,ios,"{'country': 'SA', 'city': 'Riyadh', 'language': 'ar', 'user_type': 'registered', 'is_subscribed': True, 'trial_user': False, 'autoplay': False, 'is_background_play': True}",newsletter,788,68.316,0.09
5155,fb798d00-6825-4b88-b2fb-9e3716cce379,1724f9fa-9c37-45f5-8855-89b9c6e822ae,click,2026-01-11 18:26:18.754157+00:00,,android,"{'country': 'SA', 'city': 'Riyadh', 'language': 'ar', 'user_type': 'registered', 'is_subscribed': True, 'trial_user': False, 'autoplay': False, 'is_background_play': False}",newsletter,788,,
5156,fb798d00-6825-4b88-b2fb-9e3716cce379,f327deb5-89b7-46f1-8e22-174c5b8cd9d8,finish,2026-01-11 18:28:18.754166+00:00,325494.0,web-safari,"{'country': 'SA', 'city': 'Riyadh', 'language': 'ar', 'user_type': 'registered', 'is_subscribed': True, 'trial_user': False, 'autoplay': False, 'is_background_play': True}",newsletter,788,325.494,0.41
5157,fb798d00-6825-4b88-b2fb-9e3716cce379,ae9f677e-7672-461e-a70c-c43dda753abe,click,2026-01-11 17:56:18.754175+00:00,,ios,"{'country': 'SA', 'city': 'Riyadh', 'language': 'ar', 'user_type': 'registered', 'is_subscribed': True, 'trial_user': False, 'autoplay': False, 'is_background_play': True}",newsletter,788,,
5158,fb798d00-6825-4b88-b2fb-9e3716cce379,21aeac6b-9d40-44ae-90b5-b123fb46f622,play,2026-01-11 18:06:18.754183+00:00,3009.0,android,"{'country': 'SA', 'city': 'Riyadh', 'language': 'ar', 'user_type': 'registered', 'is_subscribed': True, 'trial_user': False, 'autoplay': False, 'is_background_play': True}",newsletter,788,3.009,0.0
5159,fb798d00-6825-4b88-b2fb-9e3716cce379,83135249-ca49-4cc4-8384-e324973b3220,click,2026-01-11 18:46:18.754193+00:00,,android,"{'country': 'SA', 'city': 'Riyadh', 'language': 'ar', 'user_type': 'registered', 'is_subscribed': True, 'trial_user': False, 'autoplay': False, 'is_background_play': False}",newsletter,788,,
5160,fb798d00-6825-4b88-b2fb-9e3716cce379,cac1c4c0-ba8f-4850-b5fd-9d835ab7e711,click,2026-01-11 18:22:18.754201+00:00,,web-safari,"{'country': 'SA', 'city': 'Riyadh', 'language': 'ar', 'user_type': 'registered', 'is_subscribed': True, 'trial_user': False, 'autoplay': False, 'is_background_play': False}",newsletter,788,,
5161,c33cb61c-9192-48c3-ba15-700f9a95e851,5f93f277-f391-4b69-bfc2-bf91b5240bf2,finish,2026-01-11 18:08:18.754210+00:00,1013392.0,ios,"{'country': 'SA', 'city': 'Riyadh', 'language': 'ar', 'user_type': 'registered', 'is_subscribed': True, 'trial_user': False, 'autoplay': False, 'is_background_play': False}",podcast,2567,1013.392,0.39
5162,c33cb61c-9192-48c3-ba15-700f9a95e851,999779d4-261f-40b1-b083-a498ff5846de,play,2026-01-11 18:35:18.754219+00:00,673444.0,web-chrome,"{'country': 'SA', 'city': 'Riyadh', 'language': 'ar', 'user_type': 'registered', 'is_subscribed': True, 'trial_user': False, 'autoplay': False, 'is_background_play': False}",podcast,2567,673.444,0.26
5163,c33cb61c-9192-48c3-ba15-700f9a95e851,75676b91-6ec8-4d5c-93ce-b93fee358afc,click,2026-01-11 18:13:18.754229+00:00,,ios,"{'country': 'SA', 'city': 'Riyadh', 'language': 'ar', 'user_type': 'registered', 'is_subscribed': True, 'trial_user': False, 'autoplay': False, 'is_background_play': True}",podcast,2567,,
5164,c33cb61c-9192-48c3-ba15-700f9a95e851,2c6dfed2-07a3-457e-9653-0296c17b5bfe,play,2026-01-11 18:36:18.754237+00:00,,web-chrome,"{'country': 'SA', 'city': 'Riyadh', 'language': 'ar', 'user_type': 'registered', 'is_subscribed': True, 'trial_user': False, 'autoplay': False, 'is_background_play': True}",podcast,2567,,
5165,c33cb61c-9192-48c3-ba15-700f9a95e851,438fc153-e478-4bf3-a2d3-7deba53798e9,finish,2026-01-11 18:44:18.754246+00:00,1023350.0,ios,"{'country': 'SA', 'city': 'Riyadh', 'language': 'ar', 'user_type': 'registered', 'is_subscribed': True, 'trial_user': False, 'autoplay': False, 'is_background_play': False}",podcast,2567,1023.35,0.4
5166,c33cb61c-9192-48c3-ba15-700f9a95e851,2a6e5f6a-b086-4b71-8c96-82d129329307,pause,2026-01-11 18:18:18.754255+00:00,,ios,"{'country': 'SA', 'city': 'Riyadh', 'language': 'ar', 'user_type': 'registered', 'is_subscribed': True, 'trial_user': False, 'autoplay': False, 'is_background_play': True}",podcast,2567,,
5167,c33cb61c-9192-48c3-ba15-700f9a95e851,049ab189-a3e7-4caa-87fb-e412f40524bb,pause,2026-01-11 18:32:18.754264+00:00,1837315.0,web-chrome,"{'country': 'SA', 'city': 'Riyadh', 'language': 'ar', 'user_type': 'registered', 'is_subscribed': True, 'trial_user': False, 'autoplay': False, 'is_background_play': True}",podcast,2567,1837.315,0.72
5168,c33cb61c-9192-48c3-ba15-700f9a95e851,c9cd4cff-907b-40e0-bef3-2dc7d014f937,pause,2026-01-11 18:05:18.754273+00:00,2360396.0,web-chrome,"{'country': 'SA', 'city': 'Riyadh', 'language': 'ar', 'user_type': 'registered', 'is_subscribed': True, 'trial_user': False, 'autoplay': False, 'is_background_play': True}",podcast,2567,2360.396,0.92
5169,c33cb61c-9192-48c3-ba15-700f9a95e851,8e08263f-d91a-44a8-8e44-2bdeaca95d5d,click,2026-01-11 18:55:18.754282+00:00,,ios,"{'country': 'SA', 'city': 'Riyadh', 'language': 'ar', 'user_type': 'registered', 'is_subscribed': True, 'trial_user': False, 'autoplay': False, 'is_background_play': False}",podcast,2567,,
5170,c33cb61c-9192-48c3-ba15-700f9a95e851,5b43b4e7-ac50-4e62-a1f8-e879ab2c1460,pause,2026-01-11 18:37:18.754291+00:00,2076548.0,web-safari,"{'country': 'SA', 'city': 'Riyadh', 'language': 'ar', 'user_type': 'registered', 'is_subscribed': True, 'trial_user': False, 'autoplay': False, 'is_background_play': False}",podcast,2567,2076.548,0.81
5171,c33cb61c-9192-48c3-ba15-700f9a95e851,894df009-df3d-4c6e-8061-78c0836f7428,play,2026-01-11 18:05:18.754300+00:00,1586339.0,web-chrome,"{'country': 'SA', 'city': 'Riyadh', 'language': 'ar', 'user_type': 'registered', 'is_subscribed': True, 'trial_user': False, 'autoplay': False, 'is_background_play': False}",podcast,2567,1586.339,0.62
5172,c33cb61c-9192-48c3-ba15-700f9a95e851,030f7a69-6006-4416-bfd5-87657a305da8,click,2026-01-11 18:38:18.754309+00:00,,web-safari,"{'country': 'SA', 'city': 'Riyadh', 'language': 'ar', 'user_type': 'registered', 'is_subscribed': True, 'trial_user': False, 'autoplay': False, 'is_background_play': False}",podcast,2567,,
5173,c33cb61c-9192-48c3-ba15-700f9a95e851,3e90d432-5691-4248-8b7b-a9b9a22addbf,finish,2026-01-11 18:15:18.754318+00:00,,android,"{'country': 'SA', 'city': 'Riyadh', 'language': 'ar', 'user_type': 'registered', 'is_subscribed': True, 'trial_user': False, 'autoplay': False, 'is_background_play': False}",podcast,2567,,
5174,c33cb61c-9192-48c3-ba15-700f9a95e851,82b6156f-40c5-40cd-8fcd-32260b830cae,play,2026-01-11 18:49:18.754327+00:00,616852.0,web-safari,"{'country': 'SA', 'city': 'Riyadh', 'language': 'ar', 'user_type': 'registered', 'is_subscribed': True, 'trial_user': False, 'autoplay': False, 'is_background_play': False}",podcast,2567,616.852,0.24
5175,c33cb61c-9192-48c3-ba15-700f9a95e851,cbf5d410-8c79-4c97-b53d-29abd4618269,pause,2026-01-11 18:49:18.754336+00:00,1680035.0,web-chrome,"{'country': 'SA', 'city': 'Riyadh', 'language': 'ar', 'user_type': 'registered', 'is_subscribed': True, 'trial_user': False, 'autoplay': False, 'is_background_play': True}",podcast,2567,1680.035,0.65
5176,c33cb61c-9192-48c3-ba15-700f9a95e851,a20d6dff-24c4-4e10-b5cf-97835e0a7915,finish,2026-01-11 18:30:18.754345+00:00,1321672.0,web-chrome,"{'country': 'SA', 'city': 'Riyadh', 'language': 'ar', 'user_type': 'registered', 'is_subscribed': True, 'trial_user': False, 'autoplay': False, 'is_background_play': True}",podcast,2567,1321.672,0.51
5177,c33cb61c-9192-48c3-ba15-700f9a95e851,a0ea80fb-1960-4cdb-b44c-11c2b4d4f112,play,2026-01-11 18:15:18.754361+00:00,2496585.0,ios,"{'country': 'SA', 'city': 'Riyadh', 'language': 'ar', 'user_type': 'registered', 'is_subscribed': True, 'trial_user': False, 'autoplay': False, 'is_background_play': True}",podcast,2567,2496.585,0.97
5178,c33cb61c-9192-48c3-ba15-700f9a95e851,23cceec8-f343-42d4-9fca-f960cbfeb478,finish,2026-01-11 18:20:18.754371+00:00,1065846.0,android,"{'country': 'SA', 'city': 'Riyadh', 'language': 'ar', 'user_type': 'registered', 'is_subscribed': True, 'trial_user': False, 'autoplay': False, 'is_background_play': False}",podcast,2567,1065.846,0.42
5179,c33cb61c-9192-48c3-ba15-700f9a95e851,e5a63593-b499-45d2-b145-ad391aa558b2,finish,2026-01-11 18:14:18.754380+00:00,,web-chrome,"{'country': 'SA', 'city': 'Riyadh', 'language': 'ar', 'user_type': 'registered', 'is_subscribed': True, 'trial_user': False, 'autoplay': False, 'is_background_play': True}",podcast,2567,,
5180,c33cb61c-9192-48c3-ba15-700f9a95e851,17d22945-eee2-4441-8135-f20804587e54,click,2026-01-11 18:32:18.754389+00:00,,ios,"{'country': 'SA', 'city': 'Riyadh', 'language': 'ar', 'user_type': 'registered', 'is_subscribed': True, 'trial_user': False, 'autoplay': False, 'is_background_play': True}",podcast,2567,,
5181,c33cb61c-9192-48c3-ba15-700f9a95e851,37d58339-bdf2-4cc7-a4cb-8803992f6b79,click,2026-01-11 18:47:18.754397+00:00,,ios,"{'country': 'SA', 'city': 'Riyadh', 'language': 'ar', 'user_type': 'registered', 'is_subscribed': True, 'trial_user': False, 'autoplay': False, 'is_background_play': True}",podcast,2567,,
5182,c33cb61c-9192-48c3-ba15-700f9a95e851,b22b5641-313f-4ef5-8d13-8b7c61ba5463,pause,2026-01-11 18:50:18.754406+00:00,2194996.0,web-safari,"{'country': 'SA', 'city': 'Riyadh', 'language': 'ar', 'user_type': 'registered', 'is_subscribed': True, 'trial_user': False, 'autoplay': False, 'is_background_play': False}",podcast,2567,2194.996,0.86
5183,c33cb61c-9192-48c3-ba15-700f9a95e851,e821326e-619c-4a41-8403-f1d26b27587f,click,2026-01-11 18:26:18.754416+00:00,,ios,"{'country': 'SA', 'city': 'Riyadh', 'language': 'ar', 'user_type': 'registered', 'is_subscribed': True, 'trial_user': False, 'autoplay': False, 'is_background_play': False}",podcast,2567,,
5184,c33cb61c-9192-48c3-ba15-700f9a95e851,8cf9b4f9-f89d-4bbd-9c3b-0069072da0bc,play,2026-01-11 18:42:18.754424+00:00,,ios,"{'country': 'SA', 'city': 'Riyadh', 'language': 'ar', 'user_type': 'registered', 'is_subscribed': True, 'trial_user': False, 'autoplay': False, 'is_background_play': False}",podcast,2567,,
5185,c33cb61c-9192-48c3-ba15-700f9a95e851,00985242-090e-4c05-8bf7-f3f55e50cec6,play,2026-01-11 18:14:18.754433+00:00,406771.0,android,"{'country': 'SA', 'city': 'Riyadh', 'language': 'ar', 'user_type': 'registered', 'is_subscribed': True, 'trial_user': False, 'autoplay': False, 'is_background_play': False}",podcast,2567,406.771,0.16
5186,c33cb61c-9192-48c3-ba15-700f9a95e851,06646ca8-4fab-4f0e-b22d-99cb9ca818d2,click,2026-01-11 18:07:18.754443+00:00,,android,"{'country': 'SA', 'city': 'Riyadh', 'language': 'ar', 'user_type': 'registered', 'is_subscribed': True, 'trial_user': False, 'autoplay': False, 'is_background_play': False}",podcast,2567,,
5187,c33cb61c-9192-48c3-ba15-700f9a95e851,1dcc30de-5e67-42b9-b65f-0ce14ea4d2ae,pause,2026-01-11 18:46:18.754451+00:00,1736334.0,android,"{'country': 'SA', 'city': 'Riyadh', 'language': 'ar', 'user_type': 'registered', 'is_subscribed': True, 'trial_user': False, 'autoplay': False, 'is_background_play': False}",podcast,2567,1736.334,0.68
5188,c33cb61c-9192-48c3-ba15-700f9a95e851,6a75e735-8407-4b59-af1e-c2af0741ffed,play,2026-01-11 18:51:18.754460+00:00,1422346.0,ios,"{'country': 'SA', 'city': 'Riyadh', 'language': 'ar', 'user_type': 'registered', 'is_subscribed': True, 'trial_user': False, 'autoplay': False, 'is_background_play': False}",podcast,2567,1422.346,0.55
5189,c33cb61c-9192-48c3-ba15-700f9a95e851,9019f550-7e34-48e1-84b9-def93ac79fc4,play,2026-01-11 18:35:18.754470+00:00,,web-chrome,"{'country': 'SA', 'city': 'Riyadh', 'language': 'ar', 'user_type': 'registered', 'is_subscribed': True, 'trial_user': False, 'autoplay': False, 'is_background_play': False}",podcast,2567,,
5190,c33cb61c-9192-48c3-ba15-700f9a95e851,4f7e316d-8a99-4b99-bb5c-b83c5a8d6ad5,pause,2026-01-11 18:25:18.754478+00:00,2237042.0,android,"{'country': 'SA', 'city': 'Riyadh', 'language': 'ar', 'user_type': 'registered', 'is_subscribed': True, 'trial_user': False, 'autoplay': False, 'is_background_play': False}",podcast,2567,2237.042,0.87
5191,c33cb61c-9192-48c3-ba15-700f9a95e851,a7305fc9-619d-4d0c-a2b4-f8396a2c9d72,play,2026-01-11 18:05:18.754487+00:00,291528.0,web-chrome,"{'country': 'SA', 'city': 'Riyadh', 'language': 'ar', 'user_type': 'registered', 'is_subscribed': True, 'trial_user': False, 'autoplay': False, 'is_background_play': False}",podcast,2567,291.528,0.11
5192,c33cb61c-9192-48c3-ba15-700f9a95e851,4cd728c9-5d23-4221-9034-e27fa8b83427,play,2026-01-11 18:50:18.754497+00:00,2376849.0,web-chrome,"{'country': 'SA', 'city': 'Riyadh', 'language': 'ar', 'user_type': 'registered', 'is_subscribed': True, 'trial_user': False, 'autoplay': False, 'is_background_play': True}",podcast,2567,2376.849,0.93
5193,c33cb61c-9192-48c3-ba15-700f9a95e851,add07f13-bc12-4f5d-8aec-37061c6fe021,play,2026-01-11 18:42:18.754506+00:00,838077.0,android,"{'country': 'SA', 'city': 'Riyadh', 'language': 'ar', 'user_type': 'registered', 'is_subscribed': True, 'trial_user': False, 'autoplay': False, 'is_background_play': True}",podcast,2567,838.077,0.33
5194,c33cb61c-9192-48c3-ba15-700f9a95e851,f4c93d2d-a516-49ab-b62f-730805a845dc,pause,2026-01-11 18:49:18.754515+00:00,,web-safari,"{'country': 'SA', 'city': 'Riyadh', 'language': 'ar', 'user_type': 'registered', 'is_subscribed': True, 'trial_user': False, 'autoplay': False, 'is_background_play': True}",podcast,2567,,
5195,c33cb61c-9192-48c3-ba15-700f9a95e851,35efc88f-6929-4c5b-9127-832e1741e75d,click,2026-01-11 18:46:18.754523+00:00,,ios,"{'country': 'SA', 'city': 'Riyadh', 'language': 'ar', 'user_type': 'registered', 'is_subscribed': True, 'trial_user': False, 'autoplay': False, 'is_background_play': False}",podcast,2567,,
5196,c33cb61c-9192-48c3-ba15-700f9a95e851,a1860e73-c12a-4fc2-af81-c4aeacca1367,click,2026-01-11 18:29:18.754532+00:00,,android,"{'country': 'SA', 'city': 'Riyadh', 'language': 'ar', 'user_type': 'registered', 'is_subscribed': True, 'trial_user': False, 'autoplay': False, 'is_background_play': False}",podcast,2567,,
5197,c33cb61c-9192-48c3-ba15-700f9a95e851,b5148e99-3dc5-43b2-87d9-01935d3ead6f,pause,2026-01-11 18:28:18.754541+00:00,1599336.0,web-chrome,"{'country': 'SA', 'city': 'Riyadh', 'language': 'ar', 'user_type': 'registered', 'is_subscribed': True, 'trial_user': False, 'autoplay': False, 'is_background_play': False}",podcast,2567,1599.336,0.62
5198,c33cb61c-9192-48c3-ba15-700f9a95e851,f0dd9786-0b24-48df-a8eb-b3d5d1153c13,pause,2026-01-11 18:55:18.754550+00:00,2535318.0,web-chrome,"{'country': 'SA', 'city': 'Riyadh', 'language': 'ar', 'user_type': 'registered', 'is_subscribed': True, 'trial_user': False, 'autoplay': False, 'is_background_play': False}",podcast,2567,2535.318,0.99
5199,c33cb61c-9192-48c3-ba15-700f9a95e851,f7a6f91e-2b76-4be0-a906-98089869937c,pause,2026-01-11 18:33:18.754559+00:00,1368867.0,web-chrome,"{'country': 'SA', 'city': 'Riyadh', 'language': 'ar', 'user_type': 'registered', 'is_subscribed': True, 'trial_user': False, 'autoplay': False, 'is_background_play': True}",podcast,2567,1368.867,0.53
5200,c33cb61c-9192-48c3-ba15-700f9a95e851,b5808311-ba66-4f46-943c-39119dfe1968,play,2026-01-11 18:39:18.754568+00:00,94726.0,web-safari,"{'country': 'SA', 'city': 'Riyadh', 'language': 'ar', 'user_type': 'registered', 'is_subscribed': True, 'trial_user': False, 'autoplay': False, 'is_background_play': False}",podcast,2567,94.726,0.04
5201,849814c6-c0ec-4d59-80b2-a1baee288e73,ae534070-bb1d-4a31-b739-ea4fb2281f7b,click,2026-01-11 18:53:18.754578+00:00,,ios,"{'country': 'SA', 'city': 'Riyadh', 'language': 'ar', 'user_type': 'registered', 'is_subscribed': True, 'trial_user': False, 'autoplay': False, 'is_background_play': True}",podcast,2940,,
5202,849814c6-c0ec-4d59-80b2-a1baee288e73,7fc20f1c-ff09-41bd-ae78-735d43e5e6f7,finish,2026-01-11 18:28:18.754592+00:00,405425.0,web-chrome,"{'country': 'SA', 'city': 'Riyadh', 'language': 'ar', 'user_type': 'registered', 'is_subscribed': True, 'trial_user': False, 'autoplay': False, 'is_background_play': False}",podcast,2940,405.425,0.14
5203,849814c6-c0ec-4d59-80b2-a1baee288e73,5e76e048-5953-4849-a315-0867b4b996d8,play,2026-01-11 18:28:18.754602+00:00,,web-chrome,"{'country': 'SA', 'city': 'Riyadh', 'language': 'ar', 'user_type': 'registered', 'is_subscribed': True, 'trial_user': False, 'autoplay': False, 'is_background_play': False}",podcast,2940,,
5204,849814c6-c0ec-4d59-80b2-a1baee288e73,6e7cfea6-a0e9-4ba5-b178-1410b6cf371d,finish,2026-01-11 18:45:18.754611+00:00,1524135.0,web-chrome,"{'country': 'SA', 'city': 'Riyadh', 'language': 'ar', 'user_type': 'registered', 'is_subscribed': True, 'trial_user': False, 'autoplay': False, 'is_background_play': False}",podcast,2940,1524.135,0.52
5205,849814c6-c0ec-4d59-80b2-a1baee288e73,d18ec951-8928-40f0-a491-2328fea0b5a7,pause,2026-01-11 17:58:18.754620+00:00,2760289.0,web-safari,"{'country': 'SA', 'city': 'Riyadh', 'language': 'ar', 'user_type': 'registered', 'is_subscribed': True, 'trial_user': False, 'autoplay': False, 'is_background_play': False}",podcast,2940,2760.289,0.94
5206,849814c6-c0ec-4d59-80b2-a1baee288e73,78b25369-323b-4f43-845b-302a2520eb3e,pause,2026-01-11 18:13:18.754629+00:00,2156033.0,android,"{'country': 'SA', 'city': 'Riyadh', 'language': 'ar', 'user_type': 'registered', 'is_subscribed': True, 'trial_user': False, 'autoplay': False, 'is_background_play': False}",podcast,2940,2156.033,0.73
5207,849814c6-c0ec-4d59-80b2-a1baee288e73,15ed7125-de16-4692-867b-fa6b4714ccd6,click,2026-01-11 18:43:18.754639+00:00,,web-chrome,"{'country': 'SA', 'city': 'Riyadh', 'language': 'ar', 'user_type': 'registered', 'is_subscribed': True, 'trial_user': False, 'autoplay': False, 'is_background_play': False}",podcast,2940,,
5208,849814c6-c0ec-4d59-80b2-a1baee288e73,70ccb587-f3cf-444f-8f35-424970b99be8,click,2026-01-11 18:43:18.754647+00:00,,ios,"{'country': 'SA', 'city': 'Riyadh', 'language': 'ar', 'user_type': 'registered', 'is_subscribed': True, 'trial_user': False, 'autoplay': False, 'is_background_play': True}",podcast,2940,,
5209,849814c6-c0ec-4d59-80b2-a1baee288e73,7aa67e5e-c7d7-4cb8-b668-290d870006a6,finish,2026-01-11 18:30:18.754656+00:00,595335.0,ios,"{'country': 'SA', 'city': 'Riyadh', 'language': 'ar', 'user_type': 'registered', 'is_subscribed': True, 'trial_user': False, 'autoplay': False, 'is_background_play': False}",podcast,2940,595.335,0.2
5210,849814c6-c0ec-4d59-80b2-a1baee288e73,8bff7afb-d873-4289-ba1c-74ee4716f8e3,click,2026-01-11 18:10:18.754666+00:00,,android,"{'country': 'SA', 'city': 'Riyadh', 'language': 'ar', 'user_type': 'registered', 'is_subscribed': True, 'trial_user': False, 'autoplay': False, 'is_background_play': False}",podcast,2940,,
5211,849814c6-c0ec-4d59-80b2-a1baee288e73,837e46d0-99db-46bc-acad-abadfec9bf84,pause,2026-01-11 18:31:18.754674+00:00,,web-chrome,"{'country': 'SA', 'city': 'Riyadh', 'language': 'ar', 'user_type': 'registered', 'is_subscribed': True, 'trial_user': False, 'autoplay': False, 'is_background_play': True}",podcast,2940,,
5212,849814c6-c0ec-4d59-80b2-a1baee288e73,0994882e-3df6-4e4f-8bec-ffee155a9386,pause,2026-01-11 18:18:18.754683+00:00,242256.0,web-safari,"{'country': 'SA', 'city': 'Riyadh', 'language': 'ar', 'user_type': 'registered', 'is_subscribed': True, 'trial_user': False, 'autoplay': False, 'is_background_play': True}",podcast,2940,242.256,0.08
5213,849814c6-c0ec-4d59-80b2-a1baee288e73,f894f54e-04a4-492e-9b85-e7b6ad56ac27,finish,2026-01-11 18:55:18.754692+00:00,1197411.0,ios,"{'country': 'SA', 'city': 'Riyadh', 'language': 'ar', 'user_type': 'registered', 'is_subscribed': True, 'trial_user': False, 'autoplay': False, 'is_background_play': False}",podcast,2940,1197.411,0.41
5214,849814c6-c0ec-4d59-80b2-a1baee288e73,1faa95d4-2a76-4bf8-a735-91cfa16c42b5,finish,2026-01-11 18:04:18.754702+00:00,1655575.0,android,"{'country': 'SA', 'city': 'Riyadh', 'language': 'ar', 'user_type': 'registered', 'is_subscribed': True, 'trial_user': False, 'autoplay': False, 'is_background_play': False}",podcast,2940,1655.575,0.56
5215,849814c6-c0ec-4d59-80b2-a1baee288e73,42080f77-5acc-477e-a824-976f5afdfd1c,click,2026-01-11 17:57:18.754711+00:00,,android,"{'country': 'SA', 'city': 'Riyadh', 'language': 'ar', 'user_type': 'registered', 'is_subscribed': True, 'trial_user': False, 'autoplay': False, 'is_background_play': False}",podcast,2940,,
5216,849814c6-c0ec-4d59-80b2-a1baee288e73,36301a7f-da03-4c29-946e-ccbe7ee86739,pause,2026-01-11 18:43:18.754720+00:00,12300.0,android,"{'country': 'SA', 'city': 'Riyadh', 'language': 'ar', 'user_type': 'registered', 'is_subscribed': True, 'trial_user': False, 'autoplay': False, 'is_background_play': False}",podcast,2940,12.3,0.0
5217,849814c6-c0ec-4d59-80b2-a1baee288e73,d551e15e-d4c9-4c22-869e-ab8ea1a6f591,pause,2026-01-11 18:06:18.754730+00:00,612803.0,web-safari,"{'country': 'SA', 'city': 'Riyadh', 'language': 'ar', 'user_type': 'registered', 'is_subscribed': True, 'trial_user': False, 'autoplay': False, 'is_background_play': True}",podcast,2940,612.803,0.21
5218,849814c6-c0ec-4d59-80b2-a1baee288e73,c82a07dc-8cb7-441a-8655-938f23c8db74,play,2026-01-11 18:23:18.754739+00:00,1369836.0,ios,"{'country': 'SA', 'city': 'Riyadh', 'language': 'ar', 'user_type': 'registered', 'is_subscribed': True, 'trial_user': False, 'autoplay': False, 'is_background_play': False}",podcast,2940,1369.836,0.47
5219,849814c6-c0ec-4d59-80b2-a1baee288e73,a0f72199-e1bc-429e-bf88-ecedf5d23b67,pause,2026-01-11 18:42:18.754748+00:00,2836367.0,web-chrome,"{'country': 'SA', 'city': 'Riyadh', 'language': 'ar', 'user_type': 'registered', 'is_subscribed': True, 'trial_user': False, 'autoplay': False, 'is_background_play': True}",podcast,2940,2836.367,0.96
5220,849814c6-c0ec-4d59-80b2-a1baee288e73,08d6d0d5-764e-413c-86da-4c4f99e2cccc,play,2026-01-11 18:29:18.754758+00:00,1901882.0,web-chrome,"{'country': 'SA', 'city': 'Riyadh', 'language': 'ar', 'user_type': 'registered', 'is_subscribed': True, 'trial_user': False, 'autoplay': False, 'is_background_play': False}",podcast,2940,1901.882,0.65
5221,849814c6-c0ec-4d59-80b2-a1baee288e73,958cb484-3995-42c1-8436-356bc166f44b,pause,2026-01-11 18:06:18.754767+00:00,2549511.0,ios,"{'country': 'SA', 'city': 'Riyadh', 'language': 'ar', 'user_type': 'registered', 'is_subscribed': True, 'trial_user': False, 'autoplay': False, 'is_background_play': False}",podcast,2940,2549.511,0.87
5222,849814c6-c0ec-4d59-80b2-a1baee288e73,e82b4d78-70ee-41af-99d0-1c31f25c565b,play,2026-01-11 18:46:18.754776+00:00,2591033.0,ios,"{'country': 'SA', 'city': 'Riyadh', 'language': 'ar', 'user_type': 'registered', 'is_subscribed': True, 'trial_user': False, 'autoplay': False, 'is_background_play': True}",podcast,2940,2591.033,0.88
5223,849814c6-c0ec-4d59-80b2-a1baee288e73,6345efb4-4f3b-428d-81a5-6086f85e7c02,finish,2026-01-11 18:49:18.754786+00:00,,web-safari,"{'country': 'SA', 'city': 'Riyadh', 'language': 'ar', 'user_type': 'registered', 'is_subscribed': True, 'trial_user': False, 'autoplay': False, 'is_background_play': True}",podcast,2940,,
5224,849814c6-c0ec-4d59-80b2-a1baee288e73,37396c59-8c59-4bc2-9889-acf0f78a1877,play,2026-01-11 18:44:18.754794+00:00,,android,"{'country': 'SA', 'city': 'Riyadh', 'language': 'ar', 'user_type': 'registered', 'is_subscribed': True, 'trial_user': False, 'autoplay': False, 'is_background_play': False}",podcast,2940,,
5225,849814c6-c0ec-4d59-80b2-a1baee288e73,355b754e-1b5d-4bcd-8e01-382bfeb963a4,pause,2026-01-11 17:58:18.754803+00:00,2458493.0,web-safari,"{'country': 'SA', 'city': 'Riyadh', 'language': 'ar', 'user_type': 'registered', 'is_subscribed': True, 'trial_user': False, 'autoplay': False, 'is_background_play': False}",podcast,2940,2458.493,0.84
5226,849814c6-c0ec-4d59-80b2-a1baee288e73,ca8c11fc-e1e3-4e29-b5fd-5cdb3dd8bc5b,pause,2026-01-11 18:41:18.754812+00:00,925246.0,web-chrome,"{'country': 'SA', 'city': 'Riyadh', 'language': 'ar', 'user_type': 'registered', 'is_subscribed': True, 'trial_user': False, 'autoplay': False, 'is_background_play': False}",podcast,2940,925.246,0.31
5227,849814c6-c0ec-4d59-80b2-a1baee288e73,c8c4dd1a-b486-4934-b55d-211ad3c57dfa,pause,2026-01-11 18:34:18.754831+00:00,675046.0,ios,"{'country': 'SA', 'city': 'Riyadh', 'language': 'ar', 'user_type': 'registered', 'is_subscribed': True, 'trial_user': False, 'autoplay': False, 'is_background_play': True}",podcast,2940,675.046,0.23
5228,849814c6-c0ec-4d59-80b2-a1baee288e73,4acbc70d-5d34-49d4-9be6-935d15eb0783,finish,2026-01-11 18:51:18.754841+00:00,632489.0,android,"{'country': 'SA', 'city': 'Riyadh', 'language': 'ar', 'user_type': 'registered', 'is_subscribed': True, 'trial_user': False, 'autoplay': False, 'is_background_play': True}",podcast,2940,632.489,0.22
5229,849814c6-c0ec-4d59-80b2-a1baee288e73,6b020b19-1dfc-455f-9130-41d7b170086b,finish,2026-01-11 18:51:18.754850+00:00,2189285.0,web-chrome,"{'country': 'SA', 'city': 'Riyadh', 'language': 'ar', 'user_type': 'registered', 'is_subscribed': True, 'trial_user': False, 'autoplay': False, 'is_background_play': False}",podcast,2940,2189.285,0.74
5230,849814c6-c0ec-4d59-80b2-a1baee288e73,29163574-b187-468c-8627-600f16da3e75,finish,2026-01-11 18:11:18.754859+00:00,899145.0,web-safari,"{'country': 'SA', 'city': 'Riyadh', 'language': 'ar', 'user_type': 'registered', 'is_subscribed': True, 'trial_user': False, 'autoplay': False, 'is_background_play': False}",podcast,2940,899.145,0.31
5231,849814c6-c0ec-4d59-80b2-a1baee288e73,733c71c8-a32b-44fb-a024-6c65d5df892a,click,2026-01-11 18:06:18.754869+00:00,,web-safari,"{'country': 'SA', 'city': 'Riyadh', 'language': 'ar', 'user_type': 'registered', 'is_subscribed': True, 'trial_user': False, 'autoplay': False, 'is_background_play': False}",podcast,2940,,
5232,849814c6-c0ec-4d59-80b2-a1baee288e73,f6839895-c416-427d-b38b-5f31086bd27f,click,2026-01-11 18:22:18.754877+00:00,,web-chrome,"{'country': 'SA', 'city': 'Riyadh', 'language': 'ar', 'user_type': 'registered', 'is_subscribed': True, 'trial_user': False, 'autoplay': False, 'is_background_play': True}",podcast,2940,,
5233,849814c6-c0ec-4d59-80b2-a1baee288e73,e3b77419-6cd0-4d9c-9754-a24d1ee99cde,finish,2026-01-11 18:00:18.754886+00:00,2633779.0,ios,"{'country': 'SA', 'city': 'Riyadh', 'language': 'ar', 'user_type': 'registered', 'is_subscribed': True, 'trial_user': False, 'autoplay': False, 'is_background_play': False}",podcast,2940,2633.779,0.9
5234,849814c6-c0ec-4d59-80b2-a1baee288e73,24a36c86-61fb-4b68-a3ae-b52c4e05af2c,pause,2026-01-11 18:27:18.754895+00:00,70567.0,web-chrome,"{'country': 'SA', 'city': 'Riyadh', 'language': 'ar', 'user_type': 'registered', 'is_subscribed': True, 'trial_user': False, 'autoplay': False, 'is_background_play': True}",podcast,2940,70.567,0.02
5235,849814c6-c0ec-4d59-80b2-a1baee288e73,4dd1c0e8-9947-45e1-884a-99993b7d2aea,pause,2026-01-11 18:53:18.754905+00:00,1010043.0,ios,"{'country': 'SA', 'city': 'Riyadh', 'language': 'ar', 'user_type': 'registered', 'is_subscribed': True, 'trial_user': False, 'autoplay': False, 'is_background_play': False}",podcast,2940,1010.043,0.34
5236,849814c6-c0ec-4d59-80b2-a1baee288e73,89fbc981-74d8-4605-8208-a9866e0557be,finish,2026-01-11 18:18:18.754914+00:00,,web-chrome,"{'country': 'SA', 'city': 'Riyadh', 'language': 'ar', 'user_type': 'registered', 'is_subscribed': True, 'trial_user': False, 'autoplay': False, 'is_background_play': True}",podcast,2940,,
5237,849814c6-c0ec-4d59-80b2-a1baee288e73,54b8877b-d10c-4444-bba1-3cc837e327b8,finish,2026-01-11 18:43:18.754923+00:00,2029700.0,ios,"{'country': 'SA', 'city': 'Riyadh', 'language': 'ar', 'user_type': 'registered', 'is_subscribed': True, 'trial_user': False, 'autoplay': False, 'is_background_play': True}",podcast,2940,2029.7,0.69
5238,849814c6-c0ec-4d59-80b2-a1baee288e73,85ccc892-572f-4955-aac6-07b89d04a8b1,finish,2026-01-11 18:03:18.754932+00:00,215877.0,android,"{'country': 'SA', 'city': 'Riyadh', 'language': 'ar', 'user_type': 'registered', 'is_subscribed': True, 'trial_user': False, 'autoplay': False, 'is_background_play': False}",podcast,2940,215.877,0.07
5239,849814c6-c0ec-4d59-80b2-a1baee288e73,44a42828-c88e-49f8-9f13-2ece7b7aa84c,click,2026-01-11 18:39:18.754941+00:00,,android,"{'country': 'SA', 'city': 'Riyadh', 'language': 'ar', 'user_type': 'registered', 'is_subscribed': True, 'trial_user': False, 'autoplay': False, 'is_background_play': False}",podcast,2940,,
5240,849814c6-c0ec-4d59-80b2-a1baee288e73,77a5f9bf-4263-46cf-948b-8af917cce309,click,2026-01-11 18:19:18.754950+00:00,,web-safari,"{'country': 'SA', 'city': 'Riyadh', 'language': 'ar', 'user_type': 'registered', 'is_subscribed': True, 'trial_user': False, 'autoplay': False, 'is_background_play': False}",podcast,2940,,
5241,2a2dd5a3-ab5f-49d4-b440-229278c67417,6984bd09-d02e-42c4-ad77-3396cea26cf8,finish,2026-01-11 18:47:18.754959+00:00,1985783.0,web-chrome,"{'country': 'SA', 'city': 'Riyadh', 'language': 'ar', 'user_type': 'registered', 'is_subscribed': True, 'trial_user': False, 'autoplay': False, 'is_background_play': True}",podcast,2357,1985.783,0.84
5242,2a2dd5a3-ab5f-49d4-b440-229278c67417,53556b27-0c66-4777-ace3-3c9d2eabf2d8,click,2026-01-11 18:26:18.754968+00:00,,android,"{'country': 'SA', 'city': 'Riyadh', 'language': 'ar', 'user_type': 'registered', 'is_subscribed': True, 'trial_user': False, 'autoplay': False, 'is_background_play': True}",podcast,2357,,
5243,2a2dd5a3-ab5f-49d4-b440-229278c67417,6b64f17f-a625-4e70-aaee-6ff9c023c463,finish,2026-01-11 18:02:18.754977+00:00,114250.0,android,"{'country': 'SA', 'city': 'Riyadh', 'language': 'ar', 'user_type': 'registered', 'is_subscribed': True, 'trial_user': False, 'autoplay': False, 'is_background_play': False}",podcast,2357,114.25,0.05
5244,2a2dd5a3-ab5f-49d4-b440-229278c67417,48a8c333-3d81-485f-ae90-a80abe25e937,play,2026-01-11 18:51:18.754986+00:00,52594.0,ios,"{'country': 'SA', 'city': 'Riyadh', 'language': 'ar', 'user_type': 'registered', 'is_subscribed': True, 'trial_user': False, 'autoplay': False, 'is_background_play': False}",podcast,2357,52.594,0.02
5245,2a2dd5a3-ab5f-49d4-b440-229278c67417,04e18ee9-ba28-442d-b682-981d79342fd5,play,2026-01-11 18:11:18.754996+00:00,,ios,"{'country': 'SA', 'city': 'Riyadh', 'language': 'ar', 'user_type': 'registered', 'is_subscribed': True, 'trial_user': False, 'autoplay': False, 'is_background_play': True}",podcast,2357,,
5246,2a2dd5a3-ab5f-49d4-b440-229278c67417,cd86b127-98c8-4731-bfc2-09eb42b68887,pause,2026-01-11 18:21:18.755004+00:00,1119823.0,web-chrome,"{'country': 'SA', 'city': 'Riyadh', 'language': 'ar', 'user_type': 'registered', 'is_subscribed': True, 'trial_user': False, 'autoplay': False, 'is_background_play': True}",podcast,2357,1119.823,0.48
5247,2a2dd5a3-ab5f-49d4-b440-229278c67417,686909ed-fdc9-4878-ac8c-a5f0c555ca71,play,2026-01-11 17:59:18.755013+00:00,1668039.0,web-safari,"{'country': 'SA', 'city': 'Riyadh', 'language': 'ar', 'user_type': 'registered', 'is_subscribed': True, 'trial_user': False, 'autoplay': False, 'is_background_play': True}",podcast,2357,1668.039,0.71
5248,2a2dd5a3-ab5f-49d4-b440-229278c67417,1bf4c3f4-c310-419c-8452-f0ec038f4160,play,2026-01-11 18:08:18.755023+00:00,1256814.0,web-chrome,"{'country': 'SA', 'city': 'Riyadh', 'language': 'ar', 'user_type': 'registered', 'is_subscribed': True, 'trial_user': False, 'autoplay': False, 'is_background_play': True}",podcast,2357,1256.814,0.53
5249,2a2dd5a3-ab5f-49d4-b440-229278c67417,e769fcfc-9791-454d-b53e-f172ad1bde76,finish,2026-01-11 18:08:18.755032+00:00,1961921.0,web-safari,"{'country': 'SA', 'city': 'Riyadh', 'language': 'ar', 'user_type': 'registered', 'is_subscribed': True, 'trial_user': False, 'autoplay': False, 'is_background_play': True}",podcast,2357,1961.921,0.83
5250,2a2dd5a3-ab5f-49d4-b440-229278c67417,762bba74-64d3-45da-a1bc-6b907934ce6f,click,2026-01-11 18:10:18.755041+00:00,,ios,"{'country': 'SA', 'city': 'Riyadh', 'language': 'ar', 'user_type': 'registered', 'is_subscribed': True, 'trial_user': False, 'autoplay': False, 'is_background_play': False}",podcast,2357,,
5251,2a2dd5a3-ab5f-49d4-b440-229278c67417,9612f4d6-3d89-4429-a2c7-a2c5ff838cf4,finish,2026-01-11 18:00:18.755050+00:00,461131.0,android,"{'country': 'SA', 'city': 'Riyadh', 'language': 'ar', 'user_type': 'registered', 'is_subscribed': True, 'trial_user': False, 'autoplay': False, 'is_background_play': False}",podcast,2357,461.131,0.2
5252,2a2dd5a3-ab5f-49d4-b440-229278c67417,729d7783-8ae9-406e-90bf-847544cfbfef,play,2026-01-11 18:50:18.755065+00:00,1673278.0,ios,"{'country': 'SA', 'city': 'Riyadh', 'language': 'ar', 'user_type': 'registered', 'is_subscribed': True, 'trial_user': False, 'autoplay': False, 'is_background_play': False}",podcast,2357,1673.278,0.71
5253,2a2dd5a3-ab5f-49d4-b440-229278c67417,3bbb3aaa-7039-41a7-b164-49abf36a9a02,pause,2026-01-11 18:29:18.755075+00:00,,web-chrome,"{'country': 'SA', 'city': 'Riyadh', 'language': 'ar', 'user_type': 'registered', 'is_subscribed': True, 'trial_user': False, 'autoplay': False, 'is_background_play': True}",podcast,2357,,
5254,2a2dd5a3-ab5f-49d4-b440-229278c67417,f608a0c1-7aa5-44b7-a4ac-7e73caec9f25,play,2026-01-11 18:30:18.755084+00:00,398238.0,web-chrome,"{'country': 'SA', 'city': 'Riyadh', 'language': 'ar', 'user_type': 'registered', 'is_subscribed': True, 'trial_user': False, 'autoplay': False, 'is_background_play': True}",podcast,2357,398.238,0.17
5255,2a2dd5a3-ab5f-49d4-b440-229278c67417,eb8089c6-b374-4f83-84c1-aa15afb4bef7,play,2026-01-11 18:47:18.755093+00:00,,web-chrome,"{'country': 'SA', 'city': 'Riyadh', 'language': 'ar', 'user_type': 'registered', 'is_subscribed': True, 'trial_user': False, 'autoplay': False, 'is_background_play': False}",podcast,2357,,
5256,2a2dd5a3-ab5f-49d4-b440-229278c67417,f2d0ddd5-2094-44f4-8a85-50d4eed3856f,pause,2026-01-11 18:54:18.755101+00:00,,web-safari,"{'country': 'SA', 'city': 'Riyadh', 'language': 'ar', 'user_type': 'registered', 'is_subscribed': True, 'trial_user': False, 'autoplay': False, 'is_background_play': False}",podcast,2357,,
5257,2a2dd5a3-ab5f-49d4-b440-229278c67417,23742122-2ebb-4325-a890-eb17b229758c,play,2026-01-11 18:45:18.755110+00:00,1304798.0,android,"{'country': 'SA', 'city': 'Riyadh', 'language': 'ar', 'user_type': 'registered', 'is_subscribed': True, 'trial_user': False, 'autoplay': False, 'is_background_play': True}",podcast,2357,1304.798,0.55
5258,2a2dd5a3-ab5f-49d4-b440-229278c67417,02b54dd0-c74a-455c-8ecb-05e3af171f7d,finish,2026-01-11 18:19:18.755119+00:00,1111311.0,ios,"{'country': 'SA', 'city': 'Riyadh', 'language': 'ar', 'user_type': 'registered', 'is_subscribed': True, 'trial_user': False, 'autoplay': False, 'is_background_play': False}",podcast,2357,1111.311,0.47
5259,2a2dd5a3-ab5f-49d4-b440-229278c67417,2e9d6806-82a7-49b7-a6e3-b699b05ff824,click,2026-01-11 18:37:18.755129+00:00,,android,"{'country': 'SA', 'city': 'Riyadh', 'language': 'ar', 'user_type': 'registered', 'is_subscribed': True, 'trial_user': False, 'autoplay': False, 'is_background_play': True}",podcast,2357,,
5260,2a2dd5a3-ab5f-49d4-b440-229278c67417,e93e57af-94ea-4909-8294-a7a1283a12bf,pause,2026-01-11 17:57:18.755137+00:00,,ios,"{'country': 'SA', 'city': 'Riyadh', 'language': 'ar', 'user_type': 'registered', 'is_subscribed': True, 'trial_user': False, 'autoplay': False, 'is_background_play': False}",podcast,2357,,
5261,2a2dd5a3-ab5f-49d4-b440-229278c67417,89a7cdd7-3aff-482d-8258-cec0119dd05f,finish,2026-01-11 18:00:18.755146+00:00,1654505.0,web-chrome,"{'country': 'SA', 'city': 'Riyadh', 'language': 'ar', 'user_type': 'registered', 'is_subscribed': True, 'trial_user': False, 'autoplay': False, 'is_background_play': False}",podcast,2357,1654.505,0.7
5262,2a2dd5a3-ab5f-49d4-b440-229278c67417,f3d920b3-5687-4287-8512-01eb962bebd5,pause,2026-01-11 18:24:18.755156+00:00,,ios,"{'country': 'SA', 'city': 'Riyadh', 'language': 'ar', 'user_type': 'registered', 'is_subscribed': True, 'trial_user': False, 'autoplay': False, 'is_background_play': False}",podcast,2357,,
5263,2a2dd5a3-ab5f-49d4-b440-229278c67417,feb26596-0081-4817-a172-89136a757e9e,play,2026-01-11 18:50:18.755164+00:00,1044369.0,web-chrome,"{'country': 'SA', 'city': 'Riyadh', 'language': 'ar', 'user_type': 'registered', 'is_subscribed': True, 'trial_user': False, 'autoplay': False, 'is_background_play': False}",podcast,2357,1044.369,0.44
5264,2a2dd5a3-ab5f-49d4-b440-229278c67417,1e2d7338-bd37-4e5e-a4a1-3407849d91d8,play,2026-01-11 18:09:18.755173+00:00,2038571.0,ios,"{'country': 'SA', 'city': 'Riyadh', 'language': 'ar', 'user_type': 'registered', 'is_subscribed': True, 'trial_user': False, 'autoplay': False, 'is_background_play': False}",podcast,2357,2038.571,0.86
5265,2a2dd5a3-ab5f-49d4-b440-229278c67417,9f3e05b4-dd38-48f1-adbb-1ed818adcef2,play,2026-01-11 18:20:18.755183+00:00,466400.0,android,"{'country': 'SA', 'city': 'Riyadh', 'language': 'ar', 'user_type': 'registered', 'is_subscribed': True, 'trial_user': False, 'autoplay': False, 'is_background_play': False}",podcast,2357,466.4,0.2
5266,2a2dd5a3-ab5f-49d4-b440-229278c67417,7d58272a-e041-49e7-851d-68fa63194667,click,2026-01-11 18:07:18.755192+00:00,,web-chrome,"{'country': 'SA', 'city': 'Riyadh', 'language': 'ar', 'user_type': 'registered', 'is_subscribed': True, 'trial_user': False, 'autoplay': False, 'is_background_play': False}",podcast,2357,,
5267,2a2dd5a3-ab5f-49d4-b440-229278c67417,bf9ad370-d7fb-47ba-b23e-a8c6652740d0,pause,2026-01-11 18:32:18.755201+00:00,1267151.0,web-chrome,"{'country': 'SA', 'city': 'Riyadh', 'language': 'ar', 'user_type': 'registered', 'is_subscribed': True, 'trial_user': False, 'autoplay': False, 'is_background_play': False}",podcast,2357,1267.151,0.54
5268,2a2dd5a3-ab5f-49d4-b440-229278c67417,69d7bd1e-2ca6-4ebd-b2bb-dc4e0498f7b4,play,2026-01-11 18:55:18.755210+00:00,1743120.0,android,"{'country': 'SA', 'city': 'Riyadh', 'language': 'ar', 'user_type': 'registered', 'is_subscribed': True, 'trial_user': False, 'autoplay': False, 'is_background_play': True}",podcast,2357,1743.12,0.74
5269,2a2dd5a3-ab5f-49d4-b440-229278c67417,57616924-6d0f-447f-85fa-cea194ce0d9e,play,2026-01-11 18:36:18.755219+00:00,,web-chrome,"{'country': 'SA', 'city': 'Riyadh', 'language': 'ar', 'user_type': 'registered', 'is_subscribed': True, 'trial_user': False, 'autoplay': False, 'is_background_play': True}",podcast,2357,,
5270,2a2dd5a3-ab5f-49d4-b440-229278c67417,fd8c74ca-7e60-454c-a29e-bf3d91886cb4,finish,2026-01-11 18:11:18.755228+00:00,912207.0,ios,"{'country': 'SA', 'city': 'Riyadh', 'language': 'ar', 'user_type': 'registered', 'is_subscribed': True, 'trial_user': False, 'autoplay': False, 'is_background_play': False}",podcast,2357,912.207,0.39
5271,2a2dd5a3-ab5f-49d4-b440-229278c67417,6be71526-598e-4648-aceb-21c3a58b292d,click,2026-01-11 18:06:18.755237+00:00,,web-safari,"{'country': 'SA', 'city': 'Riyadh', 'language': 'ar', 'user_type': 'registered', 'is_subscribed': True, 'trial_user': False, 'autoplay': False, 'is_background_play': False}",podcast,2357,,
5272,2a2dd5a3-ab5f-49d4-b440-229278c67417,255d9055-46eb-4af4-9291-3b319353969b,pause,2026-01-11 18:55:18.755246+00:00,,ios,"{'country': 'SA', 'city': 'Riyadh', 'language': 'ar', 'user_type': 'registered', 'is_subscribed': True, 'trial_user': False, 'autoplay': False, 'is_background_play': True}",podcast,2357,,
5273,2a2dd5a3-ab5f-49d4-b440-229278c67417,68d233d7-e7fb-4c8d-ac6f-895901c45855,finish,2026-01-11 18:41:18.755255+00:00,1261313.0,ios,"{'country': 'SA', 'city': 'Riyadh', 'language': 'ar', 'user_type': 'registered', 'is_subscribed': True, 'trial_user': False, 'autoplay': False, 'is_background_play': True}",podcast,2357,1261.313,0.54
5274,2a2dd5a3-ab5f-49d4-b440-229278c67417,87f77010-6cf1-426a-a09f-30631562ba08,click,2026-01-11 18:47:18.755264+00:00,,web-chrome,"{'country': 'SA', 'city': 'Riyadh', 'language': 'ar', 'user_type': 'registered', 'is_subscribed': True, 'trial_user': False, 'autoplay': False, 'is_background_play': False}",podcast,2357,,
5275,2a2dd5a3-ab5f-49d4-b440-229278c67417,54c6b234-c314-4635-b2a5-95532d5a9763,click,2026-01-11 18:14:18.755273+00:00,,ios,"{'country': 'SA', 'city': 'Riyadh', 'language': 'ar', 'user_type': 'registered', 'is_subscribed': True, 'trial_user': False, 'autoplay': False, 'is_background_play': True}",podcast,2357,,
5276,2a2dd5a3-ab5f-49d4-b440-229278c67417,3d8dc8cb-f535-45ef-ab11-241c3bd1c08a,click,2026-01-11 18:47:18.755281+00:00,,android,"{'country': 'SA', 'city': 'Riyadh', 'language': 'ar', 'user_type': 'registered', 'is_subscribed': True, 'trial_user': False, 'autoplay': False, 'is_background_play': False}",podcast,2357,,
5277,2a2dd5a3-ab5f-49d4-b440-229278c67417,aba12892-b32a-4e1f-a082-765303d5cc17,pause,2026-01-11 18:38:18.755297+00:00,2287784.0,web-safari,"{'country': 'SA', 'city': 'Riyadh', 'language': 'ar', 'user_type': 'registered', 'is_subscribed': True, 'trial_user': False, 'autoplay': False, 'is_background_play': True}",podcast,2357,2287.784,0.97
5278,2a2dd5a3-ab5f-49d4-b440-229278c67417,0de368f5-644d-4e06-b6c3-5030b27c25ec,click,2026-01-11 18:51:18.755306+00:00,,web-chrome,"{'country': 'SA', 'city': 'Riyadh', 'language': 'ar', 'user_type': 'registered', 'is_subscribed': True, 'trial_user': False, 'autoplay': False, 'is_background_play': False}",podcast,2357,,
5279,2a2dd5a3-ab5f-49d4-b440-229278c67417,0770b634-775b-49cf-a54a-e8a307b5b009,click,2026-01-11 18:04:18.755315+00:00,,android,"{'country': 'SA', 'city': 'Riyadh', 'language': 'ar', 'user_type': 'registered', 'is_subscribed': True, 'trial_user': False, 'autoplay': False, 'is_background_play': False}",podcast,2357,,
5280,2a2dd5a3-ab5f-49d4-b440-229278c67417,340a61f3-def5-4b03-b5c8-527224977129,play,2026-01-11 18:55:18.755324+00:00,151541.0,android,"{'country': 'SA', 'city': 'Riyadh', 'language': 'ar', 'user_type': 'registered', 'is_subscribed': True, 'trial_user': False, 'autoplay': False, 'is_background_play': False}",podcast,2357,151.541,0.06
5281,cbd02a45-8963-44f2-97de-d855dafc4f4a,121b2df1-df92-4b2c-ba22-4d1434985f16,pause,2026-01-11 18:41:18.755334+00:00,1528977.0,ios,"{'country': 'SA', 'city': 'Riyadh', 'language': 'ar', 'user_type': 'registered', 'is_subscribed': True, 'trial_user': False, 'autoplay': False, 'is_background_play': True}",podcast,3028,1528.977,0.5
5282,cbd02a45-8963-44f2-97de-d855dafc4f4a,7f6de178-1ff4-4c8c-aa6b-2e1726012a04,click,2026-01-11 18:26:18.755343+00:00,,web-safari,"{'country': 'SA', 'city': 'Riyadh', 'language': 'ar', 'user_type': 'registered', 'is_subscribed': True, 'trial_user': False, 'autoplay': False, 'is_background_play': True}",podcast,3028,,
5283,cbd02a45-8963-44f2-97de-d855dafc4f4a,de1080c7-f26a-4046-a15d-4cd8461d97b9,click,2026-01-11 18:51:18.755352+00:00,,android,"{'country': 'SA', 'city': 'Riyadh', 'language': 'ar', 'user_type': 'registered', 'is_subscribed': True, 'trial_user': False, 'autoplay': False, 'is_background_play': False}",podcast,3028,,
5284,cbd02a45-8963-44f2-97de-d855dafc4f4a,c6d579e5-d9da-4d09-b720-4a08aecf6d61,play,2026-01-11 18:41:18.755361+00:00,2765744.0,android,"{'country': 'SA', 'city': 'Riyadh', 'language': 'ar', 'user_type': 'registered', 'is_subscribed': True, 'trial_user': False, 'autoplay': False, 'is_background_play': True}",podcast,3028,2765.744,0.91
5285,cbd02a45-8963-44f2-97de-d855dafc4f4a,2fbdabe4-14d9-48a2-8168-8446077dbc61,finish,2026-01-11 17:57:18.755370+00:00,1548866.0,ios,"{'country': 'SA', 'city': 'Riyadh', 'language': 'ar', 'user_type': 'registered', 'is_subscribed': True, 'trial_user': False, 'autoplay': False, 'is_background_play': False}",podcast,3028,1548.866,0.51
5286,cbd02a45-8963-44f2-97de-d855dafc4f4a,3554f417-8e23-4195-868f-93eea5483aef,click,2026-01-11 18:03:18.755379+00:00,,web-chrome,"{'country': 'SA', 'city': 'Riyadh', 'language': 'ar', 'user_type': 'registered', 'is_subscribed': True, 'trial_user': False, 'autoplay': False, 'is_background_play': True}",podcast,3028,,
5287,cbd02a45-8963-44f2-97de-d855dafc4f4a,b7194521-a7a2-4cc1-9213-b96358d72d80,click,2026-01-11 17:55:18.755387+00:00,,ios,"{'country': 'SA', 'city': 'Riyadh', 'language': 'ar', 'user_type': 'registered', 'is_subscribed': True, 'trial_user': False, 'autoplay': False, 'is_background_play': False}",podcast,3028,,
5288,cbd02a45-8963-44f2-97de-d855dafc4f4a,99aff3bb-b5ba-4ceb-bc83-da2af601ced6,play,2026-01-11 18:30:18.755396+00:00,,web-chrome,"{'country': 'SA', 'city': 'Riyadh', 'language': 'ar', 'user_type': 'registered', 'is_subscribed': True, 'trial_user': False, 'autoplay': False, 'is_background_play': False}",podcast,3028,,
5289,cbd02a45-8963-44f2-97de-d855dafc4f4a,77735589-f548-44be-98e4-967262a3727c,pause,2026-01-11 17:58:18.755407+00:00,2343827.0,web-chrome,"{'country': 'SA', 'city': 'Riyadh', 'language': 'ar', 'user_type': 'registered', 'is_subscribed': True, 'trial_user': False, 'autoplay': False, 'is_background_play': False}",podcast,3028,2343.827,0.77
5290,cbd02a45-8963-44f2-97de-d855dafc4f4a,b33b813b-4b55-419f-b360-7ac32d23a1f0,pause,2026-01-11 18:38:18.755419+00:00,,web-chrome,"{'country': 'SA', 'city': 'Riyadh', 'language': 'ar', 'user_type': 'registered', 'is_subscribed': True, 'trial_user': False, 'autoplay': False, 'is_background_play': True}",podcast,3028,,
5291,cbd02a45-8963-44f2-97de-d855dafc4f4a,a1b5e126-a1f5-4830-9405-32835d62d8f8,play,2026-01-11 18:36:18.755429+00:00,1117881.0,ios,"{'country': 'SA', 'city': 'Riyadh', 'language': 'ar', 'user_type': 'registered', 'is_subscribed': True, 'trial_user': False, 'autoplay': False, 'is_background_play': False}",podcast,3028,1117.881,0.37
5292,cbd02a45-8963-44f2-97de-d855dafc4f4a,d2025084-e500-438f-9159-68d78969f46d,click,2026-01-11 18:37:18.755439+00:00,,web-safari,"{'country': 'SA', 'city': 'Riyadh', 'language': 'ar', 'user_type': 'registered', 'is_subscribed': True, 'trial_user': False, 'autoplay': False, 'is_background_play': True}",podcast,3028,,
5293,cbd02a45-8963-44f2-97de-d855dafc4f4a,cc484726-7c4d-44ad-b0ba-d757fe578c0d,play,2026-01-11 18:51:18.755447+00:00,749971.0,web-chrome,"{'country': 'SA', 'city': 'Riyadh', 'language': 'ar', 'user_type': 'registered', 'is_subscribed': True, 'trial_user': False, 'autoplay': False, 'is_background_play': False}",podcast,3028,749.971,0.25
5294,cbd02a45-8963-44f2-97de-d855dafc4f4a,2b89b70b-2e24-4f85-aa03-f574356d710b,finish,2026-01-11 18:19:18.755457+00:00,1512925.0,web-chrome,"{'country': 'SA', 'city': 'Riyadh', 'language': 'ar', 'user_type': 'registered', 'is_subscribed': True, 'trial_user': False, 'autoplay': False, 'is_background_play': True}",podcast,3028,1512.925,0.5
5295,cbd02a45-8963-44f2-97de-d855dafc4f4a,ac74fec7-9270-4bfa-b887-e97d48589e11,click,2026-01-11 18:39:18.755467+00:00,,web-chrome,"{'country': 'SA', 'city': 'Riyadh', 'language': 'ar', 'user_type': 'registered', 'is_subscribed': True, 'trial_user': False, 'autoplay': False, 'is_background_play': False}",podcast,3028,,
5296,cbd02a45-8963-44f2-97de-d855dafc4f4a,f073624b-e1e0-4405-a178-c590ec8848da,play,2026-01-11 18:30:18.755476+00:00,1480952.0,android,"{'country': 'SA', 'city': 'Riyadh', 'language': 'ar', 'user_type': 'registered', 'is_subscribed': True, 'trial_user': False, 'autoplay': False, 'is_background_play': True}",podcast,3028,1480.952,0.49
5297,cbd02a45-8963-44f2-97de-d855dafc4f4a,87584fbb-2a7a-42eb-874c-e67b012f92d1,play,2026-01-11 18:43:18.755485+00:00,,ios,"{'country': 'SA', 'city': 'Riyadh', 'language': 'ar', 'user_type': 'registered', 'is_subscribed': True, 'trial_user': False, 'autoplay': False, 'is_background_play': False}",podcast,3028,,
5298,cbd02a45-8963-44f2-97de-d855dafc4f4a,d88320b0-af3b-450d-adc4-55e804b6fc4b,finish,2026-01-11 18:12:18.755494+00:00,2342626.0,ios,"{'country': 'SA', 'city': 'Riyadh', 'language': 'ar', 'user_type': 'registered', 'is_subscribed': True, 'trial_user': False, 'autoplay': False, 'is_background_play': False}",podcast,3028,2342.626,0.77
5299,cbd02a45-8963-44f2-97de-d855dafc4f4a,0df5142c-acb3-4833-9f2a-d8515ac74374,click,2026-01-11 18:32:18.755504+00:00,,web-chrome,"{'country': 'SA', 'city': 'Riyadh', 'language': 'ar', 'user_type': 'registered', 'is_subscribed': True, 'trial_user': False, 'autoplay': False, 'is_background_play': True}",podcast,3028,,
5300,cbd02a45-8963-44f2-97de-d855dafc4f4a,a227fd83-d22a-4999-9bb6-572d3f413e2a,pause,2026-01-11 18:44:18.755513+00:00,557221.0,web-chrome,"{'country': 'SA', 'city': 'Riyadh', 'language': 'ar', 'user_type': 'registered', 'is_subscribed': True, 'trial_user': False, 'autoplay': False, 'is_background_play': True}",podcast,3028,557.221,0.18
5301,cbd02a45-8963-44f2-97de-d855dafc4f4a,6a9fb21e-500f-4f64-a0e1-7e5420652108,pause,2026-01-11 18:26:18.755522+00:00,1355559.0,android,"{'country': 'SA', 'city': 'Riyadh', 'language': 'ar', 'user_type': 'registered', 'is_subscribed': True, 'trial_user': False, 'autoplay': False, 'is_background_play': False}",podcast,3028,1355.559,0.45
5302,cbd02a45-8963-44f2-97de-d855dafc4f4a,0dbd978f-d100-4089-a2f2-5af9b144c72c,finish,2026-01-11 18:55:18.755538+00:00,2447386.0,android,"{'country': 'SA', 'city': 'Riyadh', 'language': 'ar', 'user_type': 'registered', 'is_subscribed': True, 'trial_user': False, 'autoplay': False, 'is_background_play': False}",podcast,3028,2447.386,0.81
5303,cbd02a45-8963-44f2-97de-d855dafc4f4a,680d86c9-fb13-40ea-9289-64fd33d243ee,click,2026-01-11 18:50:18.755548+00:00,,ios,"{'country': 'SA', 'city': 'Riyadh', 'language': 'ar', 'user_type': 'registered', 'is_subscribed': True, 'trial_user': False, 'autoplay': False, 'is_background_play': True}",podcast,3028,,
5304,cbd02a45-8963-44f2-97de-d855dafc4f4a,23956251-463c-4510-be08-88df446c0a5d,play,2026-01-11 18:52:18.755557+00:00,,ios,"{'country': 'SA', 'city': 'Riyadh', 'language': 'ar', 'user_type': 'registered', 'is_subscribed': True, 'trial_user': False, 'autoplay': False, 'is_background_play': False}",podcast,3028,,
5305,cbd02a45-8963-44f2-97de-d855dafc4f4a,2cdddd59-c767-4246-b4b6-510704f5ee1c,play,2026-01-11 18:48:18.755566+00:00,1024535.0,web-chrome,"{'country': 'SA', 'city': 'Riyadh', 'language': 'ar', 'user_type': 'registered', 'is_subscribed': True, 'trial_user': False, 'autoplay': False, 'is_background_play': False}",podcast,3028,1024.535,0.34
5306,cbd02a45-8963-44f2-97de-d855dafc4f4a,5b72e38a-9ccf-4e05-8151-91470e967fa1,pause,2026-01-11 18:36:18.755576+00:00,2155411.0,android,"{'country': 'SA', 'city': 'Riyadh', 'language': 'ar', 'user_type': 'registered', 'is_subscribed': True, 'trial_user': False, 'autoplay': False, 'is_background_play': True}",podcast,3028,2155.411,0.71
5307,cbd02a45-8963-44f2-97de-d855dafc4f4a,20fa54e3-fd5c-4b08-a040-e80f66cfe37e,click,2026-01-11 18:21:18.755586+00:00,,ios,"{'country': 'SA', 'city': 'Riyadh', 'language': 'ar', 'user_type': 'registered', 'is_subscribed': True, 'trial_user': False, 'autoplay': False, 'is_background_play': True}",podcast,3028,,
5308,cbd02a45-8963-44f2-97de-d855dafc4f4a,65605fe1-075b-46f7-a0d9-8b32a6c03dec,click,2026-01-11 18:27:18.755595+00:00,,web-chrome,"{'country': 'SA', 'city': 'Riyadh', 'language': 'ar', 'user_type': 'registered', 'is_subscribed': True, 'trial_user': False, 'autoplay': False, 'is_background_play': False}",podcast,3028,,
5309,cbd02a45-8963-44f2-97de-d855dafc4f4a,a333258d-f54d-4bd5-91d5-7b4f2275e648,play,2026-01-11 18:42:18.755604+00:00,254330.0,ios,"{'country': 'SA', 'city': 'Riyadh', 'language': 'ar', 'user_type': 'registered', 'is_subscribed': True, 'trial_user': False, 'autoplay': False, 'is_background_play': False}",podcast,3028,254.33,0.08
5310,cbd02a45-8963-44f2-97de-d855dafc4f4a,798e1eca-fd1f-4580-aad7-dada5fa5a319,play,2026-01-11 17:55:18.755613+00:00,2914796.0,web-safari,"{'country': 'SA', 'city': 'Riyadh', 'language': 'ar', 'user_type': 'registered', 'is_subscribed': True, 'trial_user': False, 'autoplay': False, 'is_background_play': False}",podcast,3028,2914.796,0.96
5311,cbd02a45-8963-44f2-97de-d855dafc4f4a,4c718791-5d92-498c-8cd6-0aa2ae291589,play,2026-01-11 18:45:18.755623+00:00,,android,"{'country': 'SA', 'city': 'Riyadh', 'language': 'ar', 'user_type': 'registered', 'is_subscribed': True, 'trial_user': False, 'autoplay': False, 'is_background_play': False}",podcast,3028,,
5312,cbd02a45-8963-44f2-97de-d855dafc4f4a,395bce72-15e9-435c-b991-ccd822f9436a,pause,2026-01-11 18:11:18.755632+00:00,2435972.0,web-chrome,"{'country': 'SA', 'city': 'Riyadh', 'language': 'ar', 'user_type': 'registered', 'is_subscribed': True, 'trial_user': False, 'autoplay': False, 'is_background_play': True}",podcast,3028,2435.972,0.8
5313,cbd02a45-8963-44f2-97de-d855dafc4f4a,3001b415-e3e7-468c-8163-152726e94f4b,play,2026-01-11 18:37:18.755641+00:00,1900327.0,web-safari,"{'country': 'SA', 'city': 'Riyadh', 'language': 'ar', 'user_type': 'registered', 'is_subscribed': True, 'trial_user': False, 'autoplay': False, 'is_background_play': False}",podcast,3028,1900.327,0.63
5314,cbd02a45-8963-44f2-97de-d855dafc4f4a,9e094501-d634-4199-bd2e-b0265744971e,pause,2026-01-11 18:47:18.755650+00:00,2370391.0,android,"{'country': 'SA', 'city': 'Riyadh', 'language': 'ar', 'user_type': 'registered', 'is_subscribed': True, 'trial_user': False, 'autoplay': False, 'is_background_play': False}",podcast,3028,2370.391,0.78
5315,cbd02a45-8963-44f2-97de-d855dafc4f4a,906c4d29-dad7-4166-9d98-e1cc9a80556d,play,2026-01-11 18:52:18.755660+00:00,2458127.0,web-safari,"{'country': 'SA', 'city': 'Riyadh', 'language': 'ar', 'user_type': 'registered', 'is_subscribed': True, 'trial_user': False, 'autoplay': False, 'is_background_play': False}",podcast,3028,2458.127,0.81
5316,cbd02a45-8963-44f2-97de-d855dafc4f4a,94762d5c-b7b5-4782-b8c2-b9bd742cfc32,play,2026-01-11 18:09:18.755669+00:00,2467850.0,ios,"{'country': 'SA', 'city': 'Riyadh', 'language': 'ar', 'user_type': 'registered', 'is_subscribed': True, 'trial_user': False, 'autoplay': False, 'is_background_play': True}",podcast,3028,2467.85,0.82
5317,cbd02a45-8963-44f2-97de-d855dafc4f4a,635e7f3b-4ea2-4687-99c7-968bd66754e2,play,2026-01-11 17:56:18.755678+00:00,975530.0,web-safari,"{'country': 'SA', 'city': 'Riyadh', 'language': 'ar', 'user_type': 'registered', 'is_subscribed': True, 'trial_user': False, 'autoplay': False, 'is_background_play': True}",podcast,3028,975.53,0.32
5318,cbd02a45-8963-44f2-97de-d855dafc4f4a,a6891f58-7cbb-481a-8e23-b5b354dc2672,click,2026-01-11 18:44:18.755688+00:00,,web-safari,"{'country': 'SA', 'city': 'Riyadh', 'language': 'ar', 'user_type': 'registered', 'is_subscribed': True, 'trial_user': False, 'autoplay': False, 'is_background_play': True}",podcast,3028,,
5319,cbd02a45-8963-44f2-97de-d855dafc4f4a,388e093b-5c18-495e-9234-aaaa17a90578,finish,2026-01-11 18:47:18.755696+00:00,707769.0,web-chrome,"{'country': 'SA', 'city': 'Riyadh', 'language': 'ar', 'user_type': 'registered', 'is_subscribed': True, 'trial_user': False, 'autoplay': False, 'is_background_play': False}",podcast,3028,707.769,0.23
5320,cbd02a45-8963-44f2-97de-d855dafc4f4a,f9fd9917-b79a-4a66-9bf0-555fc7781d89,finish,2026-01-11 18:10:18.755705+00:00,765781.0,android,"{'country': 'SA', 'city': 'Riyadh', 'language': 'ar', 'user_type': 'registered', 'is_subscribed': True, 'trial_user': False, 'autoplay': False, 'is_background_play': True}",podcast,3028,765.781,0.25
5321,a1178438-0975-4331-b508-636fb33cb6db,0cb8bc81-36e7-4176-a3d5-f9ee9712ed0f,pause,2026-01-11 18:08:18.755715+00:00,3065289.0,android,"{'country': 'SA', 'city': 'Riyadh', 'language': 'ar', 'user_type': 'registered', 'is_subscribed': True, 'trial_user': False, 'autoplay': False, 'is_background_play': False}",podcast,3481,3065.289,0.88
5322,a1178438-0975-4331-b508-636fb33cb6db,b1cfd35c-061e-41e4-81a1-e7b1d2b54d62,play,2026-01-11 18:03:18.755724+00:00,,web-chrome,"{'country': 'SA', 'city': 'Riyadh', 'language': 'ar', 'user_type': 'registered', 'is_subscribed': True, 'trial_user': False, 'autoplay': False, 'is_background_play': False}",podcast,3481,,
5323,a1178438-0975-4331-b508-636fb33cb6db,3091c193-d614-488b-bc58-5ce502b87513,play,2026-01-11 18:50:18.755733+00:00,,ios,"{'country': 'SA', 'city': 'Riyadh', 'language': 'ar', 'user_type': 'registered', 'is_subscribed': True, 'trial_user': False, 'autoplay': False, 'is_background_play': True}",podcast,3481,,
5324,a1178438-0975-4331-b508-636fb33cb6db,c78fa781-201f-45a6-b71b-b9991e57b825,click,2026-01-11 18:08:18.755741+00:00,,ios,"{'country': 'SA', 'city': 'Riyadh', 'language': 'ar', 'user_type': 'registered', 'is_subscribed': True, 'trial_user': False, 'autoplay': False, 'is_background_play': False}",podcast,3481,,
5325,a1178438-0975-4331-b508-636fb33cb6db,e26a1516-4f98-48db-be34-1cf7a0b8acd0,pause,2026-01-11 18:07:18.755750+00:00,362402.0,web-safari,"{'country': 'SA', 'city': 'Riyadh', 'language': 'ar', 'user_type': 'registered', 'is_subscribed': True, 'trial_user': False, 'autoplay': False, 'is_background_play': False}",podcast,3481,362.402,0.1
5326,a1178438-0975-4331-b508-636fb33cb6db,ca4f1f01-7675-4100-91ed-a20119ff3c50,click,2026-01-11 18:03:18.755759+00:00,,ios,"{'country': 'SA', 'city': 'Riyadh', 'language': 'ar', 'user_type': 'registered', 'is_subscribed': True, 'trial_user': False, 'autoplay': False, 'is_background_play': False}",podcast,3481,,
5327,a1178438-0975-4331-b508-636fb33cb6db,43ae2626-d065-4c9d-9995-2bf1c904539a,play,2026-01-11 18:34:18.755778+00:00,2508617.0,ios,"{'country': 'SA', 'city': 'Riyadh', 'language': 'ar', 'user_type': 'registered', 'is_subscribed': True, 'trial_user': False, 'autoplay': False, 'is_background_play': True}",podcast,3481,2508.617,0.72
5328,a1178438-0975-4331-b508-636fb33cb6db,a598943d-6e4a-4e14-b864-69c0e4077f1a,click,2026-01-11 18:10:18.755787+00:00,,ios,"{'country': 'SA', 'city': 'Riyadh', 'language': 'ar', 'user_type': 'registered', 'is_subscribed': True, 'trial_user': False, 'autoplay': False, 'is_background_play': True}",podcast,3481,,
5329,a1178438-0975-4331-b508-636fb33cb6db,074dbe4a-76b3-4fbf-94fa-1d6a8c0b0399,click,2026-01-11 18:06:18.755796+00:00,,web-chrome,"{'country': 'SA', 'city': 'Riyadh', 'language': 'ar', 'user_type': 'registered', 'is_subscribed': True, 'trial_user': False, 'autoplay': False, 'is_background_play': False}",podcast,3481,,
5330,a1178438-0975-4331-b508-636fb33cb6db,cfd7f233-366f-483f-bd72-cd70181297f6,play,2026-01-11 18:24:18.755805+00:00,1416684.0,android,"{'country': 'SA', 'city': 'Riyadh', 'language': 'ar', 'user_type': 'registered', 'is_subscribed': True, 'trial_user': False, 'autoplay': False, 'is_background_play': True}",podcast,3481,1416.684,0.41
5331,a1178438-0975-4331-b508-636fb33cb6db,cd28e5e4-72d8-4b8b-b4d6-5fe4dbb62957,click,2026-01-11 18:28:18.755814+00:00,,web-safari,"{'country': 'SA', 'city': 'Riyadh', 'language': 'ar', 'user_type': 'registered', 'is_subscribed': True, 'trial_user': False, 'autoplay': False, 'is_background_play': True}",podcast,3481,,
5332,a1178438-0975-4331-b508-636fb33cb6db,e2c522a2-070c-48ad-bea5-3aeeecbebcb6,pause,2026-01-11 18:41:18.755823+00:00,1218550.0,android,"{'country': 'SA', 'city': 'Riyadh', 'language': 'ar', 'user_type': 'registered', 'is_subscribed': True, 'trial_user': False, 'autoplay': False, 'is_background_play': True}",podcast,3481,1218.55,0.35
5333,a1178438-0975-4331-b508-636fb33cb6db,76563c97-c144-4ba1-9885-06ec07847abe,pause,2026-01-11 18:18:18.755832+00:00,2655663.0,web-chrome,"{'country': 'SA', 'city': 'Riyadh', 'language': 'ar', 'user_type': 'registered', 'is_subscribed': True, 'trial_user': False, 'autoplay': False, 'is_background_play': False}",podcast,3481,2655.663,0.76
5334,a1178438-0975-4331-b508-636fb33cb6db,a1f558df-e4ab-4d27-a8f6-1a861b3c4137,play,2026-01-11 18:50:18.755841+00:00,1076107.0,ios,"{'country': 'SA', 'city': 'Riyadh', 'language': 'ar', 'user_type': 'registered', 'is_subscribed': True, 'trial_user': False, 'autoplay': False, 'is_background_play': True}",podcast,3481,1076.107,0.31
5335,a1178438-0975-4331-b508-636fb33cb6db,e05e7cb2-a4f2-4aba-991a-fba5175376b1,play,2026-01-11 18:55:18.755850+00:00,,android,"{'country': 'SA', 'city': 'Riyadh', 'language': 'ar', 'user_type': 'registered', 'is_subscribed': True, 'trial_user': False, 'autoplay': False, 'is_background_play': True}",podcast,3481,,
5336,a1178438-0975-4331-b508-636fb33cb6db,d17d4dc7-710f-4d1d-a241-3fa030fcf48c,click,2026-01-11 17:56:18.755859+00:00,,web-safari,"{'country': 'SA', 'city': 'Riyadh', 'language': 'ar', 'user_type': 'registered', 'is_subscribed': True, 'trial_user': False, 'autoplay': False, 'is_background_play': False}",podcast,3481,,
5337,a1178438-0975-4331-b508-636fb33cb6db,934c942e-1b4a-4ca2-9156-c093147528c4,pause,2026-01-11 18:15:18.755868+00:00,1075481.0,android,"{'country': 'SA', 'city': 'Riyadh', 'language': 'ar', 'user_type': 'registered', 'is_subscribed': True, 'trial_user': False, 'autoplay': False, 'is_background_play': False}",podcast,3481,1075.481,0.31
5338,a1178438-0975-4331-b508-636fb33cb6db,2c2195ee-adf2-4ab4-ba28-1b16c5728131,click,2026-01-11 18:38:18.755877+00:00,,web-chrome,"{'country': 'SA', 'city': 'Riyadh', 'language': 'ar', 'user_type': 'registered', 'is_subscribed': True, 'trial_user': False, 'autoplay': False, 'is_background_play': True}",podcast,3481,,
5339,a1178438-0975-4331-b508-636fb33cb6db,8fb51b1f-2dd1-4a40-af53-ddf6c7e74404,pause,2026-01-11 18:32:18.755885+00:00,,android,"{'country': 'SA', 'city': 'Riyadh', 'language': 'ar', 'user_type': 'registered', 'is_subscribed': True, 'trial_user': False, 'autoplay': False, 'is_background_play': False}",podcast,3481,,
5340,a1178438-0975-4331-b508-636fb33cb6db,9d1619d5-4374-43c0-beb5-2cb9228709ee,click,2026-01-11 18:37:18.755894+00:00,,web-chrome,"{'country': 'SA', 'city': 'Riyadh', 'language': 'ar', 'user_type': 'registered', 'is_subscribed': True, 'trial_user': False, 'autoplay': False, 'is_background_play': True}",podcast,3481,,
5341,a1178438-0975-4331-b508-636fb33cb6db,d8828197-6616-44c9-ab83-7d869012d27a,play,2026-01-11 18:16:18.755903+00:00,1983321.0,web-safari,"{'country': 'SA', 'city': 'Riyadh', 'language': 'ar', 'user_type': 'registered', 'is_subscribed': True, 'trial_user': False, 'autoplay': False, 'is_background_play': True}",podcast,3481,1983.321,0.57
5342,a1178438-0975-4331-b508-636fb33cb6db,d7c72275-a46c-4347-8d9b-07c86789e1b5,finish,2026-01-11 18:28:18.755912+00:00,96901.0,web-chrome,"{'country': 'SA', 'city': 'Riyadh', 'language': 'ar', 'user_type': 'registered', 'is_subscribed': True, 'trial_user': False, 'autoplay': False, 'is_background_play': True}",podcast,3481,96.901,0.03
5343,a1178438-0975-4331-b508-636fb33cb6db,eba9fce4-4a52-4cbf-9028-6358d2baa30f,finish,2026-01-11 18:23:18.755921+00:00,2717157.0,ios,"{'country': 'SA', 'city': 'Riyadh', 'language': 'ar', 'user_type': 'registered', 'is_subscribed': True, 'trial_user': False, 'autoplay': False, 'is_background_play': True}",podcast,3481,2717.157,0.78
5344,a1178438-0975-4331-b508-636fb33cb6db,d6a0e855-ea69-4c64-89bb-61b03e434e81,play,2026-01-11 18:31:18.755930+00:00,,android,"{'country': 'SA', 'city': 'Riyadh', 'language': 'ar', 'user_type': 'registered', 'is_subscribed': True, 'trial_user': False, 'autoplay': False, 'is_background_play': False}",podcast,3481,,
5345,a1178438-0975-4331-b508-636fb33cb6db,80b6b492-c7c7-474d-a7c1-42ba1ced4deb,click,2026-01-11 18:10:18.755939+00:00,,android,"{'country': 'SA', 'city': 'Riyadh', 'language': 'ar', 'user_type': 'registered', 'is_subscribed': True, 'trial_user': False, 'autoplay': False, 'is_background_play': True}",podcast,3481,,
5346,a1178438-0975-4331-b508-636fb33cb6db,c2d793cb-a0e1-408f-921c-51bfb43379de,play,2026-01-11 18:33:18.755948+00:00,2501124.0,ios,"{'country': 'SA', 'city': 'Riyadh', 'language': 'ar', 'user_type': 'registered', 'is_subscribed': True, 'trial_user': False, 'autoplay': False, 'is_background_play': True}",podcast,3481,2501.124,0.72
5347,a1178438-0975-4331-b508-636fb33cb6db,9742e1c5-86c9-47eb-b4ba-b91419d63f4b,click,2026-01-11 18:05:18.755957+00:00,,web-safari,"{'country': 'SA', 'city': 'Riyadh', 'language': 'ar', 'user_type': 'registered', 'is_subscribed': True, 'trial_user': False, 'autoplay': False, 'is_background_play': False}",podcast,3481,,
5348,a1178438-0975-4331-b508-636fb33cb6db,edbcc35f-95a6-4bb3-9ca6-97f762f98e0e,click,2026-01-11 18:31:18.755965+00:00,,web-chrome,"{'country': 'SA', 'city': 'Riyadh', 'language': 'ar', 'user_type': 'registered', 'is_subscribed': True, 'trial_user': False, 'autoplay': False, 'is_background_play': False}",podcast,3481,,
5349,a1178438-0975-4331-b508-636fb33cb6db,6d0f0cd4-4c9a-4e94-a356-c90232129e36,play,2026-01-11 18:29:18.755974+00:00,2978801.0,web-chrome,"{'country': 'SA', 'city': 'Riyadh', 'language': 'ar', 'user_type': 'registered', 'is_subscribed': True, 'trial_user': False, 'autoplay': False, 'is_background_play': False}",podcast,3481,2978.801,0.86
5350,a1178438-0975-4331-b508-636fb33cb6db,3b1e1440-08e8-4203-b305-8c388792e7f7,play,2026-01-11 18:26:18.755983+00:00,1597366.0,web-chrome,"{'country': 'SA', 'city': 'Riyadh', 'language': 'ar', 'user_type': 'registered', 'is_subscribed': True, 'trial_user': False, 'autoplay': False, 'is_background_play': False}",podcast,3481,1597.366,0.46
5351,a1178438-0975-4331-b508-636fb33cb6db,976fe492-00f8-41df-9b12-b2292eb9ebb0,finish,2026-01-11 18:54:18.755992+00:00,,ios,"{'country': 'SA', 'city': 'Riyadh', 'language': 'ar', 'user_type': 'registered', 'is_subscribed': True, 'trial_user': False, 'autoplay': False, 'is_background_play': True}",podcast,3481,,
5352,a1178438-0975-4331-b508-636fb33cb6db,dc2fda47-3030-41ab-9861-f63ec90642c5,pause,2026-01-11 18:38:18.756006+00:00,810302.0,ios,"{'country': 'SA', 'city': 'Riyadh', 'language': 'ar', 'user_type': 'registered', 'is_subscribed': True, 'trial_user': False, 'autoplay': False, 'is_background_play': False}",podcast,3481,810.302,0.23
5353,a1178438-0975-4331-b508-636fb33cb6db,dd443d58-a75d-4f7b-999d-130b39fc5c48,finish,2026-01-11 18:36:18.756016+00:00,1573197.0,web-chrome,"{'country': 'SA', 'city': 'Riyadh', 'language': 'ar', 'user_type': 'registered', 'is_subscribed': True, 'trial_user': False, 'autoplay': False, 'is_background_play': False}",podcast,3481,1573.197,0.45
5354,a1178438-0975-4331-b508-636fb33cb6db,7b118375-eb63-49b5-bc64-e686e4fc5beb,click,2026-01-11 18:32:18.756025+00:00,,android,"{'country': 'SA', 'city': 'Riyadh', 'language': 'ar', 'user_type': 'registered', 'is_subscribed': True, 'trial_user': False, 'autoplay': False, 'is_background_play': False}",podcast,3481,,
5355,a1178438-0975-4331-b508-636fb33cb6db,19b77813-6074-4655-851e-abfa0c89d5d2,play,2026-01-11 18:41:18.756034+00:00,2075687.0,ios,"{'country': 'SA', 'city': 'Riyadh', 'language': 'ar', 'user_type': 'registered', 'is_subscribed': True, 'trial_user': False, 'autoplay': False, 'is_background_play': False}",podcast,3481,2075.687,0.6
5356,a1178438-0975-4331-b508-636fb33cb6db,cf1bf529-166d-44c8-b2dc-ec4361b3c998,finish,2026-01-11 18:14:18.756043+00:00,3463039.0,android,"{'country': 'SA', 'city': 'Riyadh', 'language': 'ar', 'user_type': 'registered', 'is_subscribed': True, 'trial_user': False, 'autoplay': False, 'is_background_play': True}",podcast,3481,3463.039,0.99
5357,a1178438-0975-4331-b508-636fb33cb6db,13d90480-0e74-4f26-a639-7d6a647bd55f,finish,2026-01-11 18:08:18.756052+00:00,2347668.0,android,"{'country': 'SA', 'city': 'Riyadh', 'language': 'ar', 'user_type': 'registered', 'is_subscribed': True, 'trial_user': False, 'autoplay': False, 'is_background_play': True}",podcast,3481,2347.668,0.67
5358,a1178438-0975-4331-b508-636fb33cb6db,d9fb0979-1a0a-47ff-8da3-670db8217047,pause,2026-01-11 17:56:18.756061+00:00,,web-chrome,"{'country': 'SA', 'city': 'Riyadh', 'language': 'ar', 'user_type': 'registered', 'is_subscribed': True, 'trial_user': False, 'autoplay': False, 'is_background_play': False}",podcast,3481,,
5359,a1178438-0975-4331-b508-636fb33cb6db,1998e316-948a-4087-957d-9a138888ae87,pause,2026-01-11 18:07:18.756070+00:00,1882183.0,ios,"{'country': 'SA', 'city': 'Riyadh', 'language': 'ar', 'user_type': 'registered', 'is_subscribed': True, 'trial_user': False, 'autoplay': False, 'is_background_play': True}",podcast,3481,1882.183,0.54
5360,a1178438-0975-4331-b508-636fb33cb6db,afa17058-9b48-4bb8-9989-11a5b11eb447,pause,2026-01-11 18:25:18.756080+00:00,1941946.0,android,"{'country': 'SA', 'city': 'Riyadh', 'language': 'ar', 'user_type': 'registered', 'is_subscribed': True, 'trial_user': False, 'autoplay': False, 'is_background_play': True}",podcast,3481,1941.946,0.56
5361,02130c51-d02a-4101-8fdd-07bf070702b1,e3772c34-144e-4aee-8789-66ed5957c0bb,click,2026-01-11 18:39:18.756089+00:00,,android,"{'country': 'SA', 'city': 'Riyadh', 'language': 'ar', 'user_type': 'registered', 'is_subscribed': True, 'trial_user': False, 'autoplay': False, 'is_background_play': True}",video,709,,
5362,02130c51-d02a-4101-8fdd-07bf070702b1,8b2412ad-49be-4322-9fd2-230c08773cc1,click,2026-01-11 18:46:18.756098+00:00,,android,"{'country': 'SA', 'city': 'Riyadh', 'language': 'ar', 'user_type': 'registered', 'is_subscribed': True, 'trial_user': False, 'autoplay': False, 'is_background_play': False}",video,709,,
5363,02130c51-d02a-4101-8fdd-07bf070702b1,8cbcd5d2-b87f-4c5b-ae8b-092ac37a5677,click,2026-01-11 18:07:18.756107+00:00,,web-chrome,"{'country': 'SA', 'city': 'Riyadh', 'language': 'ar', 'user_type': 'registered', 'is_subscribed': True, 'trial_user': False, 'autoplay': False, 'is_background_play': False}",video,709,,
5364,02130c51-d02a-4101-8fdd-07bf070702b1,43ff6d4e-db62-436f-b8b0-ebc606099491,play,2026-01-11 18:41:18.756115+00:00,474602.0,android,"{'country': 'SA', 'city': 'Riyadh', 'language': 'ar', 'user_type': 'registered', 'is_subscribed': True, 'trial_user': False, 'autoplay': False, 'is_background_play': True}",video,709,474.602,0.67
5365,02130c51-d02a-4101-8fdd-07bf070702b1,bbf4ee93-b9dc-42dd-9ddb-3bab9cba6571,play,2026-01-11 18:01:18.756125+00:00,,web-chrome,"{'country': 'SA', 'city': 'Riyadh', 'language': 'ar', 'user_type': 'registered', 'is_subscribed': True, 'trial_user': False, 'autoplay': False, 'is_background_play': False}",video,709,,
5366,02130c51-d02a-4101-8fdd-07bf070702b1,b82b9a7d-5178-497a-a1a8-b42984b08838,click,2026-01-11 18:03:18.756133+00:00,,android,"{'country': 'SA', 'city': 'Riyadh', 'language': 'ar', 'user_type': 'registered', 'is_subscribed': True, 'trial_user': False, 'autoplay': False, 'is_background_play': True}",video,709,,
5367,02130c51-d02a-4101-8fdd-07bf070702b1,0176809d-6f1d-4cf6-9ac9-062f7a78e9df,finish,2026-01-11 18:46:18.756142+00:00,528611.0,web-safari,"{'country': 'SA', 'city': 'Riyadh', 'language': 'ar', 'user_type': 'registered', 'is_subscribed': True, 'trial_user': False, 'autoplay': False, 'is_background_play': False}",video,709,528.611,0.75
5368,02130c51-d02a-4101-8fdd-07bf070702b1,2793129b-f128-4899-9d5e-519282de9335,click,2026-01-11 17:56:18.756153+00:00,,web-chrome,"{'country': 'SA', 'city': 'Riyadh', 'language': 'ar', 'user_type': 'registered', 'is_subscribed': True, 'trial_user': False, 'autoplay': False, 'is_background_play': False}",video,709,,
5369,02130c51-d02a-4101-8fdd-07bf070702b1,3c7d3393-0b72-4190-ae8a-15546bd50e0a,finish,2026-01-11 18:48:18.756162+00:00,103141.0,android,"{'country': 'SA', 'city': 'Riyadh', 'language': 'ar', 'user_type': 'registered', 'is_subscribed': True, 'trial_user': False, 'autoplay': False, 'is_background_play': False}",video,709,103.141,0.15
5370,02130c51-d02a-4101-8fdd-07bf070702b1,00515a27-a436-46b7-9c68-90b843cd498a,pause,2026-01-11 18:44:18.756171+00:00,207357.0,web-chrome,"{'country': 'SA', 'city': 'Riyadh', 'language': 'ar', 'user_type': 'registered', 'is_subscribed': True, 'trial_user': False, 'autoplay': False, 'is_background_play': False}",video,709,207.357,0.29
5371,02130c51-d02a-4101-8fdd-07bf070702b1,963c5924-542e-4880-9731-8a7c787edfff,pause,2026-01-11 18:22:18.756181+00:00,,web-safari,"{'country': 'SA', 'city': 'Riyadh', 'language': 'ar', 'user_type': 'registered', 'is_subscribed': True, 'trial_user': False, 'autoplay': False, 'is_background_play': True}",video,709,,
5372,02130c51-d02a-4101-8fdd-07bf070702b1,530c6c9e-45ca-4f82-880c-761569c61ba6,pause,2026-01-11 18:26:18.756190+00:00,,ios,"{'country': 'SA', 'city': 'Riyadh', 'language': 'ar', 'user_type': 'registered', 'is_subscribed': True, 'trial_user': False, 'autoplay': False, 'is_background_play': True}",video,709,,
5373,02130c51-d02a-4101-8fdd-07bf070702b1,ce316218-7823-49b7-b33b-bf688a9e73de,play,2026-01-11 18:30:18.756199+00:00,527732.0,android,"{'country': 'SA', 'city': 'Riyadh', 'language': 'ar', 'user_type': 'registered', 'is_subscribed': True, 'trial_user': False, 'autoplay': False, 'is_background_play': True}",video,709,527.732,0.74
5374,02130c51-d02a-4101-8fdd-07bf070702b1,d6877489-0cfe-40cd-9872-2413cea2bb52,pause,2026-01-11 18:34:18.756208+00:00,389671.0,ios,"{'country': 'SA', 'city': 'Riyadh', 'language': 'ar', 'user_type': 'registered', 'is_subscribed': True, 'trial_user': False, 'autoplay': False, 'is_background_play': True}",video,709,389.671,0.55
5375,02130c51-d02a-4101-8fdd-07bf070702b1,163d253c-3a3c-48d1-8e90-4345c4a1086a,pause,2026-01-11 18:14:18.756217+00:00,194939.0,android,"{'country': 'SA', 'city': 'Riyadh', 'language': 'ar', 'user_type': 'registered', 'is_subscribed': True, 'trial_user': False, 'autoplay': False, 'is_background_play': False}",video,709,194.939,0.27
5376,02130c51-d02a-4101-8fdd-07bf070702b1,256d8eac-45df-47e7-9f9b-76ec1778c4ac,finish,2026-01-11 18:29:18.756227+00:00,435515.0,ios,"{'country': 'SA', 'city': 'Riyadh', 'language': 'ar', 'user_type': 'registered', 'is_subscribed': True, 'trial_user': False, 'autoplay': False, 'is_background_play': False}",video,709,435.515,0.61
5377,02130c51-d02a-4101-8fdd-07bf070702b1,559a2fe3-93b7-4972-8403-4fbf79274137,pause,2026-01-11 18:39:18.756243+00:00,460595.0,web-chrome,"{'country': 'SA', 'city': 'Riyadh', 'language': 'ar', 'user_type': 'registered', 'is_subscribed': True, 'trial_user': False, 'autoplay': False, 'is_background_play': False}",video,709,460.595,0.65
5378,02130c51-d02a-4101-8fdd-07bf070702b1,688bf5ed-ee1b-4e9a-8d52-4fe1894f7e7d,finish,2026-01-11 18:06:18.756253+00:00,41296.0,ios,"{'country': 'SA', 'city': 'Riyadh', 'language': 'ar', 'user_type': 'registered', 'is_subscribed': True, 'trial_user': False, 'autoplay': False, 'is_background_play': False}",video,709,41.296,0.06
5379,02130c51-d02a-4101-8fdd-07bf070702b1,a037599d-cc82-462a-b1b9-647214346ff9,click,2026-01-11 18:21:18.756263+00:00,,android,"{'country': 'SA', 'city': 'Riyadh', 'language': 'ar', 'user_type': 'registered', 'is_subscribed': True, 'trial_user': False, 'autoplay': False, 'is_background_play': True}",video,709,,
5380,02130c51-d02a-4101-8fdd-07bf070702b1,f81db6ec-f061-4c63-9fc6-6725163d3324,play,2026-01-11 18:30:18.756273+00:00,,ios,"{'country': 'SA', 'city': 'Riyadh', 'language': 'ar', 'user_type': 'registered', 'is_subscribed': True, 'trial_user': False, 'autoplay': False, 'is_background_play': True}",video,709,,
5381,02130c51-d02a-4101-8fdd-07bf070702b1,143a6700-9430-4207-9a5c-44df652c4cbc,play,2026-01-11 18:26:18.756282+00:00,564556.0,web-safari,"{'country': 'SA', 'city': 'Riyadh', 'language': 'ar', 'user_type': 'registered', 'is_subscribed': True, 'trial_user': False, 'autoplay': False, 'is_background_play': False}",video,709,564.556,0.8
5382,02130c51-d02a-4101-8fdd-07bf070702b1,3dfc6faa-60bd-4627-a758-f7f8988beb9a,play,2026-01-11 18:09:18.756292+00:00,,web-chrome,"{'country': 'SA', 'city': 'Riyadh', 'language': 'ar', 'user_type': 'registered', 'is_subscribed': True, 'trial_user': False, 'autoplay': False, 'is_background_play': False}",video,709,,
5383,02130c51-d02a-4101-8fdd-07bf070702b1,2c7b2786-f26a-4086-8b27-576ed6e99c42,finish,2026-01-11 18:48:18.756301+00:00,451688.0,web-safari,"{'country': 'SA', 'city': 'Riyadh', 'language': 'ar', 'user_type': 'registered', 'is_subscribed': True, 'trial_user': False, 'autoplay': False, 'is_background_play': False}",video,709,451.688,0.64
5384,02130c51-d02a-4101-8fdd-07bf070702b1,0225a29f-a588-4219-8528-420f4280e24b,click,2026-01-11 18:13:18.756310+00:00,,web-chrome,"{'country': 'SA', 'city': 'Riyadh', 'language': 'ar', 'user_type': 'registered', 'is_subscribed': True, 'trial_user': False, 'autoplay': False, 'is_background_play': True}",video,709,,
5385,02130c51-d02a-4101-8fdd-07bf070702b1,19a7842f-7f8f-4ccd-ad20-c1d9be853293,finish,2026-01-11 17:58:18.756319+00:00,,web-chrome,"{'country': 'SA', 'city': 'Riyadh', 'language': 'ar', 'user_type': 'registered', 'is_subscribed': True, 'trial_user': False, 'autoplay': False, 'is_background_play': True}",video,709,,
5386,02130c51-d02a-4101-8fdd-07bf070702b1,f8cfac98-14fd-4613-818a-590bbd9c201a,play,2026-01-11 18:27:18.756328+00:00,246297.0,web-chrome,"{'country': 'SA', 'city': 'Riyadh', 'language': 'ar', 'user_type': 'registered', 'is_subscribed': True, 'trial_user': False, 'autoplay': False, 'is_background_play': True}",video,709,246.297,0.35
5387,02130c51-d02a-4101-8fdd-07bf070702b1,4bd3d34d-762a-4186-80a3-ac60a493c7f1,play,2026-01-11 18:51:18.756338+00:00,167405.0,android,"{'country': 'SA', 'city': 'Riyadh', 'language': 'ar', 'user_type': 'registered', 'is_subscribed': True, 'trial_user': False, 'autoplay': False, 'is_background_play': False}",video,709,167.405,0.24
5388,02130c51-d02a-4101-8fdd-07bf070702b1,257bf640-951d-462e-b542-bf6c17aa12c2,click,2026-01-11 18:46:18.756347+00:00,,web-safari,"{'country': 'SA', 'city': 'Riyadh', 'language': 'ar', 'user_type': 'registered', 'is_subscribed': True, 'trial_user': False, 'autoplay': False, 'is_background_play': False}",video,709,,
5389,02130c51-d02a-4101-8fdd-07bf070702b1,c030277b-4491-42fb-9815-56b22415ed09,play,2026-01-11 18:32:18.756356+00:00,345595.0,ios,"{'country': 'SA', 'city': 'Riyadh', 'language': 'ar', 'user_type': 'registered', 'is_subscribed': True, 'trial_user': False, 'autoplay': False, 'is_background_play': True}",video,709,345.595,0.49
5390,02130c51-d02a-4101-8fdd-07bf070702b1,8f86309a-65a2-4780-bfce-9fe40ac2595c,play,2026-01-11 18:20:18.756365+00:00,1691.0,ios,"{'country': 'SA', 'city': 'Riyadh', 'language': 'ar', 'user_type': 'registered', 'is_subscribed': True, 'trial_user': False, 'autoplay': False, 'is_background_play': True}",video,709,1.691,0.0
5391,02130c51-d02a-4101-8fdd-07bf070702b1,7ebd5361-552c-402a-95de-651d973172f0,click,2026-01-11 18:06:18.756374+00:00,,web-chrome,"{'country': 'SA', 'city': 'Riyadh', 'language': 'ar', 'user_type': 'registered', 'is_subscribed': True, 'trial_user': False, 'autoplay': False, 'is_background_play': True}",video,709,,
5392,02130c51-d02a-4101-8fdd-07bf070702b1,1e670b12-89e0-45bb-8801-48cd5b7355a2,pause,2026-01-11 17:59:18.756382+00:00,626075.0,android,"{'country': 'SA', 'city': 'Riyadh', 'language': 'ar', 'user_type': 'registered', 'is_subscribed': True, 'trial_user': False, 'autoplay': False, 'is_background_play': True}",video,709,626.075,0.88
5393,02130c51-d02a-4101-8fdd-07bf070702b1,eba86f88-d955-4746-8669-a86e94a9bbb6,click,2026-01-11 18:25:18.756392+00:00,,web-chrome,"{'country': 'SA', 'city': 'Riyadh', 'language': 'ar', 'user_type': 'registered', 'is_subscribed': True, 'trial_user': False, 'autoplay': False, 'is_background_play': False}",video,709,,
5394,02130c51-d02a-4101-8fdd-07bf070702b1,34b52a45-dec5-4ec3-8a9e-1bc0c05aeaf3,play,2026-01-11 18:24:18.756400+00:00,231449.0,android,"{'country': 'SA', 'city': 'Riyadh', 'language': 'ar', 'user_type': 'registered', 'is_subscribed': True, 'trial_user': False, 'autoplay': False, 'is_background_play': False}",video,709,231.449,0.33
5395,02130c51-d02a-4101-8fdd-07bf070702b1,94dc817f-00e6-4f2f-b56f-4de2fb7c3967,pause,2026-01-11 18:01:18.756409+00:00,682479.0,web-chrome,"{'country': 'SA', 'city': 'Riyadh', 'language': 'ar', 'user_type': 'registered', 'is_subscribed': True, 'trial_user': False, 'autoplay': False, 'is_background_play': False}",video,709,682.479,0.96
5396,02130c51-d02a-4101-8fdd-07bf070702b1,9abde71d-e6c1-49d9-8565-35d91d0911f7,play,2026-01-11 18:36:18.756419+00:00,,ios,"{'country': 'SA', 'city': 'Riyadh', 'language': 'ar', 'user_type': 'registered', 'is_subscribed': True, 'trial_user': False, 'autoplay': False, 'is_background_play': True}",video,709,,
5397,02130c51-d02a-4101-8fdd-07bf070702b1,6696b05a-8f69-4cb2-b2d2-976e4a27fc83,play,2026-01-11 18:12:18.756427+00:00,550595.0,web-safari,"{'country': 'SA', 'city': 'Riyadh', 'language': 'ar', 'user_type': 'registered', 'is_subscribed': True, 'trial_user': False, 'autoplay': False, 'is_background_play': True}",video,709,550.595,0.78
5398,02130c51-d02a-4101-8fdd-07bf070702b1,173ad8b1-1c80-4b29-ad48-dd55c7d24cbc,finish,2026-01-11 18:02:18.756437+00:00,500038.0,android,"{'country': 'SA', 'city': 'Riyadh', 'language': 'ar', 'user_type': 'registered', 'is_subscribed': True, 'trial_user': False, 'autoplay': False, 'is_background_play': False}",video,709,500.038,0.71
5399,02130c51-d02a-4101-8fdd-07bf070702b1,1d85e7ab-99e7-464c-9c86-1499f188af2f,finish,2026-01-11 18:40:18.756446+00:00,203286.0,web-safari,"{'country': 'SA', 'city': 'Riyadh', 'language': 'ar', 'user_type': 'registered', 'is_subscribed': True, 'trial_user': False, 'autoplay': False, 'is_background_play': False}",video,709,203.286,0.29
5400,02130c51-d02a-4101-8fdd-07bf070702b1,a68ff2ad-6803-4506-ae62-b037dd776f41,finish,2026-01-11 18:18:18.756455+00:00,249347.0,web-safari,"{'country': 'SA', 'city': 'Riyadh', 'language': 'ar', 'user_type': 'registered', 'is_subscribed': True, 'trial_user': False, 'autoplay': False, 'is_background_play': True}",video,709,249.347,0.35
5401,477a0057-0eff-4f6d-ace0-36b3364a2dcd,8d70ea25-2193-4cad-85ca-b247e2f53f52,play,2026-01-11 18:22:18.756464+00:00,621363.0,web-chrome,"{'country': 'SA', 'city': 'Riyadh', 'language': 'ar', 'user_type': 'registered', 'is_subscribed': True, 'trial_user': False, 'autoplay': False, 'is_background_play': False}",video,635,621.363,0.98
5402,477a0057-0eff-4f6d-ace0-36b3364a2dcd,353f9a2b-9d02-461c-9000-ac352c990f6c,pause,2026-01-11 18:12:18.756482+00:00,,web-safari,"{'country': 'SA', 'city': 'Riyadh', 'language': 'ar', 'user_type': 'registered', 'is_subscribed': True, 'trial_user': False, 'autoplay': False, 'is_background_play': False}",video,635,,
5403,477a0057-0eff-4f6d-ace0-36b3364a2dcd,2dbc4ad8-1230-47d9-a523-e37dee62cdf6,pause,2026-01-11 18:41:18.756492+00:00,570161.0,web-chrome,"{'country': 'SA', 'city': 'Riyadh', 'language': 'ar', 'user_type': 'registered', 'is_subscribed': True, 'trial_user': False, 'autoplay': False, 'is_background_play': True}",video,635,570.161,0.9
5404,477a0057-0eff-4f6d-ace0-36b3364a2dcd,ae21be72-61f0-4741-9425-8cea0afefdd6,click,2026-01-11 18:50:18.756501+00:00,,web-safari,"{'country': 'SA', 'city': 'Riyadh', 'language': 'ar', 'user_type': 'registered', 'is_subscribed': True, 'trial_user': False, 'autoplay': False, 'is_background_play': True}",video,635,,
5405,477a0057-0eff-4f6d-ace0-36b3364a2dcd,392b3f49-170f-45db-b0c2-a178bc040538,pause,2026-01-11 18:11:18.756510+00:00,203422.0,ios,"{'country': 'SA', 'city': 'Riyadh', 'language': 'ar', 'user_type': 'registered', 'is_subscribed': True, 'trial_user': False, 'autoplay': False, 'is_background_play': False}",video,635,203.422,0.32
5406,477a0057-0eff-4f6d-ace0-36b3364a2dcd,01553345-ceef-4efe-8b48-c9dec879a889,finish,2026-01-11 18:33:18.756519+00:00,245070.0,ios,"{'country': 'SA', 'city': 'Riyadh', 'language': 'ar', 'user_type': 'registered', 'is_subscribed': True, 'trial_user': False, 'autoplay': False, 'is_background_play': True}",video,635,245.07,0.39
5407,477a0057-0eff-4f6d-ace0-36b3364a2dcd,fdbdb92c-9240-470e-91e8-8066a1bf839d,pause,2026-01-11 18:06:18.756528+00:00,468687.0,web-chrome,"{'country': 'SA', 'city': 'Riyadh', 'language': 'ar', 'user_type': 'registered', 'is_subscribed': True, 'trial_user': False, 'autoplay': False, 'is_background_play': False}",video,635,468.687,0.74
5408,477a0057-0eff-4f6d-ace0-36b3364a2dcd,fa530118-57fa-437f-bdcd-6a2eff3fe601,finish,2026-01-11 18:04:18.756537+00:00,501359.0,web-chrome,"{'country': 'SA', 'city': 'Riyadh', 'language': 'ar', 'user_type': 'registered', 'is_subscribed': True, 'trial_user': False, 'autoplay': False, 'is_background_play': False}",video,635,501.359,0.79
5409,477a0057-0eff-4f6d-ace0-36b3364a2dcd,0f546a60-eecb-4852-b4b8-b955d60db600,play,2026-01-11 18:26:18.756547+00:00,490691.0,web-safari,"{'country': 'SA', 'city': 'Riyadh', 'language': 'ar', 'user_type': 'registered', 'is_subscribed': True, 'trial_user': False, 'autoplay': False, 'is_background_play': True}",video,635,490.691,0.77
5410,477a0057-0eff-4f6d-ace0-36b3364a2dcd,fab849f2-0ed7-4244-9744-fcfc7ed5a07f,play,2026-01-11 18:03:18.756556+00:00,,web-chrome,"{'country': 'SA', 'city': 'Riyadh', 'language': 'ar', 'user_type': 'registered', 'is_subscribed': True, 'trial_user': False, 'autoplay': False, 'is_background_play': True}",video,635,,
5411,477a0057-0eff-4f6d-ace0-36b3364a2dcd,092d8b37-30b3-49db-921e-ad88d0f83c55,finish,2026-01-11 18:05:18.756565+00:00,170368.0,web-chrome,"{'country': 'SA', 'city': 'Riyadh', 'language': 'ar', 'user_type': 'registered', 'is_subscribed': True, 'trial_user': False, 'autoplay': False, 'is_background_play': False}",video,635,170.368,0.27
5412,477a0057-0eff-4f6d-ace0-36b3364a2dcd,e6302a3b-52a0-4090-be02-eec441812205,finish,2026-01-11 18:45:18.756574+00:00,,ios,"{'country': 'SA', 'city': 'Riyadh', 'language': 'ar', 'user_type': 'registered', 'is_subscribed': True, 'trial_user': False, 'autoplay': False, 'is_background_play': True}",video,635,,
5413,477a0057-0eff-4f6d-ace0-36b3364a2dcd,35360bca-4417-414f-8d79-85eba0de6b80,click,2026-01-11 18:05:18.756583+00:00,,android,"{'country': 'SA', 'city': 'Riyadh', 'language': 'ar', 'user_type': 'registered', 'is_subscribed': True, 'trial_user': False, 'autoplay': False, 'is_background_play': False}",video,635,,
5414,477a0057-0eff-4f6d-ace0-36b3364a2dcd,7e1b095a-c9db-48f4-b326-89d7c43504c9,play,2026-01-11 18:09:18.756591+00:00,279407.0,android,"{'country': 'SA', 'city': 'Riyadh', 'language': 'ar', 'user_type': 'registered', 'is_subscribed': True, 'trial_user': False, 'autoplay': False, 'is_background_play': False}",video,635,279.407,0.44
5415,477a0057-0eff-4f6d-ace0-36b3364a2dcd,180007ad-c263-4b2e-a3f1-e250648be762,click,2026-01-11 18:33:18.756600+00:00,,android,"{'country': 'SA', 'city': 'Riyadh', 'language': 'ar', 'user_type': 'registered', 'is_subscribed': True, 'trial_user': False, 'autoplay': False, 'is_background_play': True}",video,635,,
5416,477a0057-0eff-4f6d-ace0-36b3364a2dcd,229339c8-5d5c-45d4-baa6-fa3d12ae9ec5,pause,2026-01-11 18:29:18.756609+00:00,134298.0,ios,"{'country': 'SA', 'city': 'Riyadh', 'language': 'ar', 'user_type': 'registered', 'is_subscribed': True, 'trial_user': False, 'autoplay': False, 'is_background_play': True}",video,635,134.298,0.21
5417,477a0057-0eff-4f6d-ace0-36b3364a2dcd,91ff6552-d15c-45c3-9fc0-014487c94dc7,click,2026-01-11 18:17:18.756618+00:00,,web-safari,"{'country': 'SA', 'city': 'Riyadh', 'language': 'ar', 'user_type': 'registered', 'is_subscribed': True, 'trial_user': False, 'autoplay': False, 'is_background_play': False}",video,635,,
5418,477a0057-0eff-4f6d-ace0-36b3364a2dcd,58130c3b-395c-48a4-a7cc-9423e6758c04,pause,2026-01-11 18:05:18.756627+00:00,625637.0,ios,"{'country': 'SA', 'city': 'Riyadh', 'language': 'ar', 'user_type': 'registered', 'is_subscribed': True, 'trial_user': False, 'autoplay': False, 'is_background_play': False}",video,635,625.637,0.99
5419,477a0057-0eff-4f6d-ace0-36b3364a2dcd,27d493e7-7171-46e4-8f00-7ed881163e76,play,2026-01-11 18:15:18.756636+00:00,535764.0,android,"{'country': 'SA', 'city': 'Riyadh', 'language': 'ar', 'user_type': 'registered', 'is_subscribed': True, 'trial_user': False, 'autoplay': False, 'is_background_play': False}",video,635,535.764,0.84
5420,477a0057-0eff-4f6d-ace0-36b3364a2dcd,2e01e8f3-92de-4411-babf-f4184b5c5fab,pause,2026-01-11 18:51:18.756645+00:00,558258.0,ios,"{'country': 'SA', 'city': 'Riyadh', 'language': 'ar', 'user_type': 'registered', 'is_subscribed': True, 'trial_user': False, 'autoplay': False, 'is_background_play': False}",video,635,558.258,0.88
5421,477a0057-0eff-4f6d-ace0-36b3364a2dcd,b0fed99d-37f4-4fc6-ace3-d61fc2864c21,pause,2026-01-11 18:22:18.756654+00:00,251076.0,web-safari,"{'country': 'SA', 'city': 'Riyadh', 'language': 'ar', 'user_type': 'registered', 'is_subscribed': True, 'trial_user': False, 'autoplay': False, 'is_background_play': True}",video,635,251.076,0.4
5422,477a0057-0eff-4f6d-ace0-36b3364a2dcd,eb4496be-d1a9-43e6-a076-7d5ef9816841,play,2026-01-11 18:07:18.756663+00:00,,android,"{'country': 'SA', 'city': 'Riyadh', 'language': 'ar', 'user_type': 'registered', 'is_subscribed': True, 'trial_user': False, 'autoplay': False, 'is_background_play': True}",video,635,,
5423,477a0057-0eff-4f6d-ace0-36b3364a2dcd,cedba57a-e8d5-445b-930a-1d2c61bdaa21,click,2026-01-11 18:48:18.756672+00:00,,web-chrome,"{'country': 'SA', 'city': 'Riyadh', 'language': 'ar', 'user_type': 'registered', 'is_subscribed': True, 'trial_user': False, 'autoplay': False, 'is_background_play': True}",video,635,,
5424,477a0057-0eff-4f6d-ace0-36b3364a2dcd,73ff2a59-1534-445a-bfed-0f977e1f559a,click,2026-01-11 18:24:18.756680+00:00,,web-safari,"{'country': 'SA', 'city': 'Riyadh', 'language': 'ar', 'user_type': 'registered', 'is_subscribed': True, 'trial_user': False, 'autoplay': False, 'is_background_play': False}",video,635,,
5425,477a0057-0eff-4f6d-ace0-36b3364a2dcd,aedbdebb-0a86-4409-99b8-5221f9cff9d4,click,2026-01-11 18:47:18.756689+00:00,,web-safari,"{'country': 'SA', 'city': 'Riyadh', 'language': 'ar', 'user_type': 'registered', 'is_subscribed': True, 'trial_user': False, 'autoplay': False, 'is_background_play': False}",video,635,,
5426,477a0057-0eff-4f6d-ace0-36b3364a2dcd,86d5cb5f-8e25-431a-8ecd-54cb74e38aa6,pause,2026-01-11 18:54:18.756698+00:00,467963.0,web-chrome,"{'country': 'SA', 'city': 'Riyadh', 'language': 'ar', 'user_type': 'registered', 'is_subscribed': True, 'trial_user': False, 'autoplay': False, 'is_background_play': True}",video,635,467.963,0.74
5427,477a0057-0eff-4f6d-ace0-36b3364a2dcd,7fcb05b6-bbeb-48b7-a802-fed1a33fba0c,play,2026-01-11 18:13:18.756713+00:00,85024.0,android,"{'country': 'SA', 'city': 'Riyadh', 'language': 'ar', 'user_type': 'registered', 'is_subscribed': True, 'trial_user': False, 'autoplay': False, 'is_background_play': False}",video,635,85.024,0.13
5428,477a0057-0eff-4f6d-ace0-36b3364a2dcd,ac54547e-00d7-4105-91a2-65eb3ab48f43,click,2026-01-11 18:39:18.756723+00:00,,android,"{'country': 'SA', 'city': 'Riyadh', 'language': 'ar', 'user_type': 'registered', 'is_subscribed': True, 'trial_user': False, 'autoplay': False, 'is_background_play': False}",video,635,,
5429,477a0057-0eff-4f6d-ace0-36b3364a2dcd,2a0988e0-1c7c-4fc1-b1a7-5cd0d7711694,play,2026-01-11 18:43:18.756731+00:00,515925.0,web-safari,"{'country': 'SA', 'city': 'Riyadh', 'language': 'ar', 'user_type': 'registered', 'is_subscribed': True, 'trial_user': False, 'autoplay': False, 'is_background_play': True}",video,635,515.925,0.81
5430,477a0057-0eff-4f6d-ace0-36b3364a2dcd,7b528b73-be92-4578-b79e-1304ff6c92b5,finish,2026-01-11 18:42:18.756741+00:00,,web-safari,"{'country': 'SA', 'city': 'Riyadh', 'language': 'ar', 'user_type': 'registered', 'is_subscribed': True, 'trial_user': False, 'autoplay': False, 'is_background_play': False}",video,635,,
5431,477a0057-0eff-4f6d-ace0-36b3364a2dcd,06cbbc88-532e-4827-bac8-3a7d26eca31a,play,2026-01-11 18:46:18.756749+00:00,26990.0,web-safari,"{'country': 'SA', 'city': 'Riyadh', 'language': 'ar', 'user_type': 'registered', 'is_subscribed': True, 'trial_user': False, 'autoplay': False, 'is_background_play': True}",video,635,26.99,0.04
5432,477a0057-0eff-4f6d-ace0-36b3364a2dcd,6c579a82-33a7-42a1-95cd-d72c10475fb3,click,2026-01-11 18:06:18.756759+00:00,,web-safari,"{'country': 'SA', 'city': 'Riyadh', 'language': 'ar', 'user_type': 'registered', 'is_subscribed': True, 'trial_user': False, 'autoplay': False, 'is_background_play': True}",video,635,,
5433,477a0057-0eff-4f6d-ace0-36b3364a2dcd,f4ad533f-f16b-4711-81a9-3dae2a589318,finish,2026-01-11 18:04:18.756767+00:00,223444.0,web-chrome,"{'country': 'SA', 'city': 'Riyadh', 'language': 'ar', 'user_type': 'registered', 'is_subscribed': True, 'trial_user': False, 'autoplay': False, 'is_background_play': False}",video,635,223.444,0.35
5434,477a0057-0eff-4f6d-ace0-36b3364a2dcd,da739fbe-dd3d-4048-b001-a799e3e4b594,play,2026-01-11 18:49:18.756777+00:00,201155.0,android,"{'country': 'SA', 'city': 'Riyadh', 'language': 'ar', 'user_type': 'registered', 'is_subscribed': True, 'trial_user': False, 'autoplay': False, 'is_background_play': False}",video,635,201.155,0.32
5435,477a0057-0eff-4f6d-ace0-36b3364a2dcd,18728c85-bdb4-4721-b8b0-337517eb9a2a,pause,2026-01-11 18:08:18.756786+00:00,,web-chrome,"{'country': 'SA', 'city': 'Riyadh', 'language': 'ar', 'user_type': 'registered', 'is_subscribed': True, 'trial_user': False, 'autoplay': False, 'is_background_play': False}",video,635,,
5436,477a0057-0eff-4f6d-ace0-36b3364a2dcd,f2725170-906b-48d4-ad48-b16de36a675e,pause,2026-01-11 18:50:18.756794+00:00,545783.0,web-chrome,"{'country': 'SA', 'city': 'Riyadh', 'language': 'ar', 'user_type': 'registered', 'is_subscribed': True, 'trial_user': False, 'autoplay': False, 'is_background_play': False}",video,635,545.783,0.86
5437,477a0057-0eff-4f6d-ace0-36b3364a2dcd,6056b48d-5351-43ff-86b8-fbbbb642f799,play,2026-01-11 18:21:18.756804+00:00,,ios,"{'country': 'SA', 'city': 'Riyadh', 'language': 'ar', 'user_type': 'registered', 'is_subscribed': True, 'trial_user': False, 'autoplay': False, 'is_background_play': False}",video,635,,
5438,477a0057-0eff-4f6d-ace0-36b3364a2dcd,3bc6817a-1a75-4464-bf47-aac4329ccb65,pause,2026-01-11 18:51:18.756812+00:00,150278.0,android,"{'country': 'SA', 'city': 'Riyadh', 'language': 'ar', 'user_type': 'registered', 'is_subscribed': True, 'trial_user': False, 'autoplay': False, 'is_background_play': False}",video,635,150.278,0.24
5439,477a0057-0eff-4f6d-ace0-36b3364a2dcd,bb4656e6-11c3-4826-ba1a-68898cccef7a,play,2026-01-11 17:58:18.756822+00:00,546820.0,web-safari,"{'country': 'SA', 'city': 'Riyadh', 'language': 'ar', 'user_type': 'registered', 'is_subscribed': True, 'trial_user': False, 'autoplay': False, 'is_background_play': False}",video,635,546.82,0.86
5440,477a0057-0eff-4f6d-ace0-36b3364a2dcd,5e488233-9f47-4543-a4d3-91af11c4a983,click,2026-01-11 18:40:18.756831+00:00,,web-safari,"{'country': 'SA', 'city': 'Riyadh', 'language': 'ar', 'user_type': 'registered', 'is_subscribed': True, 'trial_user': False, 'autoplay': False, 'is_background_play': False}",video,635,,
5441,7d4d9905-006e-42b0-954b-3010efa27759,a6bfb511-0fe9-4659-9e98-111779c1c1f1,play,2026-01-11 18:30:18.756839+00:00,2335012.0,web-chrome,"{'country': 'SA', 'city': 'Riyadh', 'language': 'ar', 'user_type': 'registered', 'is_subscribed': True, 'trial_user': False, 'autoplay': False, 'is_background_play': False}",podcast,2624,2335.012,0.89
5442,7d4d9905-006e-42b0-954b-3010efa27759,bfe7e81f-194e-4030-b415-3289e1439949,pause,2026-01-11 18:02:18.756849+00:00,2146565.0,android,"{'country': 'SA', 'city': 'Riyadh', 'language': 'ar', 'user_type': 'registered', 'is_subscribed': True, 'trial_user': False, 'autoplay': False, 'is_background_play': True}",podcast,2624,2146.565,0.82
5443,7d4d9905-006e-42b0-954b-3010efa27759,f9b04900-ddda-485a-8e23-0ac544d9b200,pause,2026-01-11 17:55:18.756858+00:00,2048082.0,web-safari,"{'country': 'SA', 'city': 'Riyadh', 'language': 'ar', 'user_type': 'registered', 'is_subscribed': True, 'trial_user': False, 'autoplay': False, 'is_background_play': False}",podcast,2624,2048.082,0.78
5444,7d4d9905-006e-42b0-954b-3010efa27759,4e687b3c-77bf-4782-9e44-52de72772669,finish,2026-01-11 18:04:18.756867+00:00,15718.0,web-safari,"{'country': 'SA', 'city': 'Riyadh', 'language': 'ar', 'user_type': 'registered', 'is_subscribed': True, 'trial_user': False, 'autoplay': False, 'is_background_play': True}",podcast,2624,15.718,0.01
5445,7d4d9905-006e-42b0-954b-3010efa27759,1ca5cc7d-fe75-4e69-bc5c-18058ab8dab3,click,2026-01-11 18:01:18.756876+00:00,,android,"{'country': 'SA', 'city': 'Riyadh', 'language': 'ar', 'user_type': 'registered', 'is_subscribed': True, 'trial_user': False, 'autoplay': False, 'is_background_play': False}",podcast,2624,,
5446,7d4d9905-006e-42b0-954b-3010efa27759,9bf9bd60-6282-4d89-a885-f7446790faae,pause,2026-01-11 18:42:18.756885+00:00,2295131.0,web-safari,"{'country': 'SA', 'city': 'Riyadh', 'language': 'ar', 'user_type': 'registered', 'is_subscribed': True, 'trial_user': False, 'autoplay': False, 'is_background_play': False}",podcast,2624,2295.131,0.87
5447,7d4d9905-006e-42b0-954b-3010efa27759,46fdaf45-1787-440c-9630-72405155da2a,finish,2026-01-11 18:01:18.756894+00:00,2228352.0,web-chrome,"{'country': 'SA', 'city': 'Riyadh', 'language': 'ar', 'user_type': 'registered', 'is_subscribed': True, 'trial_user': False, 'autoplay': False, 'is_background_play': False}",podcast,2624,2228.352,0.85
5448,7d4d9905-006e-42b0-954b-3010efa27759,f7c41238-e363-43e6-a02d-660c292675c9,finish,2026-01-11 18:04:18.756903+00:00,2429277.0,web-safari,"{'country': 'SA', 'city': 'Riyadh', 'language': 'ar', 'user_type': 'registered', 'is_subscribed': True, 'trial_user': False, 'autoplay': False, 'is_background_play': False}",podcast,2624,2429.277,0.93
5449,7d4d9905-006e-42b0-954b-3010efa27759,a1ceab97-d7fa-4aaa-889a-28db75a45ec7,click,2026-01-11 18:02:18.756912+00:00,,web-safari,"{'country': 'SA', 'city': 'Riyadh', 'language': 'ar', 'user_type': 'registered', 'is_subscribed': True, 'trial_user': False, 'autoplay': False, 'is_background_play': False}",podcast,2624,,
5450,7d4d9905-006e-42b0-954b-3010efa27759,21fd16bb-06c3-4038-be60-e6d9e43b65c0,pause,2026-01-11 17:59:18.756921+00:00,2557809.0,web-safari,"{'country': 'SA', 'city': 'Riyadh', 'language': 'ar', 'user_type': 'registered', 'is_subscribed': True, 'trial_user': False, 'autoplay': False, 'is_background_play': True}",podcast,2624,2557.809,0.97
5451,7d4d9905-006e-42b0-954b-3010efa27759,49ff0322-8651-4235-8307-06acd45b2c1c,click,2026-01-11 18:17:18.756930+00:00,,android,"{'country': 'SA', 'city': 'Riyadh', 'language': 'ar', 'user_type': 'registered', 'is_subscribed': True, 'trial_user': False, 'autoplay': False, 'is_background_play': True}",podcast,2624,,
5452,7d4d9905-006e-42b0-954b-3010efa27759,db2b42b3-181e-41f6-9851-cd6f1c2032f3,play,2026-01-11 18:45:18.756945+00:00,785621.0,web-chrome,"{'country': 'SA', 'city': 'Riyadh', 'language': 'ar', 'user_type': 'registered', 'is_subscribed': True, 'trial_user': False, 'autoplay': False, 'is_background_play': True}",podcast,2624,785.621,0.3
5453,7d4d9905-006e-42b0-954b-3010efa27759,63e2176c-274e-4c8c-b1ea-e503cd068b62,click,2026-01-11 18:20:18.756955+00:00,,ios,"{'country': 'SA', 'city': 'Riyadh', 'language': 'ar', 'user_type': 'registered', 'is_subscribed': True, 'trial_user': False, 'autoplay': False, 'is_background_play': True}",podcast,2624,,
5454,7d4d9905-006e-42b0-954b-3010efa27759,bd44d8e4-57a7-4adc-b7c4-a5bdfd597fe9,play,2026-01-11 18:40:18.756963+00:00,1946094.0,android,"{'country': 'SA', 'city': 'Riyadh', 'language': 'ar', 'user_type': 'registered', 'is_subscribed': True, 'trial_user': False, 'autoplay': False, 'is_background_play': False}",podcast,2624,1946.094,0.74
5455,7d4d9905-006e-42b0-954b-3010efa27759,9606fd0b-63e0-4f9b-995c-b90aa5c18326,finish,2026-01-11 18:41:18.756973+00:00,18114.0,web-chrome,"{'country': 'SA', 'city': 'Riyadh', 'language': 'ar', 'user_type': 'registered', 'is_subscribed': True, 'trial_user': False, 'autoplay': False, 'is_background_play': True}",podcast,2624,18.114,0.01
5456,7d4d9905-006e-42b0-954b-3010efa27759,21d1c1d3-e49d-441a-a51e-a9ef21d38b0c,play,2026-01-11 18:46:18.756982+00:00,556538.0,web-chrome,"{'country': 'SA', 'city': 'Riyadh', 'language': 'ar', 'user_type': 'registered', 'is_subscribed': True, 'trial_user': False, 'autoplay': False, 'is_background_play': False}",podcast,2624,556.538,0.21
5457,7d4d9905-006e-42b0-954b-3010efa27759,8bf3d4eb-f32f-4970-851f-58d4b0fe1907,pause,2026-01-11 18:38:18.756991+00:00,1768134.0,web-safari,"{'country': 'SA', 'city': 'Riyadh', 'language': 'ar', 'user_type': 'registered', 'is_subscribed': True, 'trial_user': False, 'autoplay': False, 'is_background_play': False}",podcast,2624,1768.134,0.67
5458,7d4d9905-006e-42b0-954b-3010efa27759,4b2c930b-8c70-4304-bbf4-653055bde6e8,click,2026-01-11 18:03:18.757000+00:00,,web-safari,"{'country': 'SA', 'city': 'Riyadh', 'language': 'ar', 'user_type': 'registered', 'is_subscribed': True, 'trial_user': False, 'autoplay': False, 'is_background_play': True}",podcast,2624,,
5459,7d4d9905-006e-42b0-954b-3010efa27759,71516b60-dea7-40b4-9429-2ac5ba57cea2,play,2026-01-11 18:22:18.757009+00:00,642558.0,web-chrome,"{'country': 'SA', 'city': 'Riyadh', 'language': 'ar', 'user_type': 'registered', 'is_subscribed': True, 'trial_user': False, 'autoplay': False, 'is_background_play': True}",podcast,2624,642.558,0.24
5460,7d4d9905-006e-42b0-954b-3010efa27759,842a4df9-f21f-42b6-99e8-a899bfdad2f3,play,2026-01-11 18:46:18.757018+00:00,905820.0,android,"{'country': 'SA', 'city': 'Riyadh', 'language': 'ar', 'user_type': 'registered', 'is_subscribed': True, 'trial_user': False, 'autoplay': False, 'is_background_play': True}",podcast,2624,905.82,0.35
5461,7d4d9905-006e-42b0-954b-3010efa27759,0873eab5-1b4a-4dd7-879b-64910e077bfc,play,2026-01-11 18:35:18.757027+00:00,,web-safari,"{'country': 'SA', 'city': 'Riyadh', 'language': 'ar', 'user_type': 'registered', 'is_subscribed': True, 'trial_user': False, 'autoplay': False, 'is_background_play': True}",podcast,2624,,
5462,7d4d9905-006e-42b0-954b-3010efa27759,a96c154d-9354-4776-a651-c4c65211a135,play,2026-01-11 18:12:18.757036+00:00,946629.0,web-chrome,"{'country': 'SA', 'city': 'Riyadh', 'language': 'ar', 'user_type': 'registered', 'is_subscribed': True, 'trial_user': False, 'autoplay': False, 'is_background_play': True}",podcast,2624,946.629,0.36
5463,7d4d9905-006e-42b0-954b-3010efa27759,ee098cb4-5044-4365-af8d-51017d13fa3f,finish,2026-01-11 18:55:18.757045+00:00,,web-safari,"{'country': 'SA', 'city': 'Riyadh', 'language': 'ar', 'user_type': 'registered', 'is_subscribed': True, 'trial_user': False, 'autoplay': False, 'is_background_play': True}",podcast,2624,,
5464,7d4d9905-006e-42b0-954b-3010efa27759,23c445a2-3f9a-4e50-927d-b35f0d702a9d,click,2026-01-11 18:25:18.757054+00:00,,ios,"{'country': 'SA', 'city': 'Riyadh', 'language': 'ar', 'user_type': 'registered', 'is_subscribed': True, 'trial_user': False, 'autoplay': False, 'is_background_play': False}",podcast,2624,,
5465,7d4d9905-006e-42b0-954b-3010efa27759,132e5874-fe4a-44ea-bd1f-9d66ba0026bc,pause,2026-01-11 18:29:18.757062+00:00,1865045.0,ios,"{'country': 'SA', 'city': 'Riyadh', 'language': 'ar', 'user_type': 'registered', 'is_subscribed': True, 'trial_user': False, 'autoplay': False, 'is_background_play': False}",podcast,2624,1865.045,0.71
5466,7d4d9905-006e-42b0-954b-3010efa27759,77acf8a8-0749-4059-b445-74e32f178ea9,finish,2026-01-11 18:01:18.757072+00:00,1989067.0,web-safari,"{'country': 'SA', 'city': 'Riyadh', 'language': 'ar', 'user_type': 'registered', 'is_subscribed': True, 'trial_user': False, 'autoplay': False, 'is_background_play': True}",podcast,2624,1989.067,0.76
5467,7d4d9905-006e-42b0-954b-3010efa27759,af84ba2b-6ba2-466d-a3ac-6ced02084fc5,click,2026-01-11 18:24:18.757081+00:00,,web-safari,"{'country': 'SA', 'city': 'Riyadh', 'language': 'ar', 'user_type': 'registered', 'is_subscribed': True, 'trial_user': False, 'autoplay': False, 'is_background_play': True}",podcast,2624,,
5468,7d4d9905-006e-42b0-954b-3010efa27759,bf11a9d6-a4f0-4b4b-91f8-af8300a9a720,finish,2026-01-11 18:36:18.757090+00:00,49169.0,web-chrome,"{'country': 'SA', 'city': 'Riyadh', 'language': 'ar', 'user_type': 'registered', 'is_subscribed': True, 'trial_user': False, 'autoplay': False, 'is_background_play': False}",podcast,2624,49.169,0.02
5469,7d4d9905-006e-42b0-954b-3010efa27759,f71293d6-219a-40ec-8ff4-7a6a4f9f4f19,pause,2026-01-11 18:46:18.757099+00:00,2516903.0,android,"{'country': 'SA', 'city': 'Riyadh', 'language': 'ar', 'user_type': 'registered', 'is_subscribed': True, 'trial_user': False, 'autoplay': False, 'is_background_play': True}",podcast,2624,2516.903,0.96
5470,7d4d9905-006e-42b0-954b-3010efa27759,c184c64a-5176-43de-ae84-2aceddf0e3c0,click,2026-01-11 18:46:18.757108+00:00,,web-chrome,"{'country': 'SA', 'city': 'Riyadh', 'language': 'ar', 'user_type': 'registered', 'is_subscribed': True, 'trial_user': False, 'autoplay': False, 'is_background_play': True}",podcast,2624,,
5471,7d4d9905-006e-42b0-954b-3010efa27759,b038a820-c631-4bdd-aa2a-8de15fb4d9fb,click,2026-01-11 18:22:18.757118+00:00,,android,"{'country': 'SA', 'city': 'Riyadh', 'language': 'ar', 'user_type': 'registered', 'is_subscribed': True, 'trial_user': False, 'autoplay': False, 'is_background_play': False}",podcast,2624,,
5472,7d4d9905-006e-42b0-954b-3010efa27759,6beec5a7-f780-452d-b80c-82fd96f1ef04,pause,2026-01-11 18:36:18.757129+00:00,2438557.0,web-safari,"{'country': 'SA', 'city': 'Riyadh', 'language': 'ar', 'user_type': 'registered', 'is_subscribed': True, 'trial_user': False, 'autoplay': False, 'is_background_play': False}",podcast,2624,2438.557,0.93
5473,7d4d9905-006e-42b0-954b-3010efa27759,9d024b64-77d8-4454-9e3f-8b3a37d4568a,pause,2026-01-11 18:00:18.757141+00:00,1899524.0,ios,"{'country': 'SA', 'city': 'Riyadh', 'language': 'ar', 'user_type': 'registered', 'is_subscribed': True, 'trial_user': False, 'autoplay': False, 'is_background_play': True}",podcast,2624,1899.524,0.72
5474,7d4d9905-006e-42b0-954b-3010efa27759,3f31485e-7cb0-4f16-85ab-0d73e3de9f1d,click,2026-01-11 18:14:18.757152+00:00,,web-safari,"{'country': 'SA', 'city': 'Riyadh', 'language': 'ar', 'user_type': 'registered', 'is_subscribed': True, 'trial_user': False, 'autoplay': False, 'is_background_play': True}",podcast,2624,,
5475,7d4d9905-006e-42b0-954b-3010efa27759,8029a89b-3cda-45db-8020-0195ca090df7,click,2026-01-11 18:37:18.757161+00:00,,web-safari,"{'country': 'SA', 'city': 'Riyadh', 'language': 'ar', 'user_type': 'registered', 'is_subscribed': True, 'trial_user': False, 'autoplay': False, 'is_background_play': True}",podcast,2624,,
5476,7d4d9905-006e-42b0-954b-3010efa27759,3d46da7f-a508-4ec0-9298-6894947b8b2f,click,2026-01-11 17:55:18.757170+00:00,,web-safari,"{'country': 'SA', 'city': 'Riyadh', 'language': 'ar', 'user_type': 'registered', 'is_subscribed': True, 'trial_user': False, 'autoplay': False, 'is_background_play': False}",podcast,2624,,
5477,7d4d9905-006e-42b0-954b-3010efa27759,aacb4772-e755-46ab-bb77-930955d165a9,play,2026-01-11 18:19:18.757185+00:00,568025.0,web-chrome,"{'country': 'SA', 'city': 'Riyadh', 'language': 'ar', 'user_type': 'registered', 'is_subscribed': True, 'trial_user': False, 'autoplay': False, 'is_background_play': False}",podcast,2624,568.025,0.22
5478,7d4d9905-006e-42b0-954b-3010efa27759,0ad5bc21-4bdd-45a4-a763-4df30e237c20,pause,2026-01-11 18:54:18.757195+00:00,116413.0,android,"{'country': 'SA', 'city': 'Riyadh', 'language': 'ar', 'user_type': 'registered', 'is_subscribed': True, 'trial_user': False, 'autoplay': False, 'is_background_play': False}",podcast,2624,116.413,0.04
5479,7d4d9905-006e-42b0-954b-3010efa27759,5836e19e-4aa7-4dfa-8db0-8cb1bc543682,play,2026-01-11 18:25:18.757205+00:00,1197568.0,android,"{'country': 'SA', 'city': 'Riyadh', 'language': 'ar', 'user_type': 'registered', 'is_subscribed': True, 'trial_user': False, 'autoplay': False, 'is_background_play': False}",podcast,2624,1197.568,0.46
5480,7d4d9905-006e-42b0-954b-3010efa27759,a9e2e09b-8719-44f7-8256-55e2f419fa4e,play,2026-01-11 18:01:18.757214+00:00,,ios,"{'country': 'SA', 'city': 'Riyadh', 'language': 'ar', 'user_type': 'registered', 'is_subscribed': True, 'trial_user': False, 'autoplay': False, 'is_background_play': False}",podcast,2624,,
5481,c75d5dd2-b548-47c5-a08c-9d899bf3531b,d837fb6a-61d4-41dc-9f17-aec8f693f9cf,pause,2026-01-11 18:37:18.757223+00:00,,web-safari,"{'country': 'SA', 'city': 'Riyadh', 'language': 'ar', 'user_type': 'registered', 'is_subscribed': True, 'trial_user': False, 'autoplay': False, 'is_background_play': False}",video,835,,
5482,c75d5dd2-b548-47c5-a08c-9d899bf3531b,62cbda51-e1c8-490f-91b4-abd7a68510b3,click,2026-01-11 18:44:18.757231+00:00,,web-safari,"{'country': 'SA', 'city': 'Riyadh', 'language': 'ar', 'user_type': 'registered', 'is_subscribed': True, 'trial_user': False, 'autoplay': False, 'is_background_play': False}",video,835,,
5483,c75d5dd2-b548-47c5-a08c-9d899bf3531b,506cb5ad-09a2-4dbf-858b-fcb4944156b2,finish,2026-01-11 18:54:18.757240+00:00,,web-safari,"{'country': 'SA', 'city': 'Riyadh', 'language': 'ar', 'user_type': 'registered', 'is_subscribed': True, 'trial_user': False, 'autoplay': False, 'is_background_play': True}",video,835,,
5484,c75d5dd2-b548-47c5-a08c-9d899bf3531b,a9de3ff6-bd35-43b2-9f5e-23e4bad647bf,click,2026-01-11 18:25:18.757249+00:00,,android,"{'country': 'SA', 'city': 'Riyadh', 'language': 'ar', 'user_type': 'registered', 'is_subscribed': True, 'trial_user': False, 'autoplay': False, 'is_background_play': False}",video,835,,
5485,c75d5dd2-b548-47c5-a08c-9d899bf3531b,f650d0c6-6acb-4a92-beaf-edb20d75516b,play,2026-01-11 18:43:18.757258+00:00,594074.0,web-chrome,"{'country': 'SA', 'city': 'Riyadh', 'language': 'ar', 'user_type': 'registered', 'is_subscribed': True, 'trial_user': False, 'autoplay': False, 'is_background_play': True}",video,835,594.074,0.71
5486,c75d5dd2-b548-47c5-a08c-9d899bf3531b,0afe9cae-875d-4149-b54a-84f247d5b262,pause,2026-01-11 18:26:18.757267+00:00,51909.0,web-safari,"{'country': 'SA', 'city': 'Riyadh', 'language': 'ar', 'user_type': 'registered', 'is_subscribed': True, 'trial_user': False, 'autoplay': False, 'is_background_play': False}",video,835,51.909,0.06
5487,c75d5dd2-b548-47c5-a08c-9d899bf3531b,246c1937-60f2-48b2-8d4f-56434192621f,pause,2026-01-11 18:20:18.757276+00:00,59844.0,android,"{'country': 'SA', 'city': 'Riyadh', 'language': 'ar', 'user_type': 'registered', 'is_subscribed': True, 'trial_user': False, 'autoplay': False, 'is_background_play': False}",video,835,59.844,0.07
5488,c75d5dd2-b548-47c5-a08c-9d899bf3531b,823f7d2b-8ac7-42d4-b6e9-f5632ce7af65,play,2026-01-11 18:30:18.757285+00:00,226556.0,web-chrome,"{'country': 'SA', 'city': 'Riyadh', 'language': 'ar', 'user_type': 'registered', 'is_subscribed': True, 'trial_user': False, 'autoplay': False, 'is_background_play': True}",video,835,226.556,0.27
5489,c75d5dd2-b548-47c5-a08c-9d899bf3531b,7455ea0f-061a-48f7-b5cc-72b1f59071a3,play,2026-01-11 17:58:18.757294+00:00,144253.0,ios,"{'country': 'SA', 'city': 'Riyadh', 'language': 'ar', 'user_type': 'registered', 'is_subscribed': True, 'trial_user': False, 'autoplay': False, 'is_background_play': False}",video,835,144.253,0.17
5490,c75d5dd2-b548-47c5-a08c-9d899bf3531b,eaaf98b6-05b3-442c-b4c6-f2c7356ca5fa,finish,2026-01-11 18:54:18.757303+00:00,273596.0,web-chrome,"{'country': 'SA', 'city': 'Riyadh', 'language': 'ar', 'user_type': 'registered', 'is_subscribed': True, 'trial_user': False, 'autoplay': False, 'is_background_play': True}",video,835,273.596,0.33
5491,c75d5dd2-b548-47c5-a08c-9d899bf3531b,5c5361dc-7e26-4067-9777-dab740e38e8b,finish,2026-01-11 18:26:18.757312+00:00,,web-safari,"{'country': 'SA', 'city': 'Riyadh', 'language': 'ar', 'user_type': 'registered', 'is_subscribed': True, 'trial_user': False, 'autoplay': False, 'is_background_play': False}",video,835,,
5492,c75d5dd2-b548-47c5-a08c-9d899bf3531b,63bc38a8-f8c6-4df7-aaae-7a8ebe9b32ea,play,2026-01-11 18:08:18.757321+00:00,197620.0,web-chrome,"{'country': 'SA', 'city': 'Riyadh', 'language': 'ar', 'user_type': 'registered', 'is_subscribed': True, 'trial_user': False, 'autoplay': False, 'is_background_play': False}",video,835,197.62,0.24
5493,c75d5dd2-b548-47c5-a08c-9d899bf3531b,4322efb2-3ed9-4748-aa1d-21ed9b49bbf9,click,2026-01-11 17:55:18.757330+00:00,,web-safari,"{'country': 'SA', 'city': 'Riyadh', 'language': 'ar', 'user_type': 'registered', 'is_subscribed': True, 'trial_user': False, 'autoplay': False, 'is_background_play': True}",video,835,,
5494,c75d5dd2-b548-47c5-a08c-9d899bf3531b,d29a3880-5363-4f06-aaa2-1f615bba42d5,click,2026-01-11 18:09:18.757339+00:00,,android,"{'country': 'SA', 'city': 'Riyadh', 'language': 'ar', 'user_type': 'registered', 'is_subscribed': True, 'trial_user': False, 'autoplay': False, 'is_background_play': True}",video,835,,
5495,c75d5dd2-b548-47c5-a08c-9d899bf3531b,38b31ef0-f46a-4d1f-b264-810e4cad0fa2,click,2026-01-11 18:41:18.757347+00:00,,web-safari,"{'country': 'SA', 'city': 'Riyadh', 'language': 'ar', 'user_type': 'registered', 'is_subscribed': True, 'trial_user': False, 'autoplay': False, 'is_background_play': False}",video,835,,
5496,c75d5dd2-b548-47c5-a08c-9d899bf3531b,e7b9e305-3473-49d5-bea6-28ac9dbaa423,finish,2026-01-11 18:09:18.757356+00:00,832000.0,web-safari,"{'country': 'SA', 'city': 'Riyadh', 'language': 'ar', 'user_type': 'registered', 'is_subscribed': True, 'trial_user': False, 'autoplay': False, 'is_background_play': False}",video,835,832.0,1.0
5497,c75d5dd2-b548-47c5-a08c-9d899bf3531b,dd3726e8-5008-44d9-aaef-21390d02bc7a,play,2026-01-11 18:06:18.757365+00:00,738870.0,ios,"{'country': 'SA', 'city': 'Riyadh', 'language': 'ar', 'user_type': 'registered', 'is_subscribed': True, 'trial_user': False, 'autoplay': False, 'is_background_play': False}",video,835,738.87,0.88
5498,c75d5dd2-b548-47c5-a08c-9d899bf3531b,16ca0763-8475-420d-aba4-33f7c236ef21,pause,2026-01-11 17:56:18.757374+00:00,581623.0,android,"{'country': 'SA', 'city': 'Riyadh', 'language': 'ar', 'user_type': 'registered', 'is_subscribed': True, 'trial_user': False, 'autoplay': False, 'is_background_play': False}",video,835,581.623,0.7
5499,c75d5dd2-b548-47c5-a08c-9d899bf3531b,39a593ad-3053-41bd-9aed-212a56bd8983,play,2026-01-11 18:25:18.757383+00:00,,web-safari,"{'country': 'SA', 'city': 'Riyadh', 'language': 'ar', 'user_type': 'registered', 'is_subscribed': True, 'trial_user': False, 'autoplay': False, 'is_background_play': False}",video,835,,
5500,c75d5dd2-b548-47c5-a08c-9d899bf3531b,679996ff-4d43-4fb4-a3c0-e1550fe8cc5c,finish,2026-01-11 18:00:18.757392+00:00,761735.0,ios,"{'country': 'SA', 'city': 'Riyadh', 'language': 'ar', 'user_type': 'registered', 'is_subscribed': True, 'trial_user': False, 'autoplay': False, 'is_background_play': False}",video,835,761.735,0.91
5501,c75d5dd2-b548-47c5-a08c-9d899bf3531b,a6ff4caf-5a42-4d1a-b4df-5ff23f69f230,finish,2026-01-11 18:50:18.757401+00:00,362533.0,android,"{'country': 'SA', 'city': 'Riyadh', 'language': 'ar', 'user_type': 'registered', 'is_subscribed': True, 'trial_user': False, 'autoplay': False, 'is_background_play': True}",video,835,362.533,0.43
5502,c75d5dd2-b548-47c5-a08c-9d899bf3531b,193acc23-6783-4026-b79c-2aca8e4b2c57,finish,2026-01-11 18:25:18.757416+00:00,732408.0,web-chrome,"{'country': 'SA', 'city': 'Riyadh', 'language': 'ar', 'user_type': 'registered', 'is_subscribed': True, 'trial_user': False, 'autoplay': False, 'is_background_play': True}",video,835,732.408,0.88
5503,c75d5dd2-b548-47c5-a08c-9d899bf3531b,fb32fc7e-07c2-4721-a1a6-65f8cf14a969,pause,2026-01-11 18:04:18.757426+00:00,281451.0,web-safari,"{'country': 'SA', 'city': 'Riyadh', 'language': 'ar', 'user_type': 'registered', 'is_subscribed': True, 'trial_user': False, 'autoplay': False, 'is_background_play': False}",video,835,281.451,0.34
5504,c75d5dd2-b548-47c5-a08c-9d899bf3531b,c70a06b0-0e0e-47b9-be22-7b99e4d2afdb,finish,2026-01-11 18:32:18.757436+00:00,791024.0,ios,"{'country': 'SA', 'city': 'Riyadh', 'language': 'ar', 'user_type': 'registered', 'is_subscribed': True, 'trial_user': False, 'autoplay': False, 'is_background_play': False}",video,835,791.024,0.95
5505,c75d5dd2-b548-47c5-a08c-9d899bf3531b,3c5cd4c1-4123-405f-bb64-84c8df6832fe,pause,2026-01-11 18:23:18.757445+00:00,79797.0,web-safari,"{'country': 'SA', 'city': 'Riyadh', 'language': 'ar', 'user_type': 'registered', 'is_subscribed': True, 'trial_user': False, 'autoplay': False, 'is_background_play': True}",video,835,79.797,0.1
5506,c75d5dd2-b548-47c5-a08c-9d899bf3531b,392dd095-e04e-4414-b9df-07d402509835,finish,2026-01-11 18:52:18.757454+00:00,,web-safari,"{'country': 'SA', 'city': 'Riyadh', 'language': 'ar', 'user_type': 'registered', 'is_subscribed': True, 'trial_user': False, 'autoplay': False, 'is_background_play': False}",video,835,,
5507,c75d5dd2-b548-47c5-a08c-9d899bf3531b,321ee25a-1b9e-4305-994f-9dd96761acc4,finish,2026-01-11 18:36:18.757463+00:00,440915.0,ios,"{'country': 'SA', 'city': 'Riyadh', 'language': 'ar', 'user_type': 'registered', 'is_subscribed': True, 'trial_user': False, 'autoplay': False, 'is_background_play': False}",video,835,440.915,0.53
5508,c75d5dd2-b548-47c5-a08c-9d899bf3531b,beea5b41-5ab9-480e-a1e5-ba34f217f90d,pause,2026-01-11 18:54:18.757472+00:00,,android,"{'country': 'SA', 'city': 'Riyadh', 'language': 'ar', 'user_type': 'registered', 'is_subscribed': True, 'trial_user': False, 'autoplay': False, 'is_background_play': True}",video,835,,
5509,c75d5dd2-b548-47c5-a08c-9d899bf3531b,4706def1-28a1-4e35-95cd-72a90d158383,finish,2026-01-11 18:03:18.757480+00:00,709633.0,ios,"{'country': 'SA', 'city': 'Riyadh', 'language': 'ar', 'user_type': 'registered', 'is_subscribed': True, 'trial_user': False, 'autoplay': False, 'is_background_play': False}",video,835,709.633,0.85
5510,c75d5dd2-b548-47c5-a08c-9d899bf3531b,435438f7-566a-4d77-b5d4-f6f30adc60ff,finish,2026-01-11 18:01:18.757490+00:00,26580.0,android,"{'country': 'SA', 'city': 'Riyadh', 'language': 'ar', 'user_type': 'registered', 'is_subscribed': True, 'trial_user': False, 'autoplay': False, 'is_background_play': False}",video,835,26.58,0.03
5511,c75d5dd2-b548-47c5-a08c-9d899bf3531b,6a1ca002-3496-4d44-b7a2-5d54ce40bff2,pause,2026-01-11 18:24:18.757499+00:00,,ios,"{'country': 'SA', 'city': 'Riyadh', 'language': 'ar', 'user_type': 'registered', 'is_subscribed': True, 'trial_user': False, 'autoplay': False, 'is_background_play': True}",video,835,,
5512,c75d5dd2-b548-47c5-a08c-9d899bf3531b,adcab2ba-5a7e-4e24-b346-08a9c626bff2,click,2026-01-11 18:27:18.757507+00:00,,web-chrome,"{'country': 'SA', 'city': 'Riyadh', 'language': 'ar', 'user_type': 'registered', 'is_subscribed': True, 'trial_user': False, 'autoplay': False, 'is_background_play': True}",video,835,,
5513,c75d5dd2-b548-47c5-a08c-9d899bf3531b,9dd36d7c-29df-4873-902d-d39cba13eb5e,pause,2026-01-11 17:55:18.757516+00:00,678689.0,android,"{'country': 'SA', 'city': 'Riyadh', 'language': 'ar', 'user_type': 'registered', 'is_subscribed': True, 'trial_user': False, 'autoplay': False, 'is_background_play': False}",video,835,678.689,0.81
5514,c75d5dd2-b548-47c5-a08c-9d899bf3531b,521e36e1-0a2e-4191-8a50-7319029b2f66,pause,2026-01-11 18:35:18.757525+00:00,553828.0,web-chrome,"{'country': 'SA', 'city': 'Riyadh', 'language': 'ar', 'user_type': 'registered', 'is_subscribed': True, 'trial_user': False, 'autoplay': False, 'is_background_play': True}",video,835,553.828,0.66
5515,c75d5dd2-b548-47c5-a08c-9d899bf3531b,54a6bd61-ddc1-46cb-88c2-454b646e2823,pause,2026-01-11 18:22:18.757534+00:00,281453.0,web-chrome,"{'country': 'SA', 'city': 'Riyadh', 'language': 'ar', 'user_type': 'registered', 'is_subscribed': True, 'trial_user': False, 'autoplay': False, 'is_background_play': True}",video,835,281.453,0.34
5516,c75d5dd2-b548-47c5-a08c-9d899bf3531b,54e2a417-87a8-46fe-9395-108ea118f968,click,2026-01-11 17:58:18.757543+00:00,,web-chrome,"{'country': 'SA', 'city': 'Riyadh', 'language': 'ar', 'user_type': 'registered', 'is_subscribed': True, 'trial_user': False, 'autoplay': False, 'is_background_play': True}",video,835,,
5517,c75d5dd2-b548-47c5-a08c-9d899bf3531b,468dad0d-6dee-4619-8b24-e3dde925d753,click,2026-01-11 18:22:18.757552+00:00,,ios,"{'country': 'SA', 'city': 'Riyadh', 'language': 'ar', 'user_type': 'registered', 'is_subscribed': True, 'trial_user': False, 'autoplay': False, 'is_background_play': True}",video,835,,
5518,c75d5dd2-b548-47c5-a08c-9d899bf3531b,7d3de007-ea11-4f39-9ee6-0586ea0aca71,pause,2026-01-11 18:20:18.757561+00:00,821770.0,web-chrome,"{'country': 'SA', 'city': 'Riyadh', 'language': 'ar', 'user_type': 'registered', 'is_subscribed': True, 'trial_user': False, 'autoplay': False, 'is_background_play': True}",video,835,821.77,0.98
5519,c75d5dd2-b548-47c5-a08c-9d899bf3531b,3b00a79a-2b36-49e5-a4bd-a97343e9cadb,play,2026-01-11 18:35:18.757570+00:00,234153.0,android,"{'country': 'SA', 'city': 'Riyadh', 'language': 'ar', 'user_type': 'registered', 'is_subscribed': True, 'trial_user': False, 'autoplay': False, 'is_background_play': False}",video,835,234.153,0.28
5520,c75d5dd2-b548-47c5-a08c-9d899bf3531b,0d53821e-719c-44f9-b32f-ff7a170748e4,click,2026-01-11 18:21:18.757580+00:00,,web-chrome,"{'country': 'SA', 'city': 'Riyadh', 'language': 'ar', 'user_type': 'registered', 'is_subscribed': True, 'trial_user': False, 'autoplay': False, 'is_background_play': False}",video,835,,
5521,b0f4de6f-6772-487b-b199-1bbb6ff002f2,36dfa32c-104a-4c0a-ba4e-ad39670a99ea,play,2026-01-11 17:56:18.757588+00:00,,web-safari,"{'country': 'SA', 'city': 'Riyadh', 'language': 'ar', 'user_type': 'registered', 'is_subscribed': True, 'trial_user': False, 'autoplay': False, 'is_background_play': False}",video,622,,
5522,b0f4de6f-6772-487b-b199-1bbb6ff002f2,c3dc9a60-c0ee-4071-af95-5bae8ca8a544,click,2026-01-11 18:01:18.757597+00:00,,web-safari,"{'country': 'SA', 'city': 'Riyadh', 'language': 'ar', 'user_type': 'registered', 'is_subscribed': True, 'trial_user': False, 'autoplay': False, 'is_background_play': True}",video,622,,
5523,b0f4de6f-6772-487b-b199-1bbb6ff002f2,ba3ad2ec-5f00-4d38-8e0f-dd426ccd42a6,play,2026-01-11 18:17:18.757606+00:00,,web-chrome,"{'country': 'SA', 'city': 'Riyadh', 'language': 'ar', 'user_type': 'registered', 'is_subscribed': True, 'trial_user': False, 'autoplay': False, 'is_background_play': False}",video,622,,
5524,b0f4de6f-6772-487b-b199-1bbb6ff002f2,f67d1a93-7864-4abb-952b-9c602d0a8af2,click,2026-01-11 18:15:18.757615+00:00,,web-safari,"{'country': 'SA', 'city': 'Riyadh', 'language': 'ar', 'user_type': 'registered', 'is_subscribed': True, 'trial_user': False, 'autoplay': False, 'is_background_play': False}",video,622,,
5525,b0f4de6f-6772-487b-b199-1bbb6ff002f2,014bdad5-d8f4-4f5f-a720-e3f4f9587c6a,click,2026-01-11 18:03:18.757623+00:00,,android,"{'country': 'SA', 'city': 'Riyadh', 'language': 'ar', 'user_type': 'registered', 'is_subscribed': True, 'trial_user': False, 'autoplay': False, 'is_background_play': False}",video,622,,
5526,b0f4de6f-6772-487b-b199-1bbb6ff002f2,357663a7-df60-4857-84bf-d38ef4731c89,finish,2026-01-11 17:59:18.757632+00:00,476969.0,web-chrome,"{'country': 'SA', 'city': 'Riyadh', 'language': 'ar', 'user_type': 'registered', 'is_subscribed': True, 'trial_user': False, 'autoplay': False, 'is_background_play': True}",video,622,476.969,0.77
5527,b0f4de6f-6772-487b-b199-1bbb6ff002f2,3b680793-0426-48a5-bc74-b4550ff4c1f0,play,2026-01-11 18:34:18.757651+00:00,441012.0,web-safari,"{'country': 'SA', 'city': 'Riyadh', 'language': 'ar', 'user_type': 'registered', 'is_subscribed': True, 'trial_user': False, 'autoplay': False, 'is_background_play': False}",video,622,441.012,0.71
5528,b0f4de6f-6772-487b-b199-1bbb6ff002f2,aef99735-e585-48af-9867-0811f8cccafc,finish,2026-01-11 18:42:18.757661+00:00,561235.0,ios,"{'country': 'SA', 'city': 'Riyadh', 'language': 'ar', 'user_type': 'registered', 'is_subscribed': True, 'trial_user': False, 'autoplay': False, 'is_background_play': False}",video,622,561.235,0.9
5529,b0f4de6f-6772-487b-b199-1bbb6ff002f2,f3ecf8ce-865c-4f02-ad5a-6bddd8512792,click,2026-01-11 18:24:18.757670+00:00,,android,"{'country': 'SA', 'city': 'Riyadh', 'language': 'ar', 'user_type': 'registered', 'is_subscribed': True, 'trial_user': False, 'autoplay': False, 'is_background_play': False}",video,622,,
5530,b0f4de6f-6772-487b-b199-1bbb6ff002f2,f60df509-6b31-42dc-a470-c909c7f6e420,finish,2026-01-11 17:55:18.757679+00:00,347490.0,ios,"{'country': 'SA', 'city': 'Riyadh', 'language': 'ar', 'user_type': 'registered', 'is_subscribed': True, 'trial_user': False, 'autoplay': False, 'is_background_play': False}",video,622,347.49,0.56
5531,b0f4de6f-6772-487b-b199-1bbb6ff002f2,79ca31cd-fb20-4802-b6b7-412602e704ad,finish,2026-01-11 18:02:18.757688+00:00,586609.0,web-chrome,"{'country': 'SA', 'city': 'Riyadh', 'language': 'ar', 'user_type': 'registered', 'is_subscribed': True, 'trial_user': False, 'autoplay': False, 'is_background_play': False}",video,622,586.609,0.94
5532,b0f4de6f-6772-487b-b199-1bbb6ff002f2,a24209e1-2189-4463-88b9-32752331e5b4,click,2026-01-11 18:27:18.757697+00:00,,ios,"{'country': 'SA', 'city': 'Riyadh', 'language': 'ar', 'user_type': 'registered', 'is_subscribed': True, 'trial_user': False, 'autoplay': False, 'is_background_play': False}",video,622,,
5533,b0f4de6f-6772-487b-b199-1bbb6ff002f2,931932bd-1f1a-4257-856d-9aaa1cac60e1,play,2026-01-11 18:30:18.757706+00:00,416813.0,ios,"{'country': 'SA', 'city': 'Riyadh', 'language': 'ar', 'user_type': 'registered', 'is_subscribed': True, 'trial_user': False, 'autoplay': False, 'is_background_play': False}",video,622,416.813,0.67
5534,b0f4de6f-6772-487b-b199-1bbb6ff002f2,3adf17bb-e70d-4a9e-ad18-b71c19e2a24d,pause,2026-01-11 18:19:18.757715+00:00,,ios,"{'country': 'SA', 'city': 'Riyadh', 'language': 'ar', 'user_type': 'registered', 'is_subscribed': True, 'trial_user': False, 'autoplay': False, 'is_background_play': True}",video,622,,
5535,b0f4de6f-6772-487b-b199-1bbb6ff002f2,cd2b6d27-c3c1-4c9c-ab61-a9dfad91cc4f,play,2026-01-11 18:42:18.757723+00:00,226647.0,web-chrome,"{'country': 'SA', 'city': 'Riyadh', 'language': 'ar', 'user_type': 'registered', 'is_subscribed': True, 'trial_user': False, 'autoplay': False, 'is_background_play': True}",video,622,226.647,0.36
5536,b0f4de6f-6772-487b-b199-1bbb6ff002f2,a0379936-a989-49be-bc0e-5a4b0a6251d1,click,2026-01-11 18:07:18.757732+00:00,,ios,"{'country': 'SA', 'city': 'Riyadh', 'language': 'ar', 'user_type': 'registered', 'is_subscribed': True, 'trial_user': False, 'autoplay': False, 'is_background_play': False}",video,622,,
5537,b0f4de6f-6772-487b-b199-1bbb6ff002f2,ca149beb-658d-42f9-8625-ee586999afaf,pause,2026-01-11 17:55:18.757741+00:00,616840.0,web-safari,"{'country': 'SA', 'city': 'Riyadh', 'language': 'ar', 'user_type': 'registered', 'is_subscribed': True, 'trial_user': False, 'autoplay': False, 'is_background_play': True}",video,622,616.84,0.99
5538,b0f4de6f-6772-487b-b199-1bbb6ff002f2,90e4c1dc-2d88-4dfb-aba0-ce5d1b09de5a,finish,2026-01-11 17:57:18.757750+00:00,43962.0,web-safari,"{'country': 'SA', 'city': 'Riyadh', 'language': 'ar', 'user_type': 'registered', 'is_subscribed': True, 'trial_user': False, 'autoplay': False, 'is_background_play': True}",video,622,43.962,0.07
5539,b0f4de6f-6772-487b-b199-1bbb6ff002f2,b191d813-f676-41a6-8530-a03171689544,finish,2026-01-11 17:55:18.757759+00:00,182032.0,web-chrome,"{'country': 'SA', 'city': 'Riyadh', 'language': 'ar', 'user_type': 'registered', 'is_subscribed': True, 'trial_user': False, 'autoplay': False, 'is_background_play': True}",video,622,182.032,0.29
5540,b0f4de6f-6772-487b-b199-1bbb6ff002f2,15d0d6a8-9c3f-4de3-b48e-bcf01a45edbf,pause,2026-01-11 18:29:18.757768+00:00,358415.0,android,"{'country': 'SA', 'city': 'Riyadh', 'language': 'ar', 'user_type': 'registered', 'is_subscribed': True, 'trial_user': False, 'autoplay': False, 'is_background_play': True}",video,622,358.415,0.58
5541,b0f4de6f-6772-487b-b199-1bbb6ff002f2,c1cf8ac3-2d79-4d9b-bb78-e7c315d437a7,pause,2026-01-11 18:51:18.757778+00:00,267628.0,ios,"{'country': 'SA', 'city': 'Riyadh', 'language': 'ar', 'user_type': 'registered', 'is_subscribed': True, 'trial_user': False, 'autoplay': False, 'is_background_play': True}",video,622,267.628,0.43
5542,b0f4de6f-6772-487b-b199-1bbb6ff002f2,b538e8ba-c41d-4044-a663-e19d389d55f8,finish,2026-01-11 18:52:18.757787+00:00,537322.0,ios,"{'country': 'SA', 'city': 'Riyadh', 'language': 'ar', 'user_type': 'registered', 'is_subscribed': True, 'trial_user': False, 'autoplay': False, 'is_background_play': False}",video,622,537.322,0.86
5543,b0f4de6f-6772-487b-b199-1bbb6ff002f2,4d9cc07e-3e08-4480-9069-f5668cc35687,finish,2026-01-11 17:56:18.757796+00:00,437552.0,web-chrome,"{'country': 'SA', 'city': 'Riyadh', 'language': 'ar', 'user_type': 'registered', 'is_subscribed': True, 'trial_user': False, 'autoplay': False, 'is_background_play': False}",video,622,437.552,0.7
5544,b0f4de6f-6772-487b-b199-1bbb6ff002f2,52fb1fa2-5ec5-4c82-afb1-0ad6f9d33482,finish,2026-01-11 18:39:18.757805+00:00,210761.0,web-safari,"{'country': 'SA', 'city': 'Riyadh', 'language': 'ar', 'user_type': 'registered', 'is_subscribed': True, 'trial_user': False, 'autoplay': False, 'is_background_play': True}",video,622,210.761,0.34
5545,b0f4de6f-6772-487b-b199-1bbb6ff002f2,2f47fbdf-ab95-4e69-82cf-2fb33a950c75,play,2026-01-11 18:05:18.757814+00:00,430299.0,ios,"{'country': 'SA', 'city': 'Riyadh', 'language': 'ar', 'user_type': 'registered', 'is_subscribed': True, 'trial_user': False, 'autoplay': False, 'is_background_play': False}",video,622,430.299,0.69
5546,b0f4de6f-6772-487b-b199-1bbb6ff002f2,2639b72b-7c44-41be-b198-2c7bcb30d046,play,2026-01-11 18:44:18.757824+00:00,22248.0,ios,"{'country': 'SA', 'city': 'Riyadh', 'language': 'ar', 'user_type': 'registered', 'is_subscribed': True, 'trial_user': False, 'autoplay': False, 'is_background_play': False}",video,622,22.248,0.04
5547,b0f4de6f-6772-487b-b199-1bbb6ff002f2,c25e5caf-fef5-46d6-966c-5ed1d2d974ab,pause,2026-01-11 18:51:18.757833+00:00,,web-chrome,"{'country': 'SA', 'city': 'Riyadh', 'language': 'ar', 'user_type': 'registered', 'is_subscribed': True, 'trial_user': False, 'autoplay': False, 'is_background_play': True}",video,622,,
5548,b0f4de6f-6772-487b-b199-1bbb6ff002f2,cd377e50-191d-4bed-9637-cc91439430a9,click,2026-01-11 18:12:18.757841+00:00,,android,"{'country': 'SA', 'city': 'Riyadh', 'language': 'ar', 'user_type': 'registered', 'is_subscribed': True, 'trial_user': False, 'autoplay': False, 'is_background_play': False}",video,622,,
5549,b0f4de6f-6772-487b-b199-1bbb6ff002f2,0d9e51cd-eebf-42d4-a7c3-a4d186e376d9,play,2026-01-11 18:43:18.757850+00:00,280668.0,ios,"{'country': 'SA', 'city': 'Riyadh', 'language': 'ar', 'user_type': 'registered', 'is_subscribed': True, 'trial_user': False, 'autoplay': False, 'is_background_play': True}",video,622,280.668,0.45
5550,b0f4de6f-6772-487b-b199-1bbb6ff002f2,a490e790-11d2-45fa-a049-9225e418d25a,pause,2026-01-11 18:28:18.757859+00:00,434516.0,web-chrome,"{'country': 'SA', 'city': 'Riyadh', 'language': 'ar', 'user_type': 'registered', 'is_subscribed': True, 'trial_user': False, 'autoplay': False, 'is_background_play': True}",video,622,434.516,0.7
5551,b0f4de6f-6772-487b-b199-1bbb6ff002f2,07bd0429-f094-421d-a147-69a1df7c726e,finish,2026-01-11 18:53:18.757868+00:00,401056.0,ios,"{'country': 'SA', 'city': 'Riyadh', 'language': 'ar', 'user_type': 'registered', 'is_subscribed': True, 'trial_user': False, 'autoplay': False, 'is_background_play': True}",video,622,401.056,0.64
5552,b0f4de6f-6772-487b-b199-1bbb6ff002f2,64929d49-fdbe-4fc4-a6dd-5e70a3d0cd61,play,2026-01-11 18:46:18.757883+00:00,115631.0,web-safari,"{'country': 'SA', 'city': 'Riyadh', 'language': 'ar', 'user_type': 'registered', 'is_subscribed': True, 'trial_user': False, 'autoplay': False, 'is_background_play': True}",video,622,115.631,0.19
5553,b0f4de6f-6772-487b-b199-1bbb6ff002f2,09d61f52-43ea-4190-ac39-ac97b60c299b,click,2026-01-11 18:54:18.757893+00:00,,web-safari,"{'country': 'SA', 'city': 'Riyadh', 'language': 'ar', 'user_type': 'registered', 'is_subscribed': True, 'trial_user': False, 'autoplay': False, 'is_background_play': False}",video,622,,
5554,b0f4de6f-6772-487b-b199-1bbb6ff002f2,71b557f0-3193-4478-b822-618a062a9183,play,2026-01-11 18:07:18.757902+00:00,535593.0,android,"{'country': 'SA', 'city': 'Riyadh', 'language': 'ar', 'user_type': 'registered', 'is_subscribed': True, 'trial_user': False, 'autoplay': False, 'is_background_play': True}",video,622,535.593,0.86
5555,b0f4de6f-6772-487b-b199-1bbb6ff002f2,32c92e61-2d2e-4008-aa5f-c93e576a2a97,finish,2026-01-11 18:04:18.757915+00:00,306931.0,web-safari,"{'country': 'SA', 'city': 'Riyadh', 'language': 'ar', 'user_type': 'registered', 'is_subscribed': True, 'trial_user': False, 'autoplay': False, 'is_background_play': True}",video,622,306.931,0.49
5556,b0f4de6f-6772-487b-b199-1bbb6ff002f2,c37c6f6f-6448-4c70-9660-d58168f442dd,click,2026-01-11 18:48:18.757927+00:00,,web-safari,"{'country': 'SA', 'city': 'Riyadh', 'language': 'ar', 'user_type': 'registered', 'is_subscribed': True, 'trial_user': False, 'autoplay': False, 'is_background_play': True}",video,622,,
5557,b0f4de6f-6772-487b-b199-1bbb6ff002f2,3598cebc-07a3-4440-9c02-26ae3a315bfd,finish,2026-01-11 18:02:18.757937+00:00,218758.0,web-safari,"{'country': 'SA', 'city': 'Riyadh', 'language': 'ar', 'user_type': 'registered', 'is_subscribed': True, 'trial_user': False, 'autoplay': False, 'is_background_play': True}",video,622,218.758,0.35
5558,b0f4de6f-6772-487b-b199-1bbb6ff002f2,ebb3ef41-c112-4949-a87f-66d622d88854,play,2026-01-11 18:23:18.757946+00:00,527939.0,web-chrome,"{'country': 'SA', 'city': 'Riyadh', 'language': 'ar', 'user_type': 'registered', 'is_subscribed': True, 'trial_user': False, 'autoplay': False, 'is_background_play': False}",video,622,527.939,0.85
5559,b0f4de6f-6772-487b-b199-1bbb6ff002f2,1de493b0-92df-4cee-b8f3-a7524999be96,play,2026-01-11 18:01:18.757956+00:00,83480.0,android,"{'country': 'SA', 'city': 'Riyadh', 'language': 'ar', 'user_type': 'registered', 'is_subscribed': True, 'trial_user': False, 'autoplay': False, 'is_background_play': False}",video,622,83.48,0.13
5560,b0f4de6f-6772-487b-b199-1bbb6ff002f2,349446b8-4d00-4cc5-9d3e-bd620e7f39a4,pause,2026-01-11 17:57:18.757968+00:00,432892.0,web-chrome,"{'country': 'SA', 'city': 'Riyadh', 'language': 'ar', 'user_type': 'registered', 'is_subscribed': True, 'trial_user': False, 'autoplay': False, 'is_background_play': True}",video,622,432.892,0.7
5561,1c726c1b-4fd0-40ae-9a55-d316d03beb0f,2273ce01-5a00-4363-8cc8-f6d328bfddb0,finish,2026-01-11 18:33:18.757978+00:00,115553.0,web-safari,"{'country': 'SA', 'city': 'Riyadh', 'language': 'ar', 'user_type': 'registered', 'is_subscribed': True, 'trial_user': False, 'autoplay': False, 'is_background_play': True}",video,794,115.553,0.15
5562,1c726c1b-4fd0-40ae-9a55-d316d03beb0f,5aea8ccf-b10d-4afc-abf1-20705e42559b,pause,2026-01-11 18:37:18.757988+00:00,628778.0,web-safari,"{'country': 'SA', 'city': 'Riyadh', 'language': 'ar', 'user_type': 'registered', 'is_subscribed': True, 'trial_user': False, 'autoplay': False, 'is_background_play': True}",video,794,628.778,0.79
5563,1c726c1b-4fd0-40ae-9a55-d316d03beb0f,a8e9a249-fa1f-42d7-8fba-55c2ca1384f4,click,2026-01-11 18:07:18.757998+00:00,,web-chrome,"{'country': 'SA', 'city': 'Riyadh', 'language': 'ar', 'user_type': 'registered', 'is_subscribed': True, 'trial_user': False, 'autoplay': False, 'is_background_play': True}",video,794,,
5564,1c726c1b-4fd0-40ae-9a55-d316d03beb0f,d23dffca-04e7-4fdc-853a-4df3e403353d,pause,2026-01-11 18:37:18.758007+00:00,639706.0,web-chrome,"{'country': 'SA', 'city': 'Riyadh', 'language': 'ar', 'user_type': 'registered', 'is_subscribed': True, 'trial_user': False, 'autoplay': False, 'is_background_play': True}",video,794,639.706,0.81
5565,1c726c1b-4fd0-40ae-9a55-d316d03beb0f,04879d46-09a7-46cd-96c6-a06d919e8762,finish,2026-01-11 17:57:18.758016+00:00,126962.0,web-safari,"{'country': 'SA', 'city': 'Riyadh', 'language': 'ar', 'user_type': 'registered', 'is_subscribed': True, 'trial_user': False, 'autoplay': False, 'is_background_play': True}",video,794,126.962,0.16
5566,1c726c1b-4fd0-40ae-9a55-d316d03beb0f,49e72119-afbe-4f8c-a92c-548fee22d417,finish,2026-01-11 18:23:18.758026+00:00,303566.0,web-chrome,"{'country': 'SA', 'city': 'Riyadh', 'language': 'ar', 'user_type': 'registered', 'is_subscribed': True, 'trial_user': False, 'autoplay': False, 'is_background_play': True}",video,794,303.566,0.38
5567,1c726c1b-4fd0-40ae-9a55-d316d03beb0f,dc989d05-0fa5-4c2c-9fc2-f12658045ab8,click,2026-01-11 18:54:18.758035+00:00,,web-chrome,"{'country': 'SA', 'city': 'Riyadh', 'language': 'ar', 'user_type': 'registered', 'is_subscribed': True, 'trial_user': False, 'autoplay': False, 'is_background_play': True}",video,794,,
5568,1c726c1b-4fd0-40ae-9a55-d316d03beb0f,f4388432-b101-452b-92e3-f94872dbcbb5,finish,2026-01-11 18:21:18.758044+00:00,771334.0,ios,"{'country': 'SA', 'city': 'Riyadh', 'language': 'ar', 'user_type': 'registered', 'is_subscribed': True, 'trial_user': False, 'autoplay': False, 'is_background_play': False}",video,794,771.334,0.97
5569,1c726c1b-4fd0-40ae-9a55-d316d03beb0f,952e14a4-bc01-4ff0-bae0-fd8ee68eee95,finish,2026-01-11 17:55:18.758054+00:00,612745.0,android,"{'country': 'SA', 'city': 'Riyadh', 'language': 'ar', 'user_type': 'registered', 'is_subscribed': True, 'trial_user': False, 'autoplay': False, 'is_background_play': False}",video,794,612.745,0.77
5570,1c726c1b-4fd0-40ae-9a55-d316d03beb0f,4765dae1-2dff-4d66-9620-dff7f825058e,pause,2026-01-11 17:56:18.758063+00:00,352934.0,android,"{'country': 'SA', 'city': 'Riyadh', 'language': 'ar', 'user_type': 'registered', 'is_subscribed': True, 'trial_user': False, 'autoplay': False, 'is_background_play': False}",video,794,352.934,0.44
5571,1c726c1b-4fd0-40ae-9a55-d316d03beb0f,0971c1e6-2c5c-4531-a69e-52986aacdd49,finish,2026-01-11 18:31:18.758073+00:00,,web-chrome,"{'country': 'SA', 'city': 'Riyadh', 'language': 'ar', 'user_type': 'registered', 'is_subscribed': True, 'trial_user': False, 'autoplay': False, 'is_background_play': True}",video,794,,
5572,1c726c1b-4fd0-40ae-9a55-d316d03beb0f,f950b724-0520-4a51-a288-342eead89a9d,play,2026-01-11 18:25:18.758082+00:00,461660.0,android,"{'country': 'SA', 'city': 'Riyadh', 'language': 'ar', 'user_type': 'registered', 'is_subscribed': True, 'trial_user': False, 'autoplay': False, 'is_background_play': False}",video,794,461.66,0.58
5573,1c726c1b-4fd0-40ae-9a55-d316d03beb0f,b33f6591-73d6-4d21-8342-d7db18f77c41,pause,2026-01-11 18:06:18.758091+00:00,704350.0,web-chrome,"{'country': 'SA', 'city': 'Riyadh', 'language': 'ar', 'user_type': 'registered', 'is_subscribed': True, 'trial_user': False, 'autoplay': False, 'is_background_play': False}",video,794,704.35,0.89
5574,1c726c1b-4fd0-40ae-9a55-d316d03beb0f,17298f5f-660c-4c9c-ad69-6559ec24022c,pause,2026-01-11 18:08:18.758101+00:00,442469.0,android,"{'country': 'SA', 'city': 'Riyadh', 'language': 'ar', 'user_type': 'registered', 'is_subscribed': True, 'trial_user': False, 'autoplay': False, 'is_background_play': False}",video,794,442.469,0.56
5575,1c726c1b-4fd0-40ae-9a55-d316d03beb0f,c865c679-d3d2-4da8-94c1-d2a519d596c7,click,2026-01-11 18:54:18.758111+00:00,,web-safari,"{'country': 'SA', 'city': 'Riyadh', 'language': 'ar', 'user_type': 'registered', 'is_subscribed': True, 'trial_user': False, 'autoplay': False, 'is_background_play': True}",video,794,,
5576,1c726c1b-4fd0-40ae-9a55-d316d03beb0f,cf8f1857-0e4b-4cb6-b64a-f7b3def7df7d,finish,2026-01-11 18:08:18.758120+00:00,781700.0,android,"{'country': 'SA', 'city': 'Riyadh', 'language': 'ar', 'user_type': 'registered', 'is_subscribed': True, 'trial_user': False, 'autoplay': False, 'is_background_play': True}",video,794,781.7,0.98
5577,1c726c1b-4fd0-40ae-9a55-d316d03beb0f,f81af888-083c-446d-a639-3e69690a796d,finish,2026-01-11 18:24:18.758137+00:00,,android,"{'country': 'SA', 'city': 'Riyadh', 'language': 'ar', 'user_type': 'registered', 'is_subscribed': True, 'trial_user': False, 'autoplay': False, 'is_background_play': False}",video,794,,
5578,1c726c1b-4fd0-40ae-9a55-d316d03beb0f,4455aca3-3e38-491d-9ee3-4063226038e5,click,2026-01-11 18:33:18.758146+00:00,,web-safari,"{'country': 'SA', 'city': 'Riyadh', 'language': 'ar', 'user_type': 'registered', 'is_subscribed': True, 'trial_user': False, 'autoplay': False, 'is_background_play': False}",video,794,,
5579,1c726c1b-4fd0-40ae-9a55-d316d03beb0f,d85f81de-efc6-468f-b311-0a40b42774fc,finish,2026-01-11 18:09:18.758155+00:00,702562.0,web-chrome,"{'country': 'SA', 'city': 'Riyadh', 'language': 'ar', 'user_type': 'registered', 'is_subscribed': True, 'trial_user': False, 'autoplay': False, 'is_background_play': True}",video,794,702.562,0.88
5580,1c726c1b-4fd0-40ae-9a55-d316d03beb0f,b3b3b872-c347-44ed-8095-7c49952328ab,finish,2026-01-11 18:17:18.758164+00:00,604394.0,android,"{'country': 'SA', 'city': 'Riyadh', 'language': 'ar', 'user_type': 'registered', 'is_subscribed': True, 'trial_user': False, 'autoplay': False, 'is_background_play': True}",video,794,604.394,0.76
5581,1c726c1b-4fd0-40ae-9a55-d316d03beb0f,a70591f5-cb35-463a-845d-d4d984308488,click,2026-01-11 18:34:18.758174+00:00,,ios,"{'country': 'SA', 'city': 'Riyadh', 'language': 'ar', 'user_type': 'registered', 'is_subscribed': True, 'trial_user': False, 'autoplay': False, 'is_background_play': True}",video,794,,
5582,1c726c1b-4fd0-40ae-9a55-d316d03beb0f,8511147b-b211-4d57-a787-61b30c0cd0f2,finish,2026-01-11 18:10:18.758182+00:00,153712.0,android,"{'country': 'SA', 'city': 'Riyadh', 'language': 'ar', 'user_type': 'registered', 'is_subscribed': True, 'trial_user': False, 'autoplay': False, 'is_background_play': False}",video,794,153.712,0.19
5583,1c726c1b-4fd0-40ae-9a55-d316d03beb0f,3b8941c5-29a4-4280-9dec-7cde5b94cf8d,play,2026-01-11 18:07:18.758192+00:00,120904.0,web-chrome,"{'country': 'SA', 'city': 'Riyadh', 'language': 'ar', 'user_type': 'registered', 'is_subscribed': True, 'trial_user': False, 'autoplay': False, 'is_background_play': True}",video,794,120.904,0.15
5584,1c726c1b-4fd0-40ae-9a55-d316d03beb0f,ef54346a-ac3b-46e7-ad04-c410c7461711,finish,2026-01-11 18:18:18.758201+00:00,45045.0,android,"{'country': 'SA', 'city': 'Riyadh', 'language': 'ar', 'user_type': 'registered', 'is_subscribed': True, 'trial_user': False, 'autoplay': False, 'is_background_play': False}",video,794,45.045,0.06
5585,1c726c1b-4fd0-40ae-9a55-d316d03beb0f,b6126827-2f4e-4dde-8cae-89e43a036e58,finish,2026-01-11 18:02:18.758210+00:00,648975.0,web-safari,"{'country': 'SA', 'city': 'Riyadh', 'language': 'ar', 'user_type': 'registered', 'is_subscribed': True, 'trial_user': False, 'autoplay': False, 'is_background_play': True}",video,794,648.975,0.82
5586,1c726c1b-4fd0-40ae-9a55-d316d03beb0f,1eaa6926-75fc-4e1d-a13f-27c8c3ebd8af,click,2026-01-11 18:21:18.758219+00:00,,ios,"{'country': 'SA', 'city': 'Riyadh', 'language': 'ar', 'user_type': 'registered', 'is_subscribed': True, 'trial_user': False, 'autoplay': False, 'is_background_play': False}",video,794,,
5587,1c726c1b-4fd0-40ae-9a55-d316d03beb0f,fc06b3eb-fccf-4c6b-9d07-851a2bcc0f98,pause,2026-01-11 18:20:18.758227+00:00,72967.0,android,"{'country': 'SA', 'city': 'Riyadh', 'language': 'ar', 'user_type': 'registered', 'is_subscribed': True, 'trial_user': False, 'autoplay': False, 'is_background_play': False}",video,794,72.967,0.09
5588,1c726c1b-4fd0-40ae-9a55-d316d03beb0f,786de551-27d0-4ed4-9f1e-ee509a96cbe0,click,2026-01-11 18:46:18.758237+00:00,,web-chrome,"{'country': 'SA', 'city': 'Riyadh', 'language': 'ar', 'user_type': 'registered', 'is_subscribed': True, 'trial_user': False, 'autoplay': False, 'is_background_play': True}",video,794,,
5589,1c726c1b-4fd0-40ae-9a55-d316d03beb0f,e2f5410c-85d9-4811-a0ab-724a575d6ffc,click,2026-01-11 18:28:18.758245+00:00,,ios,"{'country': 'SA', 'city': 'Riyadh', 'language': 'ar', 'user_type': 'registered', 'is_subscribed': True, 'trial_user': False, 'autoplay': False, 'is_background_play': True}",video,794,,
5590,1c726c1b-4fd0-40ae-9a55-d316d03beb0f,953ba0d7-abe9-49d9-ba4e-af96c4f69c4d,finish,2026-01-11 18:26:18.758254+00:00,67185.0,ios,"{'country': 'SA', 'city': 'Riyadh', 'language': 'ar', 'user_type': 'registered', 'is_subscribed': True, 'trial_user': False, 'autoplay': False, 'is_background_play': True}",video,794,67.185,0.08
5591,1c726c1b-4fd0-40ae-9a55-d316d03beb0f,8b594308-147e-43bc-b344-d04577127042,click,2026-01-11 18:49:18.758263+00:00,,ios,"{'country': 'SA', 'city': 'Riyadh', 'language': 'ar', 'user_type': 'registered', 'is_subscribed': True, 'trial_user': False, 'autoplay': False, 'is_background_play': False}",video,794,,
5592,1c726c1b-4fd0-40ae-9a55-d316d03beb0f,23e42748-bba0-4713-9848-a87c668d4325,play,2026-01-11 18:19:18.758272+00:00,,ios,"{'country': 'SA', 'city': 'Riyadh', 'language': 'ar', 'user_type': 'registered', 'is_subscribed': True, 'trial_user': False, 'autoplay': False, 'is_background_play': False}",video,794,,
5593,1c726c1b-4fd0-40ae-9a55-d316d03beb0f,1ae2b8ae-848c-41d2-910b-2cbf8fbe516e,click,2026-01-11 18:55:18.758280+00:00,,android,"{'country': 'SA', 'city': 'Riyadh', 'language': 'ar', 'user_type': 'registered', 'is_subscribed': True, 'trial_user': False, 'autoplay': False, 'is_background_play': True}",video,794,,
5594,1c726c1b-4fd0-40ae-9a55-d316d03beb0f,10c22a9e-88db-433f-b180-00e65552ee71,play,2026-01-11 18:29:18.758289+00:00,760209.0,web-chrome,"{'country': 'SA', 'city': 'Riyadh', 'language': 'ar', 'user_type': 'registered', 'is_subscribed': True, 'trial_user': False, 'autoplay': False, 'is_background_play': True}",video,794,760.209,0.96
5595,1c726c1b-4fd0-40ae-9a55-d316d03beb0f,2d889f38-08df-40a8-b217-b454eb007b2b,play,2026-01-11 18:43:18.758298+00:00,691343.0,ios,"{'country': 'SA', 'city': 'Riyadh', 'language': 'ar', 'user_type': 'registered', 'is_subscribed': True, 'trial_user': False, 'autoplay': False, 'is_background_play': True}",video,794,691.343,0.87
5596,1c726c1b-4fd0-40ae-9a55-d316d03beb0f,0651c223-48b8-41d7-bb25-42bbcfe1bd8c,finish,2026-01-11 18:21:18.758307+00:00,22450.0,ios,"{'country': 'SA', 'city': 'Riyadh', 'language': 'ar', 'user_type': 'registered', 'is_subscribed': True, 'trial_user': False, 'autoplay': False, 'is_background_play': False}",video,794,22.45,0.03
5597,1c726c1b-4fd0-40ae-9a55-d316d03beb0f,b8b533bd-c815-4921-9d38-9fbdf0a6ca9f,play,2026-01-11 18:40:18.758316+00:00,10464.0,ios,"{'country': 'SA', 'city': 'Riyadh', 'language': 'ar', 'user_type': 'registered', 'is_subscribed': True, 'trial_user': False, 'autoplay': False, 'is_background_play': False}",video,794,10.464,0.01
5598,1c726c1b-4fd0-40ae-9a55-d316d03beb0f,a3be1548-c0d0-40c4-a18b-bdacd94b0f60,finish,2026-01-11 18:15:18.758325+00:00,407401.0,web-chrome,"{'country': 'SA', 'city': 'Riyadh', 'language': 'ar', 'user_type': 'registered', 'is_subscribed': True, 'trial_user': False, 'autoplay': False, 'is_background_play': False}",video,794,407.401,0.51
5599,1c726c1b-4fd0-40ae-9a55-d316d03beb0f,2928d5a0-6a28-489a-9eea-87204eae971d,click,2026-01-11 18:42:18.758334+00:00,,android,"{'country': 'SA', 'city': 'Riyadh', 'language': 'ar', 'user_type': 'registered', 'is_subscribed': True, 'trial_user': False, 'autoplay': False, 'is_background_play': True}",video,794,,
5600,1c726c1b-4fd0-40ae-9a55-d316d03beb0f,c0091cc6-d10f-4b74-8c26-eb2bdab7dee5,click,2026-01-11 18:19:18.758343+00:00,,web-chrome,"{'country': 'SA', 'city': 'Riyadh', 'language': 'ar', 'user_type': 'registered', 'is_subscribed': True, 'trial_user': False, 'autoplay': False, 'is_background_play': True}",video,794,,
5601,d235729a-4871-43f3-b6b4-be84dcca0246,06b1884b-fa59-4e61-b26d-edc38b2d9d45,pause,2026-01-11 18:25:18.758352+00:00,465891.0,web-safari,"{'country': 'SA', 'city': 'Riyadh', 'language': 'ar', 'user_type': 'registered', 'is_subscribed': True, 'trial_user': False, 'autoplay': False, 'is_background_play': True}",podcast,2439,465.891,0.19
5602,d235729a-4871-43f3-b6b4-be84dcca0246,9b7e0d6f-a298-4903-af65-a1ddef13ea91,play,2026-01-11 18:35:18.758366+00:00,753502.0,android,"{'country': 'SA', 'city': 'Riyadh', 'language': 'ar', 'user_type': 'registered', 'is_subscribed': True, 'trial_user': False, 'autoplay': False, 'is_background_play': True}",podcast,2439,753.502,0.31
5603,d235729a-4871-43f3-b6b4-be84dcca0246,e383a927-d2d2-4ca5-bb3c-aa3dd5f1adec,pause,2026-01-11 18:13:18.758376+00:00,571617.0,android,"{'country': 'SA', 'city': 'Riyadh', 'language': 'ar', 'user_type': 'registered', 'is_subscribed': True, 'trial_user': False, 'autoplay': False, 'is_background_play': False}",podcast,2439,571.617,0.23
5604,d235729a-4871-43f3-b6b4-be84dcca0246,efda4e24-b0e7-4e93-8f5e-6fe02233c1e6,click,2026-01-11 18:51:18.758385+00:00,,web-chrome,"{'country': 'SA', 'city': 'Riyadh', 'language': 'ar', 'user_type': 'registered', 'is_subscribed': True, 'trial_user': False, 'autoplay': False, 'is_background_play': False}",podcast,2439,,
5605,d235729a-4871-43f3-b6b4-be84dcca0246,17af2c7d-aedc-4647-a8b9-8351fe979b9e,play,2026-01-11 18:38:18.758394+00:00,,web-safari,"{'country': 'SA', 'city': 'Riyadh', 'language': 'ar', 'user_type': 'registered', 'is_subscribed': True, 'trial_user': False, 'autoplay': False, 'is_background_play': False}",podcast,2439,,
5606,d235729a-4871-43f3-b6b4-be84dcca0246,9f26bb75-1982-4ac9-b013-1af7a18cfcd6,pause,2026-01-11 18:31:18.758403+00:00,1887323.0,ios,"{'country': 'SA', 'city': 'Riyadh', 'language': 'ar', 'user_type': 'registered', 'is_subscribed': True, 'trial_user': False, 'autoplay': False, 'is_background_play': False}",podcast,2439,1887.323,0.77
5607,d235729a-4871-43f3-b6b4-be84dcca0246,c12a385a-e43a-4e48-8548-536e936e5b2b,play,2026-01-11 18:25:18.758412+00:00,700015.0,web-chrome,"{'country': 'SA', 'city': 'Riyadh', 'language': 'ar', 'user_type': 'registered', 'is_subscribed': True, 'trial_user': False, 'autoplay': False, 'is_background_play': True}",podcast,2439,700.015,0.29
5608,d235729a-4871-43f3-b6b4-be84dcca0246,d5c7542c-7f69-4d9b-a981-38c2fe07f47d,click,2026-01-11 18:48:18.758421+00:00,,ios,"{'country': 'SA', 'city': 'Riyadh', 'language': 'ar', 'user_type': 'registered', 'is_subscribed': True, 'trial_user': False, 'autoplay': False, 'is_background_play': False}",podcast,2439,,
5609,d235729a-4871-43f3-b6b4-be84dcca0246,2d24ba50-922a-4774-8192-bfcacfe218c3,play,2026-01-11 18:00:18.758430+00:00,2130348.0,android,"{'country': 'SA', 'city': 'Riyadh', 'language': 'ar', 'user_type': 'registered', 'is_subscribed': True, 'trial_user': False, 'autoplay': False, 'is_background_play': False}",podcast,2439,2130.348,0.87
5610,d235729a-4871-43f3-b6b4-be84dcca0246,ca82fe4f-5495-423d-8b00-91ace378eac8,finish,2026-01-11 18:30:18.758439+00:00,644032.0,android,"{'country': 'SA', 'city': 'Riyadh', 'language': 'ar', 'user_type': 'registered', 'is_subscribed': True, 'trial_user': False, 'autoplay': False, 'is_background_play': True}",podcast,2439,644.032,0.26
5611,d235729a-4871-43f3-b6b4-be84dcca0246,098b7e51-8d78-4f0a-ad48-48749c21ec34,play,2026-01-11 18:21:18.758448+00:00,1252531.0,web-safari,"{'country': 'SA', 'city': 'Riyadh', 'language': 'ar', 'user_type': 'registered', 'is_subscribed': True, 'trial_user': False, 'autoplay': False, 'is_background_play': True}",podcast,2439,1252.531,0.51
5612,d235729a-4871-43f3-b6b4-be84dcca0246,266d6072-cb7d-4058-b164-1f0935244938,click,2026-01-11 18:02:18.758457+00:00,,web-safari,"{'country': 'SA', 'city': 'Riyadh', 'language': 'ar', 'user_type': 'registered', 'is_subscribed': True, 'trial_user': False, 'autoplay': False, 'is_background_play': False}",podcast,2439,,
5613,d235729a-4871-43f3-b6b4-be84dcca0246,18073938-7aa9-4a75-b24f-b0ec52b2f8e5,play,2026-01-11 18:35:18.758466+00:00,,web-safari,"{'country': 'SA', 'city': 'Riyadh', 'language': 'ar', 'user_type': 'registered', 'is_subscribed': True, 'trial_user': False, 'autoplay': False, 'is_background_play': False}",podcast,2439,,
5614,d235729a-4871-43f3-b6b4-be84dcca0246,e1eaf9a4-3d2e-4bcb-95b3-827659acce76,click,2026-01-11 18:45:18.758475+00:00,,web-chrome,"{'country': 'SA', 'city': 'Riyadh', 'language': 'ar', 'user_type': 'registered', 'is_subscribed': True, 'trial_user': False, 'autoplay': False, 'is_background_play': True}",podcast,2439,,
5615,d235729a-4871-43f3-b6b4-be84dcca0246,47354b33-164f-4d69-b7f9-0c3213654771,pause,2026-01-11 18:30:18.758483+00:00,,web-chrome,"{'country': 'SA', 'city': 'Riyadh', 'language': 'ar', 'user_type': 'registered', 'is_subscribed': True, 'trial_user': False, 'autoplay': False, 'is_background_play': False}",podcast,2439,,
5616,d235729a-4871-43f3-b6b4-be84dcca0246,e28037d8-cdbb-4a08-aec6-660b79392241,pause,2026-01-11 18:49:18.758492+00:00,1257542.0,ios,"{'country': 'SA', 'city': 'Riyadh', 'language': 'ar', 'user_type': 'registered', 'is_subscribed': True, 'trial_user': False, 'autoplay': False, 'is_background_play': True}",podcast,2439,1257.542,0.52
5617,d235729a-4871-43f3-b6b4-be84dcca0246,75174efa-082c-4509-971e-3b2af9fea75c,pause,2026-01-11 18:03:18.758501+00:00,2412049.0,web-chrome,"{'country': 'SA', 'city': 'Riyadh', 'language': 'ar', 'user_type': 'registered', 'is_subscribed': True, 'trial_user': False, 'autoplay': False, 'is_background_play': False}",podcast,2439,2412.049,0.99
5618,d235729a-4871-43f3-b6b4-be84dcca0246,ef98156c-7cf5-427f-9cc1-12d8bda977d0,click,2026-01-11 18:21:18.758510+00:00,,web-chrome,"{'country': 'SA', 'city': 'Riyadh', 'language': 'ar', 'user_type': 'registered', 'is_subscribed': True, 'trial_user': False, 'autoplay': False, 'is_background_play': True}",podcast,2439,,
5619,d235729a-4871-43f3-b6b4-be84dcca0246,aef037a6-9beb-4eb5-8101-068e158c6456,finish,2026-01-11 18:25:18.758519+00:00,2139165.0,web-safari,"{'country': 'SA', 'city': 'Riyadh', 'language': 'ar', 'user_type': 'registered', 'is_subscribed': True, 'trial_user': False, 'autoplay': False, 'is_background_play': False}",podcast,2439,2139.165,0.88
5620,d235729a-4871-43f3-b6b4-be84dcca0246,270d062e-235b-4796-a2b8-462140efa387,play,2026-01-11 18:37:18.758528+00:00,1074204.0,web-chrome,"{'country': 'SA', 'city': 'Riyadh', 'language': 'ar', 'user_type': 'registered', 'is_subscribed': True, 'trial_user': False, 'autoplay': False, 'is_background_play': False}",podcast,2439,1074.204,0.44
5621,d235729a-4871-43f3-b6b4-be84dcca0246,0f4c8652-e627-4f76-a86d-e541d0de3752,play,2026-01-11 18:38:18.758537+00:00,,web-chrome,"{'country': 'SA', 'city': 'Riyadh', 'language': 'ar', 'user_type': 'registered', 'is_subscribed': True, 'trial_user': False, 'autoplay': False, 'is_background_play': True}",podcast,2439,,
5622,d235729a-4871-43f3-b6b4-be84dcca0246,74911399-67ab-4135-8e3e-61ae800dadc8,click,2026-01-11 18:51:18.758546+00:00,,web-chrome,"{'country': 'SA', 'city': 'Riyadh', 'language': 'ar', 'user_type': 'registered', 'is_subscribed': True, 'trial_user': False, 'autoplay': False, 'is_background_play': True}",podcast,2439,,
5623,d235729a-4871-43f3-b6b4-be84dcca0246,11f4f558-a49f-4818-aeb9-0c41fb3a070f,click,2026-01-11 18:25:18.758554+00:00,,web-chrome,"{'country': 'SA', 'city': 'Riyadh', 'language': 'ar', 'user_type': 'registered', 'is_subscribed': True, 'trial_user': False, 'autoplay': False, 'is_background_play': True}",podcast,2439,,
5624,d235729a-4871-43f3-b6b4-be84dcca0246,806b9927-dd0f-4e3c-a221-96aca2a7d684,play,2026-01-11 18:08:18.758563+00:00,867381.0,web-chrome,"{'country': 'SA', 'city': 'Riyadh', 'language': 'ar', 'user_type': 'registered', 'is_subscribed': True, 'trial_user': False, 'autoplay': False, 'is_background_play': False}",podcast,2439,867.381,0.36
5625,d235729a-4871-43f3-b6b4-be84dcca0246,5b816ebb-1a55-4259-b16e-e13ab8c098f6,finish,2026-01-11 18:16:18.758572+00:00,1332590.0,web-safari,"{'country': 'SA', 'city': 'Riyadh', 'language': 'ar', 'user_type': 'registered', 'is_subscribed': True, 'trial_user': False, 'autoplay': False, 'is_background_play': True}",podcast,2439,1332.59,0.55
5626,d235729a-4871-43f3-b6b4-be84dcca0246,5e3f4403-c21d-4466-bcb8-a70958871b8c,finish,2026-01-11 18:34:18.758581+00:00,2116059.0,ios,"{'country': 'SA', 'city': 'Riyadh', 'language': 'ar', 'user_type': 'registered', 'is_subscribed': True, 'trial_user': False, 'autoplay': False, 'is_background_play': False}",podcast,2439,2116.059,0.87
5627,d235729a-4871-43f3-b6b4-be84dcca0246,cb89df80-f6d7-4fc7-87c4-e5bfab5fe9e0,play,2026-01-11 18:45:18.758597+00:00,,ios,"{'country': 'SA', 'city': 'Riyadh', 'language': 'ar', 'user_type': 'registered', 'is_subscribed': True, 'trial_user': False, 'autoplay': False, 'is_background_play': True}",podcast,2439,,
5628,d235729a-4871-43f3-b6b4-be84dcca0246,133ac3f9-ac01-4539-a147-7f35819ae2e2,play,2026-01-11 18:23:18.758606+00:00,1194477.0,android,"{'country': 'SA', 'city': 'Riyadh', 'language': 'ar', 'user_type': 'registered', 'is_subscribed': True, 'trial_user': False, 'autoplay': False, 'is_background_play': True}",podcast,2439,1194.477,0.49
5629,d235729a-4871-43f3-b6b4-be84dcca0246,4ce4b701-6ed2-4fe1-a980-c7c7faa50a1d,play,2026-01-11 18:37:18.758616+00:00,,android,"{'country': 'SA', 'city': 'Riyadh', 'language': 'ar', 'user_type': 'registered', 'is_subscribed': True, 'trial_user': False, 'autoplay': False, 'is_background_play': True}",podcast,2439,,
5630,d235729a-4871-43f3-b6b4-be84dcca0246,85acd53c-4c6c-45c8-aa03-d7d7ef36cdb6,click,2026-01-11 17:58:18.758625+00:00,,ios,"{'country': 'SA', 'city': 'Riyadh', 'language': 'ar', 'user_type': 'registered', 'is_subscribed': True, 'trial_user': False, 'autoplay': False, 'is_background_play': True}",podcast,2439,,
5631,d235729a-4871-43f3-b6b4-be84dcca0246,4d040023-68f3-40ae-8880-af7c6b279d85,pause,2026-01-11 18:01:18.758634+00:00,202674.0,web-chrome,"{'country': 'SA', 'city': 'Riyadh', 'language': 'ar', 'user_type': 'registered', 'is_subscribed': True, 'trial_user': False, 'autoplay': False, 'is_background_play': True}",podcast,2439,202.674,0.08
5632,d235729a-4871-43f3-b6b4-be84dcca0246,4ccc3d02-4ad5-44c0-a301-0b274838aafb,finish,2026-01-11 18:32:18.758643+00:00,158007.0,web-safari,"{'country': 'SA', 'city': 'Riyadh', 'language': 'ar', 'user_type': 'registered', 'is_subscribed': True, 'trial_user': False, 'autoplay': False, 'is_background_play': True}",podcast,2439,158.007,0.06
5633,d235729a-4871-43f3-b6b4-be84dcca0246,ee8fb186-0acb-43c5-ac87-b07a7a8c281b,finish,2026-01-11 18:20:18.758652+00:00,,web-chrome,"{'country': 'SA', 'city': 'Riyadh', 'language': 'ar', 'user_type': 'registered', 'is_subscribed': True, 'trial_user': False, 'autoplay': False, 'is_background_play': True}",podcast,2439,,
5634,d235729a-4871-43f3-b6b4-be84dcca0246,a8eb5e2c-6aef-4443-826b-b59177bcaedf,click,2026-01-11 18:05:18.758661+00:00,,ios,"{'country': 'SA', 'city': 'Riyadh', 'language': 'ar', 'user_type': 'registered', 'is_subscribed': True, 'trial_user': False, 'autoplay': False, 'is_background_play': False}",podcast,2439,,
5635,d235729a-4871-43f3-b6b4-be84dcca0246,c9c22412-6151-4197-8a2c-7c355b37e6db,finish,2026-01-11 18:51:18.758670+00:00,,android,"{'country': 'SA', 'city': 'Riyadh', 'language': 'ar', 'user_type': 'registered', 'is_subscribed': True, 'trial_user': False, 'autoplay': False, 'is_background_play': False}",podcast,2439,,
5636,d235729a-4871-43f3-b6b4-be84dcca0246,c9f1c2e9-f405-486c-8f3b-a7c12f1aa419,click,2026-01-11 18:30:18.758678+00:00,,web-chrome,"{'country': 'SA', 'city': 'Riyadh', 'language': 'ar', 'user_type': 'registered', 'is_subscribed': True, 'trial_user': False, 'autoplay': False, 'is_background_play': True}",podcast,2439,,
5637,d235729a-4871-43f3-b6b4-be84dcca0246,81851b82-4cd1-4418-a17a-396347248a8f,pause,2026-01-11 18:06:18.758687+00:00,2432020.0,android,"{'country': 'SA', 'city': 'Riyadh', 'language': 'ar', 'user_type': 'registered', 'is_subscribed': True, 'trial_user': False, 'autoplay': False, 'is_background_play': False}",podcast,2439,2432.02,1.0
5638,d235729a-4871-43f3-b6b4-be84dcca0246,d05454cc-db4e-4657-8404-508ab7004845,finish,2026-01-11 18:50:18.758696+00:00,987577.0,ios,"{'country': 'SA', 'city': 'Riyadh', 'language': 'ar', 'user_type': 'registered', 'is_subscribed': True, 'trial_user': False, 'autoplay': False, 'is_background_play': True}",podcast,2439,987.577,0.4
5639,d235729a-4871-43f3-b6b4-be84dcca0246,41755389-abf7-4a6f-bc4a-b43f52669b3d,finish,2026-01-11 18:13:18.758706+00:00,2388153.0,web-safari,"{'country': 'SA', 'city': 'Riyadh', 'language': 'ar', 'user_type': 'registered', 'is_subscribed': True, 'trial_user': False, 'autoplay': False, 'is_background_play': True}",podcast,2439,2388.153,0.98
5640,d235729a-4871-43f3-b6b4-be84dcca0246,ff11c42e-26fb-4d4e-9618-5de8dac6630b,click,2026-01-11 18:55:18.758715+00:00,,web-safari,"{'country': 'SA', 'city': 'Riyadh', 'language': 'ar', 'user_type': 'registered', 'is_subscribed': True, 'trial_user': False, 'autoplay': False, 'is_background_play': False}",podcast,2439,,
5641,95ac3fca-619f-4f50-b552-0f41ddb5dd90,3c41e11f-c30d-441d-86c8-2bb51774c80b,play,2026-01-11 17:59:18.758724+00:00,788677.0,web-safari,"{'country': 'SA', 'city': 'Riyadh', 'language': 'ar', 'user_type': 'registered', 'is_subscribed': True, 'trial_user': False, 'autoplay': False, 'is_background_play': False}",video,1025,788.677,0.77
5642,95ac3fca-619f-4f50-b552-0f41ddb5dd90,effe5c9d-c3f1-4b8e-baf0-7ea2f94874d0,click,2026-01-11 18:06:18.758733+00:00,,web-safari,"{'country': 'SA', 'city': 'Riyadh', 'language': 'ar', 'user_type': 'registered', 'is_subscribed': True, 'trial_user': False, 'autoplay': False, 'is_background_play': True}",video,1025,,
5643,95ac3fca-619f-4f50-b552-0f41ddb5dd90,41a1f651-2de3-4ae4-ac0a-1fa1d369bfa6,click,2026-01-11 18:28:18.758742+00:00,,ios,"{'country': 'SA', 'city': 'Riyadh', 'language': 'ar', 'user_type': 'registered', 'is_subscribed': True, 'trial_user': False, 'autoplay': False, 'is_background_play': True}",video,1025,,
5644,95ac3fca-619f-4f50-b552-0f41ddb5dd90,ce5a2786-2e61-4def-a606-1698edf98506,pause,2026-01-11 18:41:18.758750+00:00,535921.0,web-chrome,"{'country': 'SA', 'city': 'Riyadh', 'language': 'ar', 'user_type': 'registered', 'is_subscribed': True, 'trial_user': False, 'autoplay': False, 'is_background_play': False}",video,1025,535.921,0.52
5645,95ac3fca-619f-4f50-b552-0f41ddb5dd90,f7ecd0ba-9026-4ade-866e-a7c76f5c480e,play,2026-01-11 18:19:18.758760+00:00,494677.0,web-safari,"{'country': 'SA', 'city': 'Riyadh', 'language': 'ar', 'user_type': 'registered', 'is_subscribed': True, 'trial_user': False, 'autoplay': False, 'is_background_play': True}",video,1025,494.677,0.48
5646,95ac3fca-619f-4f50-b552-0f41ddb5dd90,16b21750-c11a-427a-82fd-dcc099b0b18f,play,2026-01-11 18:08:18.758769+00:00,513342.0,ios,"{'country': 'SA', 'city': 'Riyadh', 'language': 'ar', 'user_type': 'registered', 'is_subscribed': True, 'trial_user': False, 'autoplay': False, 'is_background_play': False}",video,1025,513.342,0.5
5647,95ac3fca-619f-4f50-b552-0f41ddb5dd90,d7c646f9-6659-4d1b-96f2-aa84e82bc84c,pause,2026-01-11 18:49:18.758778+00:00,423798.0,android,"{'country': 'SA', 'city': 'Riyadh', 'language': 'ar', 'user_type': 'registered', 'is_subscribed': True, 'trial_user': False, 'autoplay': False, 'is_background_play': False}",video,1025,423.798,0.41
5648,95ac3fca-619f-4f50-b552-0f41ddb5dd90,b8732a2a-a5b3-4d47-81b2-16b24e6533c2,finish,2026-01-11 18:44:18.758787+00:00,906696.0,web-safari,"{'country': 'SA', 'city': 'Riyadh', 'language': 'ar', 'user_type': 'registered', 'is_subscribed': True, 'trial_user': False, 'autoplay': False, 'is_background_play': False}",video,1025,906.696,0.88
5649,95ac3fca-619f-4f50-b552-0f41ddb5dd90,c3df9855-779a-4a75-9922-b2550c61f4be,play,2026-01-11 18:38:18.758796+00:00,800847.0,web-safari,"{'country': 'SA', 'city': 'Riyadh', 'language': 'ar', 'user_type': 'registered', 'is_subscribed': True, 'trial_user': False, 'autoplay': False, 'is_background_play': True}",video,1025,800.847,0.78
5650,95ac3fca-619f-4f50-b552-0f41ddb5dd90,c96f6c88-bfe0-4a70-97e0-9a08bbf62561,play,2026-01-11 18:41:18.758805+00:00,,ios,"{'country': 'SA', 'city': 'Riyadh', 'language': 'ar', 'user_type': 'registered', 'is_subscribed': True, 'trial_user': False, 'autoplay': False, 'is_background_play': False}",video,1025,,
5651,95ac3fca-619f-4f50-b552-0f41ddb5dd90,23451c1c-7df1-44da-b073-209f356a47ef,pause,2026-01-11 18:54:18.758814+00:00,979538.0,web-safari,"{'country': 'SA', 'city': 'Riyadh', 'language': 'ar', 'user_type': 'registered', 'is_subscribed': True, 'trial_user': False, 'autoplay': False, 'is_background_play': False}",video,1025,979.538,0.96
5652,95ac3fca-619f-4f50-b552-0f41ddb5dd90,c1d393f5-64a7-4445-863b-fd62c811b320,pause,2026-01-11 18:06:18.758829+00:00,623502.0,android,"{'country': 'SA', 'city': 'Riyadh', 'language': 'ar', 'user_type': 'registered', 'is_subscribed': True, 'trial_user': False, 'autoplay': False, 'is_background_play': False}",video,1025,623.502,0.61
5653,95ac3fca-619f-4f50-b552-0f41ddb5dd90,6b2bebed-12e5-44da-949e-96bb4477c6a1,click,2026-01-11 17:56:18.758839+00:00,,web-safari,"{'country': 'SA', 'city': 'Riyadh', 'language': 'ar', 'user_type': 'registered', 'is_subscribed': True, 'trial_user': False, 'autoplay': False, 'is_background_play': True}",video,1025,,
5654,95ac3fca-619f-4f50-b552-0f41ddb5dd90,e3eed781-5276-42fc-95f5-fcb70b1634ff,finish,2026-01-11 18:20:18.758847+00:00,190606.0,android,"{'country': 'SA', 'city': 'Riyadh', 'language': 'ar', 'user_type': 'registered', 'is_subscribed': True, 'trial_user': False, 'autoplay': False, 'is_background_play': False}",video,1025,190.606,0.19
5655,95ac3fca-619f-4f50-b552-0f41ddb5dd90,c70f8798-2b86-4db2-ab05-21f864186fc1,play,2026-01-11 18:52:18.758857+00:00,64760.0,web-safari,"{'country': 'SA', 'city': 'Riyadh', 'language': 'ar', 'user_type': 'registered', 'is_subscribed': True, 'trial_user': False, 'autoplay': False, 'is_background_play': False}",video,1025,64.76,0.06
5656,95ac3fca-619f-4f50-b552-0f41ddb5dd90,2bcce33d-dfe7-4d6f-a63a-f14ba2dcb988,finish,2026-01-11 18:32:18.758867+00:00,659131.0,android,"{'country': 'SA', 'city': 'Riyadh', 'language': 'ar', 'user_type': 'registered', 'is_subscribed': True, 'trial_user': False, 'autoplay': False, 'is_background_play': False}",video,1025,659.131,0.64
5657,95ac3fca-619f-4f50-b552-0f41ddb5dd90,9c77d194-d231-4188-95e2-6b8633d0e0e1,play,2026-01-11 18:12:18.758879+00:00,884481.0,web-chrome,"{'country': 'SA', 'city': 'Riyadh', 'language': 'ar', 'user_type': 'registered', 'is_subscribed': True, 'trial_user': False, 'autoplay': False, 'is_background_play': True}",video,1025,884.481,0.86
5658,95ac3fca-619f-4f50-b552-0f41ddb5dd90,751b59cd-c200-4971-91ec-a13ce476cce9,click,2026-01-11 18:33:18.758888+00:00,,web-chrome,"{'country': 'SA', 'city': 'Riyadh', 'language': 'ar', 'user_type': 'registered', 'is_subscribed': True, 'trial_user': False, 'autoplay': False, 'is_background_play': True}",video,1025,,
5659,95ac3fca-619f-4f50-b552-0f41ddb5dd90,3d6582d9-3e33-483a-9cfb-4fc7a03a2dd6,pause,2026-01-11 17:57:18.758898+00:00,,web-chrome,"{'country': 'SA', 'city': 'Riyadh', 'language': 'ar', 'user_type': 'registered', 'is_subscribed': True, 'trial_user': False, 'autoplay': False, 'is_background_play': False}",video,1025,,
5660,95ac3fca-619f-4f50-b552-0f41ddb5dd90,f1ca3a0d-b5fd-4f03-afec-39e189ce3533,click,2026-01-11 18:46:18.758907+00:00,,web-safari,"{'country': 'SA', 'city': 'Riyadh', 'language': 'ar', 'user_type': 'registered', 'is_subscribed': True, 'trial_user': False, 'autoplay': False, 'is_background_play': True}",video,1025,,
5661,95ac3fca-619f-4f50-b552-0f41ddb5dd90,11cb7cff-32f7-4f47-9af1-cdd868d199cd,click,2026-01-11 18:41:18.758916+00:00,,ios,"{'country': 'SA', 'city': 'Riyadh', 'language': 'ar', 'user_type': 'registered', 'is_subscribed': True, 'trial_user': False, 'autoplay': False, 'is_background_play': False}",video,1025,,
5662,95ac3fca-619f-4f50-b552-0f41ddb5dd90,81f6dfce-b0c5-4cd7-9b2c-eed32915837e,finish,2026-01-11 17:59:18.758925+00:00,,web-safari,"{'country': 'SA', 'city': 'Riyadh', 'language': 'ar', 'user_type': 'registered', 'is_subscribed': True, 'trial_user': False, 'autoplay': False, 'is_background_play': True}",video,1025,,
5663,95ac3fca-619f-4f50-b552-0f41ddb5dd90,612b11f6-eead-45a4-8119-9337eabe636a,play,2026-01-11 18:54:18.758934+00:00,687018.0,android,"{'country': 'SA', 'city': 'Riyadh', 'language': 'ar', 'user_type': 'registered', 'is_subscribed': True, 'trial_user': False, 'autoplay': False, 'is_background_play': True}",video,1025,687.018,0.67
5664,95ac3fca-619f-4f50-b552-0f41ddb5dd90,ee9c560e-06b0-45af-aac2-a9c2fc10cd1a,play,2026-01-11 18:25:18.758944+00:00,525099.0,android,"{'country': 'SA', 'city': 'Riyadh', 'language': 'ar', 'user_type': 'registered', 'is_subscribed': True, 'trial_user': False, 'autoplay': False, 'is_background_play': False}",video,1025,525.099,0.51
5665,95ac3fca-619f-4f50-b552-0f41ddb5dd90,fccde2a9-a472-455b-90bb-c72918dc26ef,pause,2026-01-11 18:33:18.758953+00:00,542764.0,web-safari,"{'country': 'SA', 'city': 'Riyadh', 'language': 'ar', 'user_type': 'registered', 'is_subscribed': True, 'trial_user': False, 'autoplay': False, 'is_background_play': False}",video,1025,542.764,0.53
5666,95ac3fca-619f-4f50-b552-0f41ddb5dd90,6807fdb1-9832-4c63-a16c-7d167316c37d,play,2026-01-11 18:25:18.758963+00:00,226515.0,ios,"{'country': 'SA', 'city': 'Riyadh', 'language': 'ar', 'user_type': 'registered', 'is_subscribed': True, 'trial_user': False, 'autoplay': False, 'is_background_play': False}",video,1025,226.515,0.22
5667,95ac3fca-619f-4f50-b552-0f41ddb5dd90,ea2b1c7e-68c8-4bcf-b63d-0be175d0ce51,pause,2026-01-11 18:10:18.758972+00:00,26538.0,android,"{'country': 'SA', 'city': 'Riyadh', 'language': 'ar', 'user_type': 'registered', 'is_subscribed': True, 'trial_user': False, 'autoplay': False, 'is_background_play': True}",video,1025,26.538,0.03
5668,95ac3fca-619f-4f50-b552-0f41ddb5dd90,6b557510-30f2-4dbb-bc10-c2ac4033fc92,click,2026-01-11 17:59:18.758982+00:00,,ios,"{'country': 'SA', 'city': 'Riyadh', 'language': 'ar', 'user_type': 'registered', 'is_subscribed': True, 'trial_user': False, 'autoplay': False, 'is_background_play': False}",video,1025,,
5669,95ac3fca-619f-4f50-b552-0f41ddb5dd90,2d4bffda-e2cc-42e0-aef0-17dd8a77a440,finish,2026-01-11 18:53:18.758991+00:00,529074.0,android,"{'country': 'SA', 'city': 'Riyadh', 'language': 'ar', 'user_type': 'registered', 'is_subscribed': True, 'trial_user': False, 'autoplay': False, 'is_background_play': True}",video,1025,529.074,0.52
5670,95ac3fca-619f-4f50-b552-0f41ddb5dd90,7be1905e-a1b6-4dbf-a566-c48e60fc73b0,pause,2026-01-11 18:46:18.759000+00:00,,android,"{'country': 'SA', 'city': 'Riyadh', 'language': 'ar', 'user_type': 'registered', 'is_subscribed': True, 'trial_user': False, 'autoplay': False, 'is_background_play': True}",video,1025,,
5671,95ac3fca-619f-4f50-b552-0f41ddb5dd90,ca913c12-3a59-455d-89af-b26543620fc3,finish,2026-01-11 18:30:18.759009+00:00,104693.0,ios,"{'country': 'SA', 'city': 'Riyadh', 'language': 'ar', 'user_type': 'registered', 'is_subscribed': True, 'trial_user': False, 'autoplay': False, 'is_background_play': False}",video,1025,104.693,0.1
5672,95ac3fca-619f-4f50-b552-0f41ddb5dd90,7dc83dfa-c870-4a11-9122-faf2a4143cd8,finish,2026-01-11 18:03:18.759019+00:00,,ios,"{'country': 'SA', 'city': 'Riyadh', 'language': 'ar', 'user_type': 'registered', 'is_subscribed': True, 'trial_user': False, 'autoplay': False, 'is_background_play': False}",video,1025,,
5673,95ac3fca-619f-4f50-b552-0f41ddb5dd90,995b294e-4999-4a32-993d-b731eaff5b5c,pause,2026-01-11 18:41:18.759027+00:00,,web-safari,"{'country': 'SA', 'city': 'Riyadh', 'language': 'ar', 'user_type': 'registered', 'is_subscribed': True, 'trial_user': False, 'autoplay': False, 'is_background_play': False}",video,1025,,
5674,95ac3fca-619f-4f50-b552-0f41ddb5dd90,c85612c1-e2bf-46c6-8ba4-4b8887e2494b,pause,2026-01-11 18:21:18.759036+00:00,231571.0,ios,"{'country': 'SA', 'city': 'Riyadh', 'language': 'ar', 'user_type': 'registered', 'is_subscribed': True, 'trial_user': False, 'autoplay': False, 'is_background_play': False}",video,1025,231.571,0.23
5675,95ac3fca-619f-4f50-b552-0f41ddb5dd90,c312d917-586f-48c8-bb00-37dc56d514db,click,2026-01-11 18:00:18.759046+00:00,,web-chrome,"{'country': 'SA', 'city': 'Riyadh', 'language': 'ar', 'user_type': 'registered', 'is_subscribed': True, 'trial_user': False, 'autoplay': False, 'is_background_play': False}",video,1025,,
5676,95ac3fca-619f-4f50-b552-0f41ddb5dd90,a2a820fc-1f3c-4f95-a4fe-1a1cc77e6c1e,click,2026-01-11 17:58:18.759055+00:00,,web-chrome,"{'country': 'SA', 'city': 'Riyadh', 'language': 'ar', 'user_type': 'registered', 'is_subscribed': True, 'trial_user': False, 'autoplay': False, 'is_background_play': True}",video,1025,,
5677,95ac3fca-619f-4f50-b552-0f41ddb5dd90,59e3af6b-a61e-4fe6-8f78-2a1b472c57ac,click,2026-01-11 18:38:18.759073+00:00,,android,"{'country': 'SA', 'city': 'Riyadh', 'language': 'ar', 'user_type': 'registered', 'is_subscribed': True, 'trial_user': False, 'autoplay': False, 'is_background_play': False}",video,1025,,
5678,95ac3fca-619f-4f50-b552-0f41ddb5dd90,2a17e17d-1d5c-4144-a2ca-72126a4c0e2f,play,2026-01-11 18:12:18.759082+00:00,349386.0,android,"{'country': 'SA', 'city': 'Riyadh', 'language': 'ar', 'user_type': 'registered', 'is_subscribed': True, 'trial_user': False, 'autoplay': False, 'is_background_play': True}",video,1025,349.386,0.34
5679,95ac3fca-619f-4f50-b552-0f41ddb5dd90,20595229-ef10-45fe-967e-3f83c73325b1,play,2026-01-11 18:23:18.759094+00:00,,web-safari,"{'country': 'SA', 'city': 'Riyadh', 'language': 'ar', 'user_type': 'registered', 'is_subscribed': True, 'trial_user': False, 'autoplay': False, 'is_background_play': True}",video,1025,,
5680,95ac3fca-619f-4f50-b552-0f41ddb5dd90,b7cca0ed-8d0c-456b-9d18-abaade0c9b44,pause,2026-01-11 18:24:18.759104+00:00,816086.0,web-safari,"{'country': 'SA', 'city': 'Riyadh', 'language': 'ar', 'user_type': 'registered', 'is_subscribed': True, 'trial_user': False, 'autoplay': False, 'is_background_play': True}",video,1025,816.086,0.8
5681,8bdb187c-8fd0-4aca-ac2d-a9ad9c0e7aa4,13274749-632a-4fd3-b7e1-0cc6330c72fa,play,2026-01-11 18:38:18.759114+00:00,2664298.0,web-chrome,"{'country': 'SA', 'city': 'Riyadh', 'language': 'ar', 'user_type': 'registered', 'is_subscribed': True, 'trial_user': False, 'autoplay': False, 'is_background_play': False}",podcast,2807,2664.298,0.95
5682,8bdb187c-8fd0-4aca-ac2d-a9ad9c0e7aa4,b681efa9-1cfe-4e91-bd4a-3b5cd4270b07,click,2026-01-11 18:49:18.759123+00:00,,ios,"{'country': 'SA', 'city': 'Riyadh', 'language': 'ar', 'user_type': 'registered', 'is_subscribed': True, 'trial_user': False, 'autoplay': False, 'is_background_play': True}",podcast,2807,,
5683,8bdb187c-8fd0-4aca-ac2d-a9ad9c0e7aa4,a407290a-3f62-4618-8aa9-92c60ce6a1c3,finish,2026-01-11 18:09:18.759132+00:00,886833.0,ios,"{'country': 'SA', 'city': 'Riyadh', 'language': 'ar', 'user_type': 'registered', 'is_subscribed': True, 'trial_user': False, 'autoplay': False, 'is_background_play': True}",podcast,2807,886.833,0.32
5684,8bdb187c-8fd0-4aca-ac2d-a9ad9c0e7aa4,c1a9755d-8dcf-4a71-94bb-18ce4e3ecf9d,click,2026-01-11 18:12:18.759142+00:00,,android,"{'country': 'SA', 'city': 'Riyadh', 'language': 'ar', 'user_type': 'registered', 'is_subscribed': True, 'trial_user': False, 'autoplay': False, 'is_background_play': True}",podcast,2807,,
5685,8bdb187c-8fd0-4aca-ac2d-a9ad9c0e7aa4,a2021a59-c592-441e-9323-2a4a8721731d,click,2026-01-11 18:29:18.759151+00:00,,ios,"{'country': 'SA', 'city': 'Riyadh', 'language': 'ar', 'user_type': 'registered', 'is_subscribed': True, 'trial_user': False, 'autoplay': False, 'is_background_play': False}",podcast,2807,,
5686,8bdb187c-8fd0-4aca-ac2d-a9ad9c0e7aa4,70edb3c3-66c0-42d8-8889-ac21a9877008,pause,2026-01-11 17:56:18.759159+00:00,2001813.0,android,"{'country': 'SA', 'city': 'Riyadh', 'language': 'ar', 'user_type': 'registered', 'is_subscribed': True, 'trial_user': False, 'autoplay': False, 'is_background_play': False}",podcast,2807,2001.813,0.71
5687,8bdb187c-8fd0-4aca-ac2d-a9ad9c0e7aa4,76bc0603-f1ce-4aea-82cd-f49434685d62,click,2026-01-11 18:08:18.759169+00:00,,ios,"{'country': 'SA', 'city': 'Riyadh', 'language': 'ar', 'user_type': 'registered', 'is_subscribed': True, 'trial_user': False, 'autoplay': False, 'is_background_play': False}",podcast,2807,,
5688,8bdb187c-8fd0-4aca-ac2d-a9ad9c0e7aa4,6c9add9f-925a-488d-98bd-4dcfb8ac2cce,play,2026-01-11 17:55:18.759178+00:00,1333302.0,android,"{'country': 'SA', 'city': 'Riyadh', 'language': 'ar', 'user_type': 'registered', 'is_subscribed': True, 'trial_user': False, 'autoplay': False, 'is_background_play': True}",podcast,2807,1333.302,0.47
5689,8bdb187c-8fd0-4aca-ac2d-a9ad9c0e7aa4,d1af7906-dba9-4ee7-aed5-4ea388384763,play,2026-01-11 18:17:18.759187+00:00,1616843.0,web-safari,"{'country': 'SA', 'city': 'Riyadh', 'language': 'ar', 'user_type': 'registered', 'is_subscribed': True, 'trial_user': False, 'autoplay': False, 'is_background_play': True}",podcast,2807,1616.843,0.58
5690,8bdb187c-8fd0-4aca-ac2d-a9ad9c0e7aa4,ffb8e4a7-f157-4a86-ab12-3a8f6cebeacc,finish,2026-01-11 18:00:18.759196+00:00,,web-chrome,"{'country': 'SA', 'city': 'Riyadh', 'language': 'ar', 'user_type': 'registered', 'is_subscribed': True, 'trial_user': False, 'autoplay': False, 'is_background_play': False}",podcast,2807,,
5691,8bdb187c-8fd0-4aca-ac2d-a9ad9c0e7aa4,c8288184-09f7-427b-872e-f9790421fbab,play,2026-01-11 18:02:18.759205+00:00,220522.0,web-safari,"{'country': 'SA', 'city': 'Riyadh', 'language': 'ar', 'user_type': 'registered', 'is_subscribed': True, 'trial_user': False, 'autoplay': False, 'is_background_play': False}",podcast,2807,220.522,0.08
5692,8bdb187c-8fd0-4aca-ac2d-a9ad9c0e7aa4,e4c3c7a6-427b-40a1-be71-c5b5be54fa12,finish,2026-01-11 18:07:18.759215+00:00,1353217.0,ios,"{'country': 'SA', 'city': 'Riyadh', 'language': 'ar', 'user_type': 'registered', 'is_subscribed': True, 'trial_user': False, 'autoplay': False, 'is_background_play': False}",podcast,2807,1353.217,0.48
5693,8bdb187c-8fd0-4aca-ac2d-a9ad9c0e7aa4,eef871bc-8a9c-4f50-9cbb-39cabcb09932,finish,2026-01-11 18:04:18.759224+00:00,527569.0,web-chrome,"{'country': 'SA', 'city': 'Riyadh', 'language': 'ar', 'user_type': 'registered', 'is_subscribed': True, 'trial_user': False, 'autoplay': False, 'is_background_play': True}",podcast,2807,527.569,0.19
5694,8bdb187c-8fd0-4aca-ac2d-a9ad9c0e7aa4,00287480-936e-43f1-955c-7b568fce0ff0,finish,2026-01-11 18:19:18.759233+00:00,,ios,"{'country': 'SA', 'city': 'Riyadh', 'language': 'ar', 'user_type': 'registered', 'is_subscribed': True, 'trial_user': False, 'autoplay': False, 'is_background_play': True}",podcast,2807,,
5695,8bdb187c-8fd0-4aca-ac2d-a9ad9c0e7aa4,0b6047f9-4141-42f1-b49a-6e8549e69d25,play,2026-01-11 18:42:18.759242+00:00,1101358.0,web-chrome,"{'country': 'SA', 'city': 'Riyadh', 'language': 'ar', 'user_type': 'registered', 'is_subscribed': True, 'trial_user': False, 'autoplay': False, 'is_background_play': True}",podcast,2807,1101.358,0.39
5696,8bdb187c-8fd0-4aca-ac2d-a9ad9c0e7aa4,5513b2a8-cb42-40ea-89ae-d0c6f29b9c80,play,2026-01-11 18:26:18.759251+00:00,357464.0,web-safari,"{'country': 'SA', 'city': 'Riyadh', 'language': 'ar', 'user_type': 'registered', 'is_subscribed': True, 'trial_user': False, 'autoplay': False, 'is_background_play': True}",podcast,2807,357.464,0.13
5697,8bdb187c-8fd0-4aca-ac2d-a9ad9c0e7aa4,ebd83c5a-1031-4279-acca-c49f4aaa2742,click,2026-01-11 18:24:18.759261+00:00,,web-safari,"{'country': 'SA', 'city': 'Riyadh', 'language': 'ar', 'user_type': 'registered', 'is_subscribed': True, 'trial_user': False, 'autoplay': False, 'is_background_play': False}",podcast,2807,,
5698,8bdb187c-8fd0-4aca-ac2d-a9ad9c0e7aa4,2531c1cc-5d18-40fc-91e7-468a611642d0,play,2026-01-11 18:08:18.759270+00:00,659812.0,web-safari,"{'country': 'SA', 'city': 'Riyadh', 'language': 'ar', 'user_type': 'registered', 'is_subscribed': True, 'trial_user': False, 'autoplay': False, 'is_background_play': True}",podcast,2807,659.812,0.24
5699,8bdb187c-8fd0-4aca-ac2d-a9ad9c0e7aa4,785ec33d-4ace-4f24-b3eb-d41894772650,play,2026-01-11 17:59:18.759279+00:00,2532710.0,web-safari,"{'country': 'SA', 'city': 'Riyadh', 'language': 'ar', 'user_type': 'registered', 'is_subscribed': True, 'trial_user': False, 'autoplay': False, 'is_background_play': False}",podcast,2807,2532.71,0.9
5700,8bdb187c-8fd0-4aca-ac2d-a9ad9c0e7aa4,99f48140-c647-408f-99a0-7cff8f1470da,play,2026-01-11 18:29:18.759288+00:00,1007640.0,web-safari,"{'country': 'SA', 'city': 'Riyadh', 'language': 'ar', 'user_type': 'registered', 'is_subscribed': True, 'trial_user': False, 'autoplay': False, 'is_background_play': True}",podcast,2807,1007.64,0.36
5701,8bdb187c-8fd0-4aca-ac2d-a9ad9c0e7aa4,f7bd1358-5d0a-4058-9eba-409641f1a0df,finish,2026-01-11 18:20:18.759297+00:00,217459.0,web-safari,"{'country': 'SA', 'city': 'Riyadh', 'language': 'ar', 'user_type': 'registered', 'is_subscribed': True, 'trial_user': False, 'autoplay': False, 'is_background_play': True}",podcast,2807,217.459,0.08
5702,8bdb187c-8fd0-4aca-ac2d-a9ad9c0e7aa4,16d67121-48e0-4b77-a027-03bc20e58d63,play,2026-01-11 18:45:18.759312+00:00,2596387.0,android,"{'country': 'SA', 'city': 'Riyadh', 'language': 'ar', 'user_type': 'registered', 'is_subscribed': True, 'trial_user': False, 'autoplay': False, 'is_background_play': True}",podcast,2807,2596.387,0.92
5703,8bdb187c-8fd0-4aca-ac2d-a9ad9c0e7aa4,f16214ad-70fd-493b-8de0-09444a1b9db1,play,2026-01-11 18:28:18.759322+00:00,1856706.0,android,"{'country': 'SA', 'city': 'Riyadh', 'language': 'ar', 'user_type': 'registered', 'is_subscribed': True, 'trial_user': False, 'autoplay': False, 'is_background_play': True}",podcast,2807,1856.706,0.66
5704,8bdb187c-8fd0-4aca-ac2d-a9ad9c0e7aa4,20b67c14-f8ba-4a38-97f6-6f031cab2f92,play,2026-01-11 18:17:18.759331+00:00,544287.0,web-safari,"{'country': 'SA', 'city': 'Riyadh', 'language': 'ar', 'user_type': 'registered', 'is_subscribed': True, 'trial_user': False, 'autoplay': False, 'is_background_play': False}",podcast,2807,544.287,0.19
5705,8bdb187c-8fd0-4aca-ac2d-a9ad9c0e7aa4,eab4cb99-fbac-4f1a-92bb-9f2efa57bc6a,finish,2026-01-11 18:39:18.759340+00:00,184547.0,web-safari,"{'country': 'SA', 'city': 'Riyadh', 'language': 'ar', 'user_type': 'registered', 'is_subscribed': True, 'trial_user': False, 'autoplay': False, 'is_background_play': False}",podcast,2807,184.547,0.07
5706,8bdb187c-8fd0-4aca-ac2d-a9ad9c0e7aa4,ce5a25fa-d133-40d2-b659-aeaba7e2b3cd,finish,2026-01-11 17:57:18.759350+00:00,697568.0,android,"{'country': 'SA', 'city': 'Riyadh', 'language': 'ar', 'user_type': 'registered', 'is_subscribed': True, 'trial_user': False, 'autoplay': False, 'is_background_play': True}",podcast,2807,697.568,0.25
5707,8bdb187c-8fd0-4aca-ac2d-a9ad9c0e7aa4,0416f445-9c7c-4f03-9b76-69a6ac539e8f,click,2026-01-11 18:26:18.759359+00:00,,web-chrome,"{'country': 'SA', 'city': 'Riyadh', 'language': 'ar', 'user_type': 'registered', 'is_subscribed': True, 'trial_user': False, 'autoplay': False, 'is_background_play': False}",podcast,2807,,
5708,8bdb187c-8fd0-4aca-ac2d-a9ad9c0e7aa4,25a5b8a1-c0b6-4035-adce-a85377aafb9c,pause,2026-01-11 18:44:18.759368+00:00,1163258.0,ios,"{'country': 'SA', 'city': 'Riyadh', 'language': 'ar', 'user_type': 'registered', 'is_subscribed': True, 'trial_user': False, 'autoplay': False, 'is_background_play': False}",podcast,2807,1163.258,0.41
5709,8bdb187c-8fd0-4aca-ac2d-a9ad9c0e7aa4,e1ff9b2c-4f83-43d7-aeb6-0c0f8edea9de,pause,2026-01-11 18:33:18.759377+00:00,,ios,"{'country': 'SA', 'city': 'Riyadh', 'language': 'ar', 'user_type': 'registered', 'is_subscribed': True, 'trial_user': False, 'autoplay': False, 'is_background_play': True}",podcast,2807,,
5710,8bdb187c-8fd0-4aca-ac2d-a9ad9c0e7aa4,603f77fa-cecb-4488-ac31-66cff93f4ad5,finish,2026-01-11 18:12:18.759385+00:00,2574285.0,ios,"{'country': 'SA', 'city': 'Riyadh', 'language': 'ar', 'user_type': 'registered', 'is_subscribed': True, 'trial_user': False, 'autoplay': False, 'is_background_play': True}",podcast,2807,2574.285,0.92
5711,8bdb187c-8fd0-4aca-ac2d-a9ad9c0e7aa4,eb567169-539d-4d6e-80fd-2a14440cf285,pause,2026-01-11 18:38:18.759395+00:00,2007622.0,web-safari,"{'country': 'SA', 'city': 'Riyadh', 'language': 'ar', 'user_type': 'registered', 'is_subscribed': True, 'trial_user': False, 'autoplay': False, 'is_background_play': True}",podcast,2807,2007.622,0.72
5712,8bdb187c-8fd0-4aca-ac2d-a9ad9c0e7aa4,2e054603-25a9-4c74-bb2e-f9f37c9d4928,click,2026-01-11 17:55:18.759404+00:00,,web-safari,"{'country': 'SA', 'city': 'Riyadh', 'language': 'ar', 'user_type': 'registered', 'is_subscribed': True, 'trial_user': False, 'autoplay': False, 'is_background_play': False}",podcast,2807,,
5713,8bdb187c-8fd0-4aca-ac2d-a9ad9c0e7aa4,f3249f09-84c3-45c7-a3d4-5d6c7e596db0,play,2026-01-11 18:55:18.759412+00:00,,ios,"{'country': 'SA', 'city': 'Riyadh', 'language': 'ar', 'user_type': 'registered', 'is_subscribed': True, 'trial_user': False, 'autoplay': False, 'is_background_play': False}",podcast,2807,,
5714,8bdb187c-8fd0-4aca-ac2d-a9ad9c0e7aa4,4eb8e151-0cbb-497a-8189-07e01ca01053,play,2026-01-11 18:41:18.759421+00:00,2638353.0,web-safari,"{'country': 'SA', 'city': 'Riyadh', 'language': 'ar', 'user_type': 'registered', 'is_subscribed': True, 'trial_user': False, 'autoplay': False, 'is_background_play': True}",podcast,2807,2638.353,0.94
5715,8bdb187c-8fd0-4aca-ac2d-a9ad9c0e7aa4,f4cb2043-2285-4af7-b18f-136e337dedec,finish,2026-01-11 18:17:18.759430+00:00,866182.0,web-chrome,"{'country': 'SA', 'city': 'Riyadh', 'language': 'ar', 'user_type': 'registered', 'is_subscribed': True, 'trial_user': False, 'autoplay': False, 'is_background_play': True}",podcast,2807,866.182,0.31
5716,8bdb187c-8fd0-4aca-ac2d-a9ad9c0e7aa4,f08429f4-7224-446c-9997-ccda13dab09c,finish,2026-01-11 17:55:18.759439+00:00,2475430.0,android,"{'country': 'SA', 'city': 'Riyadh', 'language': 'ar', 'user_type': 'registered', 'is_subscribed': True, 'trial_user': False, 'autoplay': False, 'is_background_play': False}",podcast,2807,2475.43,0.88
5717,8bdb187c-8fd0-4aca-ac2d-a9ad9c0e7aa4,f9f12079-9488-4cb3-800f-30a0623ef853,play,2026-01-11 18:23:18.759449+00:00,1991150.0,ios,"{'country': 'SA', 'city': 'Riyadh', 'language': 'ar', 'user_type': 'registered', 'is_subscribed': True, 'trial_user': False, 'autoplay': False, 'is_background_play': True}",podcast,2807,1991.15,0.71
5718,8bdb187c-8fd0-4aca-ac2d-a9ad9c0e7aa4,5e555c5f-598c-4790-9206-bc8afeb0235f,click,2026-01-11 18:40:18.759458+00:00,,web-safari,"{'country': 'SA', 'city': 'Riyadh', 'language': 'ar', 'user_type': 'registered', 'is_subscribed': True, 'trial_user': False, 'autoplay': False, 'is_background_play': False}",podcast,2807,,
5719,8bdb187c-8fd0-4aca-ac2d-a9ad9c0e7aa4,6501514d-7163-4a7f-a438-85810ce06fec,click,2026-01-11 18:25:18.759467+00:00,,android,"{'country': 'SA', 'city': 'Riyadh', 'language': 'ar', 'user_type': 'registered', 'is_subscribed': True, 'trial_user': False, 'autoplay': False, 'is_background_play': False}",podcast,2807,,
5720,8bdb187c-8fd0-4aca-ac2d-a9ad9c0e7aa4,2360aa75-e9a4-43cb-9616-d58015545c89,click,2026-01-11 18:50:18.759475+00:00,,ios,"{'country': 'SA', 'city': 'Riyadh', 'language': 'ar', 'user_type': 'registered', 'is_subscribed': True, 'trial_user': False, 'autoplay': False, 'is_background_play': True}",podcast,2807,,
5721,7bda4c6e-5966-4659-96ce-67c47bd4f89f,47d0a51e-3232-4db8-b5ab-e18fafeb6dbd,click,2026-01-11 18:23:18.759484+00:00,,android,"{'country': 'SA', 'city': 'Riyadh', 'language': 'ar', 'user_type': 'registered', 'is_subscribed': True, 'trial_user': False, 'autoplay': False, 'is_background_play': True}",video,928,,
5722,7bda4c6e-5966-4659-96ce-67c47bd4f89f,421190e4-746d-4687-baa3-816ad04d913f,pause,2026-01-11 18:24:18.759493+00:00,630797.0,web-chrome,"{'country': 'SA', 'city': 'Riyadh', 'language': 'ar', 'user_type': 'registered', 'is_subscribed': True, 'trial_user': False, 'autoplay': False, 'is_background_play': False}",video,928,630.797,0.68
5723,7bda4c6e-5966-4659-96ce-67c47bd4f89f,506c0b61-0eed-47b0-8ef9-7d4c6404dc75,finish,2026-01-11 18:43:18.759502+00:00,,web-safari,"{'country': 'SA', 'city': 'Riyadh', 'language': 'ar', 'user_type': 'registered', 'is_subscribed': True, 'trial_user': False, 'autoplay': False, 'is_background_play': False}",video,928,,
5724,7bda4c6e-5966-4659-96ce-67c47bd4f89f,f7ceb641-fe35-498a-a4bf-caf38c4874a5,click,2026-01-11 18:33:18.759510+00:00,,ios,"{'country': 'SA', 'city': 'Riyadh', 'language': 'ar', 'user_type': 'registered', 'is_subscribed': True, 'trial_user': False, 'autoplay': False, 'is_background_play': False}",video,928,,
5725,7bda4c6e-5966-4659-96ce-67c47bd4f89f,e640e0ee-7b8a-4444-af77-191728ea3876,play,2026-01-11 17:55:18.759519+00:00,771659.0,ios,"{'country': 'SA', 'city': 'Riyadh', 'language': 'ar', 'user_type': 'registered', 'is_subscribed': True, 'trial_user': False, 'autoplay': False, 'is_background_play': False}",video,928,771.659,0.83
5726,7bda4c6e-5966-4659-96ce-67c47bd4f89f,da6af28d-75d0-4e5e-9dbf-560bda9454f2,click,2026-01-11 18:00:18.759528+00:00,,android,"{'country': 'SA', 'city': 'Riyadh', 'language': 'ar', 'user_type': 'registered', 'is_subscribed': True, 'trial_user': False, 'autoplay': False, 'is_background_play': False}",video,928,,
5727,7bda4c6e-5966-4659-96ce-67c47bd4f89f,d12720db-8077-4202-b262-60b86711a255,click,2026-01-11 17:57:18.759543+00:00,,web-chrome,"{'country': 'SA', 'city': 'Riyadh', 'language': 'ar', 'user_type': 'registered', 'is_subscribed': True, 'trial_user': False, 'autoplay': False, 'is_background_play': True}",video,928,,
5728,7bda4c6e-5966-4659-96ce-67c47bd4f89f,798b48fd-031f-4ddf-b8c5-b4ebb4d377d8,finish,2026-01-11 18:30:18.759553+00:00,809824.0,web-safari,"{'country': 'SA', 'city': 'Riyadh', 'language': 'ar', 'user_type': 'registered', 'is_subscribed': True, 'trial_user': False, 'autoplay': False, 'is_background_play': False}",video,928,809.824,0.87
5729,7bda4c6e-5966-4659-96ce-67c47bd4f89f,eb652294-2fb9-47ca-ac1f-5d39e8311fdb,pause,2026-01-11 18:54:18.759562+00:00,,web-safari,"{'country': 'SA', 'city': 'Riyadh', 'language': 'ar', 'user_type': 'registered', 'is_subscribed': True, 'trial_user': False, 'autoplay': False, 'is_background_play': True}",video,928,,
5730,7bda4c6e-5966-4659-96ce-67c47bd4f89f,e9155089-3104-408b-b9b1-4c75d9f4ffd6,click,2026-01-11 18:19:18.759571+00:00,,web-safari,"{'country': 'SA', 'city': 'Riyadh', 'language': 'ar', 'user_type': 'registered', 'is_subscribed': True, 'trial_user': False, 'autoplay': False, 'is_background_play': True}",video,928,,
5731,7bda4c6e-5966-4659-96ce-67c47bd4f89f,a2605f7b-0cf1-46df-b795-6d9caa1d83e2,pause,2026-01-11 18:42:18.759579+00:00,843426.0,web-chrome,"{'country': 'SA', 'city': 'Riyadh', 'language': 'ar', 'user_type': 'registered', 'is_subscribed': True, 'trial_user': False, 'autoplay': False, 'is_background_play': True}",video,928,843.426,0.91
5732,7bda4c6e-5966-4659-96ce-67c47bd4f89f,f0ae0b44-c59b-41ad-b1c3-1fdbd1a31466,pause,2026-01-11 18:53:18.759588+00:00,,android,"{'country': 'SA', 'city': 'Riyadh', 'language': 'ar', 'user_type': 'registered', 'is_subscribed': True, 'trial_user': False, 'autoplay': False, 'is_background_play': False}",video,928,,
5733,7bda4c6e-5966-4659-96ce-67c47bd4f89f,0e9412ad-1608-4a83-9ee1-f6111105cb43,click,2026-01-11 18:10:18.759597+00:00,,web-chrome,"{'country': 'SA', 'city': 'Riyadh', 'language': 'ar', 'user_type': 'registered', 'is_subscribed': True, 'trial_user': False, 'autoplay': False, 'is_background_play': False}",video,928,,
5734,7bda4c6e-5966-4659-96ce-67c47bd4f89f,4b5b2153-ac25-43c0-8bff-22bef628b1ab,click,2026-01-11 18:45:18.759606+00:00,,android,"{'country': 'SA', 'city': 'Riyadh', 'language': 'ar', 'user_type': 'registered', 'is_subscribed': True, 'trial_user': False, 'autoplay': False, 'is_background_play': True}",video,928,,
5735,7bda4c6e-5966-4659-96ce-67c47bd4f89f,8850cc37-789a-4ce7-8cd9-e2c09b425bbd,finish,2026-01-11 18:22:18.759614+00:00,461484.0,web-chrome,"{'country': 'SA', 'city': 'Riyadh', 'language': 'ar', 'user_type': 'registered', 'is_subscribed': True, 'trial_user': False, 'autoplay': False, 'is_background_play': False}",video,928,461.484,0.5
5736,7bda4c6e-5966-4659-96ce-67c47bd4f89f,e981b83f-87fb-4c19-85c2-c454a5d0f8be,pause,2026-01-11 18:54:18.759623+00:00,498695.0,web-chrome,"{'country': 'SA', 'city': 'Riyadh', 'language': 'ar', 'user_type': 'registered', 'is_subscribed': True, 'trial_user': False, 'autoplay': False, 'is_background_play': True}",video,928,498.695,0.54
5737,7bda4c6e-5966-4659-96ce-67c47bd4f89f,8139cb8b-1cb7-4b38-8f1c-0346c320b726,play,2026-01-11 18:09:18.759632+00:00,54434.0,android,"{'country': 'SA', 'city': 'Riyadh', 'language': 'ar', 'user_type': 'registered', 'is_subscribed': True, 'trial_user': False, 'autoplay': False, 'is_background_play': True}",video,928,54.434,0.06
5738,7bda4c6e-5966-4659-96ce-67c47bd4f89f,a7762559-7e85-4eec-ad6c-5c67f60ebda5,click,2026-01-11 18:53:18.759641+00:00,,web-chrome,"{'country': 'SA', 'city': 'Riyadh', 'language': 'ar', 'user_type': 'registered', 'is_subscribed': True, 'trial_user': False, 'autoplay': False, 'is_background_play': True}",video,928,,
5739,7bda4c6e-5966-4659-96ce-67c47bd4f89f,757fedc7-4380-45e2-b4ed-2c566803f05b,play,2026-01-11 18:44:18.759650+00:00,762052.0,ios,"{'country': 'SA', 'city': 'Riyadh', 'language': 'ar', 'user_type': 'registered', 'is_subscribed': True, 'trial_user': False, 'autoplay': False, 'is_background_play': True}",video,928,762.052,0.82
5740,7bda4c6e-5966-4659-96ce-67c47bd4f89f,9a403153-afd3-4179-a578-5389cf982902,click,2026-01-11 18:22:18.759659+00:00,,web-chrome,"{'country': 'SA', 'city': 'Riyadh', 'language': 'ar', 'user_type': 'registered', 'is_subscribed': True, 'trial_user': False, 'autoplay': False, 'is_background_play': True}",video,928,,
5741,7bda4c6e-5966-4659-96ce-67c47bd4f89f,4996313a-563d-4b32-b338-05aa17eb42a7,pause,2026-01-11 18:54:18.759667+00:00,9318.0,web-safari,"{'country': 'SA', 'city': 'Riyadh', 'language': 'ar', 'user_type': 'registered', 'is_subscribed': True, 'trial_user': False, 'autoplay': False, 'is_background_play': False}",video,928,9.318,0.01
5742,7bda4c6e-5966-4659-96ce-67c47bd4f89f,ad7f58a2-1276-4430-b39e-8c4d6be5377c,finish,2026-01-11 18:53:18.759676+00:00,494760.0,ios,"{'country': 'SA', 'city': 'Riyadh', 'language': 'ar', 'user_type': 'registered', 'is_subscribed': True, 'trial_user': False, 'autoplay': False, 'is_background_play': False}",video,928,494.76,0.53
5743,7bda4c6e-5966-4659-96ce-67c47bd4f89f,769738f6-ed2e-41a4-bba2-b066f5e25beb,play,2026-01-11 18:21:18.759685+00:00,62650.0,android,"{'country': 'SA', 'city': 'Riyadh', 'language': 'ar', 'user_type': 'registered', 'is_subscribed': True, 'trial_user': False, 'autoplay': False, 'is_background_play': False}",video,928,62.65,0.07
5744,7bda4c6e-5966-4659-96ce-67c47bd4f89f,e2f524fe-483d-4aef-9282-733c1119ac90,finish,2026-01-11 18:48:18.759694+00:00,497506.0,web-safari,"{'country': 'SA', 'city': 'Riyadh', 'language': 'ar', 'user_type': 'registered', 'is_subscribed': True, 'trial_user': False, 'autoplay': False, 'is_background_play': True}",video,928,497.506,0.54
5745,7bda4c6e-5966-4659-96ce-67c47bd4f89f,86e203c8-6b5a-4aa0-9b0f-15171b6e372d,play,2026-01-11 18:46:18.759703+00:00,294391.0,web-chrome,"{'country': 'SA', 'city': 'Riyadh', 'language': 'ar', 'user_type': 'registered', 'is_subscribed': True, 'trial_user': False, 'autoplay': False, 'is_background_play': False}",video,928,294.391,0.32
5746,7bda4c6e-5966-4659-96ce-67c47bd4f89f,c1049acf-dace-4b78-a925-77d8e08df7cc,click,2026-01-11 18:51:18.759712+00:00,,android,"{'country': 'SA', 'city': 'Riyadh', 'language': 'ar', 'user_type': 'registered', 'is_subscribed': True, 'trial_user': False, 'autoplay': False, 'is_background_play': True}",video,928,,
5747,7bda4c6e-5966-4659-96ce-67c47bd4f89f,8bba828f-7720-41f8-994a-e7c6b86a3510,click,2026-01-11 18:25:18.759721+00:00,,web-chrome,"{'country': 'SA', 'city': 'Riyadh', 'language': 'ar', 'user_type': 'registered', 'is_subscribed': True, 'trial_user': False, 'autoplay': False, 'is_background_play': False}",video,928,,
5748,7bda4c6e-5966-4659-96ce-67c47bd4f89f,5027fa47-c4ed-4c9b-9972-2602d069152f,play,2026-01-11 18:44:18.759730+00:00,48205.0,web-safari,"{'country': 'SA', 'city': 'Riyadh', 'language': 'ar', 'user_type': 'registered', 'is_subscribed': True, 'trial_user': False, 'autoplay': False, 'is_background_play': False}",video,928,48.205,0.05
5749,7bda4c6e-5966-4659-96ce-67c47bd4f89f,22eebcf8-4ddd-4ce4-8174-e33921e7becf,pause,2026-01-11 18:40:18.759739+00:00,760105.0,web-chrome,"{'country': 'SA', 'city': 'Riyadh', 'language': 'ar', 'user_type': 'registered', 'is_subscribed': True, 'trial_user': False, 'autoplay': False, 'is_background_play': False}",video,928,760.105,0.82
5750,7bda4c6e-5966-4659-96ce-67c47bd4f89f,0d1a3bed-8f49-4635-8a87-d72c1a7fd4ce,play,2026-01-11 18:29:18.759748+00:00,823149.0,web-chrome,"{'country': 'SA', 'city': 'Riyadh', 'language': 'ar', 'user_type': 'registered', 'is_subscribed': True, 'trial_user': False, 'autoplay': False, 'is_background_play': False}",video,928,823.149,0.89
5751,7bda4c6e-5966-4659-96ce-67c47bd4f89f,78601528-50c6-475f-8b96-c3b41eed33e2,play,2026-01-11 18:02:18.759757+00:00,95977.0,web-safari,"{'country': 'SA', 'city': 'Riyadh', 'language': 'ar', 'user_type': 'registered', 'is_subscribed': True, 'trial_user': False, 'autoplay': False, 'is_background_play': False}",video,928,95.977,0.1
5752,7bda4c6e-5966-4659-96ce-67c47bd4f89f,31842f0d-e914-462c-87a9-fd5eaa43b47e,finish,2026-01-11 18:35:18.759771+00:00,589447.0,web-safari,"{'country': 'SA', 'city': 'Riyadh', 'language': 'ar', 'user_type': 'registered', 'is_subscribed': True, 'trial_user': False, 'autoplay': False, 'is_background_play': False}",video,928,589.447,0.64
5753,7bda4c6e-5966-4659-96ce-67c47bd4f89f,e0ad571e-3738-4cd2-9173-124c60bd67b0,play,2026-01-11 18:31:18.759781+00:00,224444.0,ios,"{'country': 'SA', 'city': 'Riyadh', 'language': 'ar', 'user_type': 'registered', 'is_subscribed': True, 'trial_user': False, 'autoplay': False, 'is_background_play': True}",video,928,224.444,0.24
5754,7bda4c6e-5966-4659-96ce-67c47bd4f89f,a7192fee-3fff-448e-bdb7-13fa11c24779,pause,2026-01-11 18:29:18.759790+00:00,878805.0,web-safari,"{'country': 'SA', 'city': 'Riyadh', 'language': 'ar', 'user_type': 'registered', 'is_subscribed': True, 'trial_user': False, 'autoplay': False, 'is_background_play': False}",video,928,878.805,0.95
5755,7bda4c6e-5966-4659-96ce-67c47bd4f89f,fb9e8d97-64b6-4dd6-b75e-0064ae4e86a3,pause,2026-01-11 17:55:18.759799+00:00,239985.0,android,"{'country': 'SA', 'city': 'Riyadh', 'language': 'ar', 'user_type': 'registered', 'is_subscribed': True, 'trial_user': False, 'autoplay': False, 'is_background_play': False}",video,928,239.985,0.26
5756,7bda4c6e-5966-4659-96ce-67c47bd4f89f,dab7edde-0f26-45c5-82d9-9dae0f7bed79,play,2026-01-11 18:36:18.759809+00:00,792445.0,web-chrome,"{'country': 'SA', 'city': 'Riyadh', 'language': 'ar', 'user_type': 'registered', 'is_subscribed': True, 'trial_user': False, 'autoplay': False, 'is_background_play': True}",video,928,792.445,0.85
5757,7bda4c6e-5966-4659-96ce-67c47bd4f89f,0c9e8de7-b929-42c6-a257-a91b709576a6,play,2026-01-11 18:51:18.759818+00:00,,ios,"{'country': 'SA', 'city': 'Riyadh', 'language': 'ar', 'user_type': 'registered', 'is_subscribed': True, 'trial_user': False, 'autoplay': False, 'is_background_play': False}",video,928,,
5758,7bda4c6e-5966-4659-96ce-67c47bd4f89f,3a8a4cf0-132d-4890-8898-cc9653fbff30,click,2026-01-11 18:10:18.759827+00:00,,android,"{'country': 'SA', 'city': 'Riyadh', 'language': 'ar', 'user_type': 'registered', 'is_subscribed': True, 'trial_user': False, 'autoplay': False, 'is_background_play': True}",video,928,,
5759,7bda4c6e-5966-4659-96ce-67c47bd4f89f,29c3f4e3-23bf-42b0-92ee-8839d913b01b,pause,2026-01-11 18:22:18.759835+00:00,547503.0,web-chrome,"{'country': 'SA', 'city': 'Riyadh', 'language': 'ar', 'user_type': 'registered', 'is_subscribed': True, 'trial_user': False, 'autoplay': False, 'is_background_play': False}",video,928,547.503,0.59
5760,7bda4c6e-5966-4659-96ce-67c47bd4f89f,4c0d9dc2-b5cb-4acd-8d20-d5da0df14043,finish,2026-01-11 17:57:18.759845+00:00,46546.0,web-chrome,"{'country': 'SA', 'city': 'Riyadh', 'language': 'ar', 'user_type': 'registered', 'is_subscribed': True, 'trial_user': False, 'autoplay': False, 'is_background_play': True}",video,928,46.546,0.05
5761,fda53931-4eff-4bad-a593-586b08a9c4f4,994e2cb4-7cb1-478c-b715-7035e9605cdf,play,2026-01-11 18:37:18.759855+00:00,2997.0,ios,"{'country': 'SA', 'city': 'Riyadh', 'language': 'ar', 'user_type': 'registered', 'is_subscribed': True, 'trial_user': False, 'autoplay': False, 'is_background_play': False}",newsletter,557,2.997,0.01
5762,fda53931-4eff-4bad-a593-586b08a9c4f4,eaf06aae-998e-4169-9624-d54f19e38a20,click,2026-01-11 18:28:18.759864+00:00,,ios,"{'country': 'SA', 'city': 'Riyadh', 'language': 'ar', 'user_type': 'registered', 'is_subscribed': True, 'trial_user': False, 'autoplay': False, 'is_background_play': True}",newsletter,557,,
5763,fda53931-4eff-4bad-a593-586b08a9c4f4,502b0299-7274-4b63-bd09-6389cc7f1b8c,finish,2026-01-11 18:53:18.759873+00:00,25835.0,web-safari,"{'country': 'SA', 'city': 'Riyadh', 'language': 'ar', 'user_type': 'registered', 'is_subscribed': True, 'trial_user': False, 'autoplay': False, 'is_background_play': False}",newsletter,557,25.835,0.05
5764,fda53931-4eff-4bad-a593-586b08a9c4f4,ff7726a0-3a23-46f5-9960-d31317688b0a,click,2026-01-11 18:19:18.759882+00:00,,ios,"{'country': 'SA', 'city': 'Riyadh', 'language': 'ar', 'user_type': 'registered', 'is_subscribed': True, 'trial_user': False, 'autoplay': False, 'is_background_play': False}",newsletter,557,,
5765,fda53931-4eff-4bad-a593-586b08a9c4f4,499f0f1e-18b5-4a91-940b-efc266b731f4,click,2026-01-11 17:59:18.759891+00:00,,ios,"{'country': 'SA', 'city': 'Riyadh', 'language': 'ar', 'user_type': 'registered', 'is_subscribed': True, 'trial_user': False, 'autoplay': False, 'is_background_play': True}",newsletter,557,,
5766,fda53931-4eff-4bad-a593-586b08a9c4f4,5d8ea78d-44c9-4d29-9eb6-eabbc76b6c6e,pause,2026-01-11 18:45:18.759900+00:00,346656.0,web-safari,"{'country': 'SA', 'city': 'Riyadh', 'language': 'ar', 'user_type': 'registered', 'is_subscribed': True, 'trial_user': False, 'autoplay': False, 'is_background_play': True}",newsletter,557,346.656,0.62
5767,fda53931-4eff-4bad-a593-586b08a9c4f4,2d758144-fe06-44ff-a0fe-b2cb0064c2fe,play,2026-01-11 17:58:18.759909+00:00,445982.0,android,"{'country': 'SA', 'city': 'Riyadh', 'language': 'ar', 'user_type': 'registered', 'is_subscribed': True, 'trial_user': False, 'autoplay': False, 'is_background_play': False}",newsletter,557,445.982,0.8
5768,fda53931-4eff-4bad-a593-586b08a9c4f4,963bcfbd-9c9e-4861-8b67-df1b4d36a504,click,2026-01-11 17:55:18.759918+00:00,,android,"{'country': 'SA', 'city': 'Riyadh', 'language': 'ar', 'user_type': 'registered', 'is_subscribed': True, 'trial_user': False, 'autoplay': False, 'is_background_play': False}",newsletter,557,,
5769,fda53931-4eff-4bad-a593-586b08a9c4f4,f2db5937-8d5f-4847-b521-c71d3cfdbd37,click,2026-01-11 18:26:18.759926+00:00,,web-chrome,"{'country': 'SA', 'city': 'Riyadh', 'language': 'ar', 'user_type': 'registered', 'is_subscribed': True, 'trial_user': False, 'autoplay': False, 'is_background_play': False}",newsletter,557,,
5770,fda53931-4eff-4bad-a593-586b08a9c4f4,8d2bd838-b1a1-41e9-98e1-d1f9d879f4bf,click,2026-01-11 18:32:18.759935+00:00,,web-chrome,"{'country': 'SA', 'city': 'Riyadh', 'language': 'ar', 'user_type': 'registered', 'is_subscribed': True, 'trial_user': False, 'autoplay': False, 'is_background_play': True}",newsletter,557,,
5771,fda53931-4eff-4bad-a593-586b08a9c4f4,848fb5bd-e535-4f85-bc7d-f91b37722aad,play,2026-01-11 18:44:18.759944+00:00,289347.0,android,"{'country': 'SA', 'city': 'Riyadh', 'language': 'ar', 'user_type': 'registered', 'is_subscribed': True, 'trial_user': False, 'autoplay': False, 'is_background_play': False}",newsletter,557,289.347,0.52
5772,fda53931-4eff-4bad-a593-586b08a9c4f4,f2ae1a6a-43af-46fb-8b0f-62de1366898a,click,2026-01-11 18:34:18.759953+00:00,,web-chrome,"{'country': 'SA', 'city': 'Riyadh', 'language': 'ar', 'user_type': 'registered', 'is_subscribed': True, 'trial_user': False, 'autoplay': False, 'is_background_play': True}",newsletter,557,,
5773,fda53931-4eff-4bad-a593-586b08a9c4f4,d2f07cf8-6d7e-4d0a-a30b-a9d93f070fd5,play,2026-01-11 18:49:18.759961+00:00,445577.0,ios,"{'country': 'SA', 'city': 'Riyadh', 'language': 'ar', 'user_type': 'registered', 'is_subscribed': True, 'trial_user': False, 'autoplay': False, 'is_background_play': True}",newsletter,557,445.577,0.8
5774,fda53931-4eff-4bad-a593-586b08a9c4f4,fc8a4a75-777a-4c52-a3f8-fc40aeb1a31d,pause,2026-01-11 17:58:18.759970+00:00,61964.0,web-chrome,"{'country': 'SA', 'city': 'Riyadh', 'language': 'ar', 'user_type': 'registered', 'is_subscribed': True, 'trial_user': False, 'autoplay': False, 'is_background_play': True}",newsletter,557,61.964,0.11
5775,fda53931-4eff-4bad-a593-586b08a9c4f4,b95ec2f8-52c6-46b8-8e6e-a758b145c3f6,click,2026-01-11 18:40:18.759979+00:00,,android,"{'country': 'SA', 'city': 'Riyadh', 'language': 'ar', 'user_type': 'registered', 'is_subscribed': True, 'trial_user': False, 'autoplay': False, 'is_background_play': False}",newsletter,557,,
5776,fda53931-4eff-4bad-a593-586b08a9c4f4,2012cfba-656e-4db3-bfa1-4f46fe74d2f9,click,2026-01-11 18:49:18.759988+00:00,,web-safari,"{'country': 'SA', 'city': 'Riyadh', 'language': 'ar', 'user_type': 'registered', 'is_subscribed': True, 'trial_user': False, 'autoplay': False, 'is_background_play': True}",newsletter,557,,
5777,fda53931-4eff-4bad-a593-586b08a9c4f4,a2d79903-36b4-4d09-ad7a-c5043ed382cc,pause,2026-01-11 17:56:18.760003+00:00,,ios,"{'country': 'SA', 'city': 'Riyadh', 'language': 'ar', 'user_type': 'registered', 'is_subscribed': True, 'trial_user': False, 'autoplay': False, 'is_background_play': True}",newsletter,557,,
5778,fda53931-4eff-4bad-a593-586b08a9c4f4,b7028c75-3fb6-4439-8ae1-b9638e2a8558,play,2026-01-11 18:26:18.760012+00:00,270392.0,ios,"{'country': 'SA', 'city': 'Riyadh', 'language': 'ar', 'user_type': 'registered', 'is_subscribed': True, 'trial_user': False, 'autoplay': False, 'is_background_play': False}",newsletter,557,270.392,0.49
5779,fda53931-4eff-4bad-a593-586b08a9c4f4,d230415d-d431-4985-b405-9424fc39e894,play,2026-01-11 18:20:18.760022+00:00,441814.0,ios,"{'country': 'SA', 'city': 'Riyadh', 'language': 'ar', 'user_type': 'registered', 'is_subscribed': True, 'trial_user': False, 'autoplay': False, 'is_background_play': False}",newsletter,557,441.814,0.79
5780,fda53931-4eff-4bad-a593-586b08a9c4f4,b6e203d8-3068-4421-b73d-1465e9fecdc7,click,2026-01-11 17:58:18.760031+00:00,,ios,"{'country': 'SA', 'city': 'Riyadh', 'language': 'ar', 'user_type': 'registered', 'is_subscribed': True, 'trial_user': False, 'autoplay': False, 'is_background_play': True}",newsletter,557,,
5781,fda53931-4eff-4bad-a593-586b08a9c4f4,f67fbf99-7daa-4da2-aa81-69d2aabed1fb,pause,2026-01-11 18:23:18.760039+00:00,39098.0,ios,"{'country': 'SA', 'city': 'Riyadh', 'language': 'ar', 'user_type': 'registered', 'is_subscribed': True, 'trial_user': False, 'autoplay': False, 'is_background_play': False}",newsletter,557,39.098,0.07
5782,fda53931-4eff-4bad-a593-586b08a9c4f4,40780479-87ba-4ae4-a804-8d2fbc193ef3,click,2026-01-11 18:01:18.760049+00:00,,android,"{'country': 'SA', 'city': 'Riyadh', 'language': 'ar', 'user_type': 'registered', 'is_subscribed': True, 'trial_user': False, 'autoplay': False, 'is_background_play': True}",newsletter,557,,
5783,fda53931-4eff-4bad-a593-586b08a9c4f4,2b355c23-a9a8-406c-a89f-1f32397684a2,pause,2026-01-11 18:37:18.760058+00:00,445134.0,ios,"{'country': 'SA', 'city': 'Riyadh', 'language': 'ar', 'user_type': 'registered', 'is_subscribed': True, 'trial_user': False, 'autoplay': False, 'is_background_play': False}",newsletter,557,445.134,0.8
5784,fda53931-4eff-4bad-a593-586b08a9c4f4,ceb77785-cce6-4daf-9bc0-2aea2663462d,pause,2026-01-11 18:49:18.760066+00:00,,android,"{'country': 'SA', 'city': 'Riyadh', 'language': 'ar', 'user_type': 'registered', 'is_subscribed': True, 'trial_user': False, 'autoplay': False, 'is_background_play': False}",newsletter,557,,
5785,fda53931-4eff-4bad-a593-586b08a9c4f4,0eee7e7a-45a0-4291-a4fb-21c3c44326c4,finish,2026-01-11 18:15:18.760075+00:00,420340.0,android,"{'country': 'SA', 'city': 'Riyadh', 'language': 'ar', 'user_type': 'registered', 'is_subscribed': True, 'trial_user': False, 'autoplay': False, 'is_background_play': False}",newsletter,557,420.34,0.75
5786,fda53931-4eff-4bad-a593-586b08a9c4f4,e194dd30-7f47-4e91-98ba-d6c3e7a973cf,pause,2026-01-11 17:57:18.760085+00:00,477070.0,web-safari,"{'country': 'SA', 'city': 'Riyadh', 'language': 'ar', 'user_type': 'registered', 'is_subscribed': True, 'trial_user': False, 'autoplay': False, 'is_background_play': True}",newsletter,557,477.07,0.86
5787,fda53931-4eff-4bad-a593-586b08a9c4f4,84029100-83be-44d3-8917-b8e2cf917244,finish,2026-01-11 18:35:18.760094+00:00,425453.0,web-chrome,"{'country': 'SA', 'city': 'Riyadh', 'language': 'ar', 'user_type': 'registered', 'is_subscribed': True, 'trial_user': False, 'autoplay': False, 'is_background_play': False}",newsletter,557,425.453,0.76
5788,fda53931-4eff-4bad-a593-586b08a9c4f4,80c25069-9117-4a73-ad79-92e13f718fbc,pause,2026-01-11 18:31:18.760103+00:00,240478.0,web-safari,"{'country': 'SA', 'city': 'Riyadh', 'language': 'ar', 'user_type': 'registered', 'is_subscribed': True, 'trial_user': False, 'autoplay': False, 'is_background_play': False}",newsletter,557,240.478,0.43
5789,fda53931-4eff-4bad-a593-586b08a9c4f4,668da43c-c392-4cd5-9803-7689987a2846,play,2026-01-11 18:41:18.760112+00:00,138119.0,web-safari,"{'country': 'SA', 'city': 'Riyadh', 'language': 'ar', 'user_type': 'registered', 'is_subscribed': True, 'trial_user': False, 'autoplay': False, 'is_background_play': False}",newsletter,557,138.119,0.25
5790,fda53931-4eff-4bad-a593-586b08a9c4f4,6c96e291-499c-4087-9dae-37ae149299b8,finish,2026-01-11 18:44:18.760121+00:00,291763.0,web-chrome,"{'country': 'SA', 'city': 'Riyadh', 'language': 'ar', 'user_type': 'registered', 'is_subscribed': True, 'trial_user': False, 'autoplay': False, 'is_background_play': False}",newsletter,557,291.763,0.52
5791,fda53931-4eff-4bad-a593-586b08a9c4f4,149ebcaa-d91f-4079-adf5-31edb3e93c38,finish,2026-01-11 18:25:18.760130+00:00,543700.0,ios,"{'country': 'SA', 'city': 'Riyadh', 'language': 'ar', 'user_type': 'registered', 'is_subscribed': True, 'trial_user': False, 'autoplay': False, 'is_background_play': True}",newsletter,557,543.7,0.98
5792,fda53931-4eff-4bad-a593-586b08a9c4f4,53a538ff-791c-49c5-820e-0f0c0a6ff2a5,play,2026-01-11 18:49:18.760139+00:00,,web-safari,"{'country': 'SA', 'city': 'Riyadh', 'language': 'ar', 'user_type': 'registered', 'is_subscribed': True, 'trial_user': False, 'autoplay': False, 'is_background_play': False}",newsletter,557,,
5793,fda53931-4eff-4bad-a593-586b08a9c4f4,1e3f7de1-ec2d-4640-b0a8-f3e61874e516,click,2026-01-11 18:01:18.760148+00:00,,ios,"{'country': 'SA', 'city': 'Riyadh', 'language': 'ar', 'user_type': 'registered', 'is_subscribed': True, 'trial_user': False, 'autoplay': False, 'is_background_play': True}",newsletter,557,,
5794,fda53931-4eff-4bad-a593-586b08a9c4f4,2fa268e0-e68e-4448-b504-441bbc522cfa,finish,2026-01-11 18:15:18.760158+00:00,126300.0,android,"{'country': 'SA', 'city': 'Riyadh', 'language': 'ar', 'user_type': 'registered', 'is_subscribed': True, 'trial_user': False, 'autoplay': False, 'is_background_play': False}",newsletter,557,126.3,0.23
5795,fda53931-4eff-4bad-a593-586b08a9c4f4,aabb3099-1282-40ce-868c-49631b89b961,click,2026-01-11 18:52:18.760168+00:00,,web-safari,"{'country': 'SA', 'city': 'Riyadh', 'language': 'ar', 'user_type': 'registered', 'is_subscribed': True, 'trial_user': False, 'autoplay': False, 'is_background_play': True}",newsletter,557,,
5796,fda53931-4eff-4bad-a593-586b08a9c4f4,0510dca9-96d5-4d7b-91ca-75f1363fcf0d,play,2026-01-11 18:46:18.760176+00:00,501036.0,android,"{'country': 'SA', 'city': 'Riyadh', 'language': 'ar', 'user_type': 'registered', 'is_subscribed': True, 'trial_user': False, 'autoplay': False, 'is_background_play': False}",newsletter,557,501.036,0.9
5797,fda53931-4eff-4bad-a593-586b08a9c4f4,aae094ef-353e-4f92-9bc9-2901645b9684,play,2026-01-11 18:38:18.760185+00:00,419665.0,ios,"{'country': 'SA', 'city': 'Riyadh', 'language': 'ar', 'user_type': 'registered', 'is_subscribed': True, 'trial_user': False, 'autoplay': False, 'is_background_play': False}",newsletter,557,419.665,0.75
5798,fda53931-4eff-4bad-a593-586b08a9c4f4,8cfcdd8f-80ad-421d-9e3e-bcf5cf3084ba,finish,2026-01-11 18:04:18.760194+00:00,500872.0,web-chrome,"{'country': 'SA', 'city': 'Riyadh', 'language': 'ar', 'user_type': 'registered', 'is_subscribed': True, 'trial_user': False, 'autoplay': False, 'is_background_play': True}",newsletter,557,500.872,0.9
5799,fda53931-4eff-4bad-a593-586b08a9c4f4,f388389a-14d5-4caf-ab34-ccb583a015a1,click,2026-01-11 17:58:18.760203+00:00,,web-safari,"{'country': 'SA', 'city': 'Riyadh', 'language': 'ar', 'user_type': 'registered', 'is_subscribed': True, 'trial_user': False, 'autoplay': False, 'is_background_play': True}",newsletter,557,,
5800,fda53931-4eff-4bad-a593-586b08a9c4f4,4de8cc44-68b8-4429-8690-396569a631a5,play,2026-01-11 18:23:18.760212+00:00,,ios,"{'country': 'SA', 'city': 'Riyadh', 'language': 'ar', 'user_type': 'registered', 'is_subscribed': True, 'trial_user': False, 'autoplay': False, 'is_background_play': True}",newsletter,557,,
5801,ac2fabf3-fa2b-428e-803d-ac55ee99268b,f41035f7-93c2-4a40-a7ce-b41b708ec01b,pause,2026-01-11 17:57:18.760221+00:00,749239.0,android,"{'country': 'SA', 'city': 'Riyadh', 'language': 'ar', 'user_type': 'registered', 'is_subscribed': True, 'trial_user': False, 'autoplay': False, 'is_background_play': True}",video,750,749.239,1.0
5802,ac2fabf3-fa2b-428e-803d-ac55ee99268b,541678ab-cf49-464b-bbe5-a28831eb92cc,click,2026-01-11 18:20:18.760236+00:00,,android,"{'country': 'SA', 'city': 'Riyadh', 'language': 'ar', 'user_type': 'registered', 'is_subscribed': True, 'trial_user': False, 'autoplay': False, 'is_background_play': False}",video,750,,
5803,ac2fabf3-fa2b-428e-803d-ac55ee99268b,e298119f-4f08-433d-801e-527ffea538c2,pause,2026-01-11 18:50:18.760245+00:00,613864.0,android,"{'country': 'SA', 'city': 'Riyadh', 'language': 'ar', 'user_type': 'registered', 'is_subscribed': True, 'trial_user': False, 'autoplay': False, 'is_background_play': True}",video,750,613.864,0.82
5804,ac2fabf3-fa2b-428e-803d-ac55ee99268b,47147972-64c9-4d6a-93bb-5e59a626f58d,play,2026-01-11 18:20:18.760254+00:00,,ios,"{'country': 'SA', 'city': 'Riyadh', 'language': 'ar', 'user_type': 'registered', 'is_subscribed': True, 'trial_user': False, 'autoplay': False, 'is_background_play': True}",video,750,,
5805,ac2fabf3-fa2b-428e-803d-ac55ee99268b,5df97e6a-91f4-493c-a4df-502e879e7040,click,2026-01-11 18:08:18.760263+00:00,,web-chrome,"{'country': 'SA', 'city': 'Riyadh', 'language': 'ar', 'user_type': 'registered', 'is_subscribed': True, 'trial_user': False, 'autoplay': False, 'is_background_play': False}",video,750,,
5806,ac2fabf3-fa2b-428e-803d-ac55ee99268b,bc9a5319-d462-4bd3-b1fb-67a494b27606,pause,2026-01-11 18:31:18.760272+00:00,522532.0,android,"{'country': 'SA', 'city': 'Riyadh', 'language': 'ar', 'user_type': 'registered', 'is_subscribed': True, 'trial_user': False, 'autoplay': False, 'is_background_play': False}",video,750,522.532,0.7
5807,ac2fabf3-fa2b-428e-803d-ac55ee99268b,7036bb93-4a7b-4f1d-be26-a63d01c41314,play,2026-01-11 18:55:18.760281+00:00,483901.0,android,"{'country': 'SA', 'city': 'Riyadh', 'language': 'ar', 'user_type': 'registered', 'is_subscribed': True, 'trial_user': False, 'autoplay': False, 'is_background_play': False}",video,750,483.901,0.65
5808,ac2fabf3-fa2b-428e-803d-ac55ee99268b,552c54dd-c978-426f-a6d1-0e0296c9a992,pause,2026-01-11 18:24:18.760290+00:00,646293.0,ios,"{'country': 'SA', 'city': 'Riyadh', 'language': 'ar', 'user_type': 'registered', 'is_subscribed': True, 'trial_user': False, 'autoplay': False, 'is_background_play': False}",video,750,646.293,0.86
5809,ac2fabf3-fa2b-428e-803d-ac55ee99268b,2cef84d8-7d07-4683-850a-5debbb8bd96a,finish,2026-01-11 17:56:18.760300+00:00,331683.0,android,"{'country': 'SA', 'city': 'Riyadh', 'language': 'ar', 'user_type': 'registered', 'is_subscribed': True, 'trial_user': False, 'autoplay': False, 'is_background_play': True}",video,750,331.683,0.44
5810,ac2fabf3-fa2b-428e-803d-ac55ee99268b,50bdb789-01c1-43bb-bf0d-9c5b11c9c94d,pause,2026-01-11 18:13:18.760309+00:00,31801.0,android,"{'country': 'SA', 'city': 'Riyadh', 'language': 'ar', 'user_type': 'registered', 'is_subscribed': True, 'trial_user': False, 'autoplay': False, 'is_background_play': True}",video,750,31.801,0.04
5811,ac2fabf3-fa2b-428e-803d-ac55ee99268b,73aec6cb-847a-47e9-8412-f2fd6f0f789f,play,2026-01-11 18:01:18.760318+00:00,,ios,"{'country': 'SA', 'city': 'Riyadh', 'language': 'ar', 'user_type': 'registered', 'is_subscribed': True, 'trial_user': False, 'autoplay': False, 'is_background_play': False}",video,750,,
5812,ac2fabf3-fa2b-428e-803d-ac55ee99268b,d759a5ee-34a3-4ccc-a69b-c7abf8522da4,pause,2026-01-11 18:25:18.760327+00:00,,ios,"{'country': 'SA', 'city': 'Riyadh', 'language': 'ar', 'user_type': 'registered', 'is_subscribed': True, 'trial_user': False, 'autoplay': False, 'is_background_play': False}",video,750,,
5813,ac2fabf3-fa2b-428e-803d-ac55ee99268b,9f7a57a9-96f4-4d0f-87ce-c5c46b31014b,click,2026-01-11 18:46:18.760335+00:00,,web-safari,"{'country': 'SA', 'city': 'Riyadh', 'language': 'ar', 'user_type': 'registered', 'is_subscribed': True, 'trial_user': False, 'autoplay': False, 'is_background_play': True}",video,750,,
5814,ac2fabf3-fa2b-428e-803d-ac55ee99268b,dcff9519-198f-40e0-af54-ea568dfa4d2a,click,2026-01-11 18:07:18.760344+00:00,,android,"{'country': 'SA', 'city': 'Riyadh', 'language': 'ar', 'user_type': 'registered', 'is_subscribed': True, 'trial_user': False, 'autoplay': False, 'is_background_play': True}",video,750,,
5815,ac2fabf3-fa2b-428e-803d-ac55ee99268b,eabc60b6-bacb-4bd4-aa58-5f4092743709,play,2026-01-11 18:39:18.760353+00:00,,web-chrome,"{'country': 'SA', 'city': 'Riyadh', 'language': 'ar', 'user_type': 'registered', 'is_subscribed': True, 'trial_user': False, 'autoplay': False, 'is_background_play': False}",video,750,,
5816,ac2fabf3-fa2b-428e-803d-ac55ee99268b,48623c99-c7cd-4309-87d0-1149fc81810a,click,2026-01-11 18:39:18.760361+00:00,,android,"{'country': 'SA', 'city': 'Riyadh', 'language': 'ar', 'user_type': 'registered', 'is_subscribed': True, 'trial_user': False, 'autoplay': False, 'is_background_play': False}",video,750,,
5817,ac2fabf3-fa2b-428e-803d-ac55ee99268b,1f0d10fe-6782-455a-a169-fbd59fc9b78f,play,2026-01-11 18:10:18.760370+00:00,227949.0,android,"{'country': 'SA', 'city': 'Riyadh', 'language': 'ar', 'user_type': 'registered', 'is_subscribed': True, 'trial_user': False, 'autoplay': False, 'is_background_play': False}",video,750,227.949,0.3
5818,ac2fabf3-fa2b-428e-803d-ac55ee99268b,1f94904f-d257-4c1e-910d-571b1e7c8056,click,2026-01-11 18:03:18.760379+00:00,,ios,"{'country': 'SA', 'city': 'Riyadh', 'language': 'ar', 'user_type': 'registered', 'is_subscribed': True, 'trial_user': False, 'autoplay': False, 'is_background_play': True}",video,750,,
5819,ac2fabf3-fa2b-428e-803d-ac55ee99268b,9a8838e9-f240-452a-9b93-62e85845a272,finish,2026-01-11 18:18:18.760388+00:00,610726.0,web-safari,"{'country': 'SA', 'city': 'Riyadh', 'language': 'ar', 'user_type': 'registered', 'is_subscribed': True, 'trial_user': False, 'autoplay': False, 'is_background_play': True}",video,750,610.726,0.81
5820,ac2fabf3-fa2b-428e-803d-ac55ee99268b,3a1e9580-c551-430c-abff-5e5915618148,play,2026-01-11 18:14:18.760397+00:00,106510.0,android,"{'country': 'SA', 'city': 'Riyadh', 'language': 'ar', 'user_type': 'registered', 'is_subscribed': True, 'trial_user': False, 'autoplay': False, 'is_background_play': True}",video,750,106.51,0.14
5821,ac2fabf3-fa2b-428e-803d-ac55ee99268b,f04033db-0635-4a15-a7e8-48b848a91f9c,pause,2026-01-11 18:08:18.760407+00:00,123389.0,web-chrome,"{'country': 'SA', 'city': 'Riyadh', 'language': 'ar', 'user_type': 'registered', 'is_subscribed': True, 'trial_user': False, 'autoplay': False, 'is_background_play': False}",video,750,123.389,0.16
5822,ac2fabf3-fa2b-428e-803d-ac55ee99268b,0fafe57f-bcb2-4ea4-94e5-95c4f43078e9,pause,2026-01-11 18:03:18.760416+00:00,684866.0,android,"{'country': 'SA', 'city': 'Riyadh', 'language': 'ar', 'user_type': 'registered', 'is_subscribed': True, 'trial_user': False, 'autoplay': False, 'is_background_play': False}",video,750,684.866,0.91
5823,ac2fabf3-fa2b-428e-803d-ac55ee99268b,a7f11aa8-6ea0-4d5e-af18-7dbf1a8f0b25,click,2026-01-11 18:52:18.760425+00:00,,web-safari,"{'country': 'SA', 'city': 'Riyadh', 'language': 'ar', 'user_type': 'registered', 'is_subscribed': True, 'trial_user': False, 'autoplay': False, 'is_background_play': True}",video,750,,
5824,ac2fabf3-fa2b-428e-803d-ac55ee99268b,d0ce36b9-ba16-4af9-8def-2fc855006f14,play,2026-01-11 18:05:18.760434+00:00,71713.0,web-chrome,"{'country': 'SA', 'city': 'Riyadh', 'language': 'ar', 'user_type': 'registered', 'is_subscribed': True, 'trial_user': False, 'autoplay': False, 'is_background_play': True}",video,750,71.713,0.1
5825,ac2fabf3-fa2b-428e-803d-ac55ee99268b,f3f8e837-5b6f-43b8-8a82-719761785c2a,finish,2026-01-11 18:14:18.760444+00:00,,web-chrome,"{'country': 'SA', 'city': 'Riyadh', 'language': 'ar', 'user_type': 'registered', 'is_subscribed': True, 'trial_user': False, 'autoplay': False, 'is_background_play': False}",video,750,,
5826,ac2fabf3-fa2b-428e-803d-ac55ee99268b,3be00b05-f739-4a06-b5bc-d2df1346d053,play,2026-01-11 18:08:18.760454+00:00,654403.0,android,"{'country': 'SA', 'city': 'Riyadh', 'language': 'ar', 'user_type': 'registered', 'is_subscribed': True, 'trial_user': False, 'autoplay': False, 'is_background_play': True}",video,750,654.403,0.87
5827,ac2fabf3-fa2b-428e-803d-ac55ee99268b,52425078-1fac-47b1-b478-db46a94ba057,click,2026-01-11 18:29:18.760470+00:00,,ios,"{'country': 'SA', 'city': 'Riyadh', 'language': 'ar', 'user_type': 'registered', 'is_subscribed': True, 'trial_user': False, 'autoplay': False, 'is_background_play': False}",video,750,,
5828,ac2fabf3-fa2b-428e-803d-ac55ee99268b,b7c8d7bb-9d9f-46e7-a2d7-ad7cf95b55d6,click,2026-01-11 18:40:18.760480+00:00,,ios,"{'country': 'SA', 'city': 'Riyadh', 'language': 'ar', 'user_type': 'registered', 'is_subscribed': True, 'trial_user': False, 'autoplay': False, 'is_background_play': False}",video,750,,
5829,ac2fabf3-fa2b-428e-803d-ac55ee99268b,d2627098-732e-42ff-8344-10ad4105623b,click,2026-01-11 18:21:18.760488+00:00,,web-safari,"{'country': 'SA', 'city': 'Riyadh', 'language': 'ar', 'user_type': 'registered', 'is_subscribed': True, 'trial_user': False, 'autoplay': False, 'is_background_play': False}",video,750,,
5830,ac2fabf3-fa2b-428e-803d-ac55ee99268b,77b8ce6a-69af-46fc-8731-626d57fcfd41,play,2026-01-11 18:52:18.760497+00:00,207066.0,web-chrome,"{'country': 'SA', 'city': 'Riyadh', 'language': 'ar', 'user_type': 'registered', 'is_subscribed': True, 'trial_user': False, 'autoplay': False, 'is_background_play': True}",video,750,207.066,0.28
5831,ac2fabf3-fa2b-428e-803d-ac55ee99268b,782c67c3-6025-48c9-8134-a329881e1630,play,2026-01-11 18:14:18.760506+00:00,171057.0,web-safari,"{'country': 'SA', 'city': 'Riyadh', 'language': 'ar', 'user_type': 'registered', 'is_subscribed': True, 'trial_user': False, 'autoplay': False, 'is_background_play': True}",video,750,171.057,0.23
5832,ac2fabf3-fa2b-428e-803d-ac55ee99268b,6b68d244-2796-441e-a317-f483f7018804,click,2026-01-11 18:19:18.760515+00:00,,web-chrome,"{'country': 'SA', 'city': 'Riyadh', 'language': 'ar', 'user_type': 'registered', 'is_subscribed': True, 'trial_user': False, 'autoplay': False, 'is_background_play': True}",video,750,,
5833,ac2fabf3-fa2b-428e-803d-ac55ee99268b,6f9d2654-f0e2-4307-ac3b-f91e12a41843,click,2026-01-11 18:13:18.760524+00:00,,ios,"{'country': 'SA', 'city': 'Riyadh', 'language': 'ar', 'user_type': 'registered', 'is_subscribed': True, 'trial_user': False, 'autoplay': False, 'is_background_play': True}",video,750,,
5834,ac2fabf3-fa2b-428e-803d-ac55ee99268b,d4dbb79c-34a0-4607-8acf-907a6e940a32,play,2026-01-11 18:17:18.760532+00:00,278714.0,web-chrome,"{'country': 'SA', 'city': 'Riyadh', 'language': 'ar', 'user_type': 'registered', 'is_subscribed': True, 'trial_user': False, 'autoplay': False, 'is_background_play': True}",video,750,278.714,0.37
5835,ac2fabf3-fa2b-428e-803d-ac55ee99268b,cdf8f880-075c-4329-8778-e94ee86ee7e0,play,2026-01-11 18:25:18.760541+00:00,,android,"{'country': 'SA', 'city': 'Riyadh', 'language': 'ar', 'user_type': 'registered', 'is_subscribed': True, 'trial_user': False, 'autoplay': False, 'is_background_play': True}",video,750,,
5836,ac2fabf3-fa2b-428e-803d-ac55ee99268b,83220f70-39c0-47a2-bec6-75ffdb4d50c4,play,2026-01-11 18:49:18.760550+00:00,,ios,"{'country': 'SA', 'city': 'Riyadh', 'language': 'ar', 'user_type': 'registered', 'is_subscribed': True, 'trial_user': False, 'autoplay': False, 'is_background_play': True}",video,750,,
5837,ac2fabf3-fa2b-428e-803d-ac55ee99268b,6f743fcd-026c-499c-aab2-bb6fa1d41f3b,pause,2026-01-11 18:12:18.760558+00:00,78408.0,ios,"{'country': 'SA', 'city': 'Riyadh', 'language': 'ar', 'user_type': 'registered', 'is_subscribed': True, 'trial_user': False, 'autoplay': False, 'is_background_play': True}",video,750,78.408,0.1
5838,ac2fabf3-fa2b-428e-803d-ac55ee99268b,871bf7af-ac36-44f5-86a2-fd32939782c7,play,2026-01-11 18:20:18.760569+00:00,,ios,"{'country': 'SA', 'city': 'Riyadh', 'language': 'ar', 'user_type': 'registered', 'is_subscribed': True, 'trial_user': False, 'autoplay': False, 'is_background_play': True}",video,750,,
5839,ac2fabf3-fa2b-428e-803d-ac55ee99268b,4e3964bb-c8a5-4353-a205-20137f6ebf31,finish,2026-01-11 18:07:18.760580+00:00,499991.0,android,"{'country': 'SA', 'city': 'Riyadh', 'language': 'ar', 'user_type': 'registered', 'is_subscribed': True, 'trial_user': False, 'autoplay': False, 'is_background_play': True}",video,750,499.991,0.67
5840,ac2fabf3-fa2b-428e-803d-ac55ee99268b,037b4111-550c-4647-924a-9d41419caa44,finish,2026-01-11 17:57:18.760589+00:00,552294.0,android,"{'country': 'SA', 'city': 'Riyadh', 'language': 'ar', 'user_type': 'registered', 'is_subscribed': True, 'trial_user': False, 'autoplay': False, 'is_background_play': False}",video,750,552.294,0.74
5841,c1dfa9e8-a383-4ac7-81f6-c22dbef8b69c,ebcb405f-2302-4785-90da-92420ccf6583,click,2026-01-11 18:12:18.760599+00:00,,android,"{'country': 'SA', 'city': 'Riyadh', 'language': 'ar', 'user_type': 'registered', 'is_subscribed': True, 'trial_user': False, 'autoplay': False, 'is_background_play': False}",video,1175,,
5842,c1dfa9e8-a383-4ac7-81f6-c22dbef8b69c,101b5ab4-d6c6-48de-b499-e2a1f812b4a3,pause,2026-01-11 18:14:18.760608+00:00,241611.0,web-chrome,"{'country': 'SA', 'city': 'Riyadh', 'language': 'ar', 'user_type': 'registered', 'is_subscribed': True, 'trial_user': False, 'autoplay': False, 'is_background_play': True}",video,1175,241.611,0.21
5843,c1dfa9e8-a383-4ac7-81f6-c22dbef8b69c,9f7ce516-f8fc-43c7-bba7-0a224dc46e0f,play,2026-01-11 18:51:18.760617+00:00,337355.0,ios,"{'country': 'SA', 'city': 'Riyadh', 'language': 'ar', 'user_type': 'registered', 'is_subscribed': True, 'trial_user': False, 'autoplay': False, 'is_background_play': False}",video,1175,337.355,0.29
5844,c1dfa9e8-a383-4ac7-81f6-c22dbef8b69c,74fe8790-7d35-46f1-964f-afc02ffe5e13,finish,2026-01-11 18:49:18.760626+00:00,224784.0,android,"{'country': 'SA', 'city': 'Riyadh', 'language': 'ar', 'user_type': 'registered', 'is_subscribed': True, 'trial_user': False, 'autoplay': False, 'is_background_play': False}",video,1175,224.784,0.19
5845,c1dfa9e8-a383-4ac7-81f6-c22dbef8b69c,53240efb-a17b-4d9a-9e84-2624fc312e5e,click,2026-01-11 18:11:18.760635+00:00,,web-safari,"{'country': 'SA', 'city': 'Riyadh', 'language': 'ar', 'user_type': 'registered', 'is_subscribed': True, 'trial_user': False, 'autoplay': False, 'is_background_play': True}",video,1175,,
5846,c1dfa9e8-a383-4ac7-81f6-c22dbef8b69c,96c1ea42-a295-493c-b94d-59e1c718ef3c,pause,2026-01-11 18:55:18.760644+00:00,513625.0,android,"{'country': 'SA', 'city': 'Riyadh', 'language': 'ar', 'user_type': 'registered', 'is_subscribed': True, 'trial_user': False, 'autoplay': False, 'is_background_play': False}",video,1175,513.625,0.44
5847,c1dfa9e8-a383-4ac7-81f6-c22dbef8b69c,6c49df8a-46e3-4910-abca-7ffe4a92197b,pause,2026-01-11 18:05:18.760654+00:00,679881.0,ios,"{'country': 'SA', 'city': 'Riyadh', 'language': 'ar', 'user_type': 'registered', 'is_subscribed': True, 'trial_user': False, 'autoplay': False, 'is_background_play': False}",video,1175,679.881,0.58
5848,c1dfa9e8-a383-4ac7-81f6-c22dbef8b69c,71b75d41-4759-46fc-ae32-5313c9503248,finish,2026-01-11 18:16:18.760663+00:00,886032.0,android,"{'country': 'SA', 'city': 'Riyadh', 'language': 'ar', 'user_type': 'registered', 'is_subscribed': True, 'trial_user': False, 'autoplay': False, 'is_background_play': False}",video,1175,886.032,0.75
5849,c1dfa9e8-a383-4ac7-81f6-c22dbef8b69c,9491fc38-490b-42b8-b1c0-31b7c4811f81,click,2026-01-11 17:59:18.760672+00:00,,web-chrome,"{'country': 'SA', 'city': 'Riyadh', 'language': 'ar', 'user_type': 'registered', 'is_subscribed': True, 'trial_user': False, 'autoplay': False, 'is_background_play': True}",video,1175,,
5850,c1dfa9e8-a383-4ac7-81f6-c22dbef8b69c,7da412c7-2e94-418a-8199-51aeb958915c,click,2026-01-11 18:53:18.760680+00:00,,web-chrome,"{'country': 'SA', 'city': 'Riyadh', 'language': 'ar', 'user_type': 'registered', 'is_subscribed': True, 'trial_user': False, 'autoplay': False, 'is_background_play': False}",video,1175,,
5851,c1dfa9e8-a383-4ac7-81f6-c22dbef8b69c,86903403-7645-43a7-8c0c-e0048e4a466c,click,2026-01-11 18:18:18.760689+00:00,,ios,"{'country': 'SA', 'city': 'Riyadh', 'language': 'ar', 'user_type': 'registered', 'is_subscribed': True, 'trial_user': False, 'autoplay': False, 'is_background_play': True}",video,1175,,
5852,c1dfa9e8-a383-4ac7-81f6-c22dbef8b69c,4155fd24-4f08-4884-884e-8452236013a1,play,2026-01-11 18:07:18.760704+00:00,762439.0,ios,"{'country': 'SA', 'city': 'Riyadh', 'language': 'ar', 'user_type': 'registered', 'is_subscribed': True, 'trial_user': False, 'autoplay': False, 'is_background_play': False}",video,1175,762.439,0.65
5853,c1dfa9e8-a383-4ac7-81f6-c22dbef8b69c,42dddbf9-4697-4964-9dff-0452abf9ae46,finish,2026-01-11 18:42:18.760715+00:00,380487.0,ios,"{'country': 'SA', 'city': 'Riyadh', 'language': 'ar', 'user_type': 'registered', 'is_subscribed': True, 'trial_user': False, 'autoplay': False, 'is_background_play': False}",video,1175,380.487,0.32
5854,c1dfa9e8-a383-4ac7-81f6-c22dbef8b69c,2f627e3a-b005-46a3-b17c-4f1c5c44ed75,pause,2026-01-11 18:37:18.760724+00:00,304861.0,web-safari,"{'country': 'SA', 'city': 'Riyadh', 'language': 'ar', 'user_type': 'registered', 'is_subscribed': True, 'trial_user': False, 'autoplay': False, 'is_background_play': True}",video,1175,304.861,0.26
5855,c1dfa9e8-a383-4ac7-81f6-c22dbef8b69c,965a7ddf-4b98-4790-8dc6-ca069ab3b5ff,play,2026-01-11 17:58:18.760733+00:00,895577.0,web-chrome,"{'country': 'SA', 'city': 'Riyadh', 'language': 'ar', 'user_type': 'registered', 'is_subscribed': True, 'trial_user': False, 'autoplay': False, 'is_background_play': False}",video,1175,895.577,0.76
5856,c1dfa9e8-a383-4ac7-81f6-c22dbef8b69c,0b042add-3ace-4022-af8f-2507499a409a,pause,2026-01-11 18:18:18.760742+00:00,606325.0,android,"{'country': 'SA', 'city': 'Riyadh', 'language': 'ar', 'user_type': 'registered', 'is_subscribed': True, 'trial_user': False, 'autoplay': False, 'is_background_play': True}",video,1175,606.325,0.52
5857,c1dfa9e8-a383-4ac7-81f6-c22dbef8b69c,ccbbabec-ff2f-4635-9a19-00929bc6c90b,pause,2026-01-11 18:07:18.760752+00:00,327261.0,ios,"{'country': 'SA', 'city': 'Riyadh', 'language': 'ar', 'user_type': 'registered', 'is_subscribed': True, 'trial_user': False, 'autoplay': False, 'is_background_play': False}",video,1175,327.261,0.28
5858,c1dfa9e8-a383-4ac7-81f6-c22dbef8b69c,582829f6-cbb8-48b8-b837-df510be5e789,click,2026-01-11 18:46:18.760761+00:00,,android,"{'country': 'SA', 'city': 'Riyadh', 'language': 'ar', 'user_type': 'registered', 'is_subscribed': True, 'trial_user': False, 'autoplay': False, 'is_background_play': True}",video,1175,,
5859,c1dfa9e8-a383-4ac7-81f6-c22dbef8b69c,bd83f2a8-9b07-430d-8d40-3c9119b57ddb,pause,2026-01-11 18:31:18.760769+00:00,1137068.0,android,"{'country': 'SA', 'city': 'Riyadh', 'language': 'ar', 'user_type': 'registered', 'is_subscribed': True, 'trial_user': False, 'autoplay': False, 'is_background_play': False}",video,1175,1137.068,0.97
5860,c1dfa9e8-a383-4ac7-81f6-c22dbef8b69c,4088b9df-bf3e-44ac-806a-380c1bf0664a,finish,2026-01-11 18:31:18.760779+00:00,603663.0,android,"{'country': 'SA', 'city': 'Riyadh', 'language': 'ar', 'user_type': 'registered', 'is_subscribed': True, 'trial_user': False, 'autoplay': False, 'is_background_play': True}",video,1175,603.663,0.51
5861,c1dfa9e8-a383-4ac7-81f6-c22dbef8b69c,c4558586-c9e1-4d5d-a74e-012c03eb640e,click,2026-01-11 18:09:18.760788+00:00,,web-safari,"{'country': 'SA', 'city': 'Riyadh', 'language': 'ar', 'user_type': 'registered', 'is_subscribed': True, 'trial_user': False, 'autoplay': False, 'is_background_play': True}",video,1175,,
5862,c1dfa9e8-a383-4ac7-81f6-c22dbef8b69c,7b380667-dba8-44dc-8817-5cb9df62eead,play,2026-01-11 18:00:18.760797+00:00,33920.0,ios,"{'country': 'SA', 'city': 'Riyadh', 'language': 'ar', 'user_type': 'registered', 'is_subscribed': True, 'trial_user': False, 'autoplay': False, 'is_background_play': True}",video,1175,33.92,0.03
5863,c1dfa9e8-a383-4ac7-81f6-c22dbef8b69c,1bdc91a7-dc1c-4d2a-adea-ac53653717d5,finish,2026-01-11 18:06:18.760806+00:00,400528.0,web-chrome,"{'country': 'SA', 'city': 'Riyadh', 'language': 'ar', 'user_type': 'registered', 'is_subscribed': True, 'trial_user': False, 'autoplay': False, 'is_background_play': True}",video,1175,400.528,0.34
5864,c1dfa9e8-a383-4ac7-81f6-c22dbef8b69c,71c332a9-704c-472f-b3d3-26cf8102cf75,play,2026-01-11 18:42:18.760815+00:00,900810.0,ios,"{'country': 'SA', 'city': 'Riyadh', 'language': 'ar', 'user_type': 'registered', 'is_subscribed': True, 'trial_user': False, 'autoplay': False, 'is_background_play': True}",video,1175,900.81,0.77
5865,c1dfa9e8-a383-4ac7-81f6-c22dbef8b69c,14d475fa-aa8e-4bde-805d-76254fe84da1,play,2026-01-11 18:49:18.760824+00:00,167358.0,ios,"{'country': 'SA', 'city': 'Riyadh', 'language': 'ar', 'user_type': 'registered', 'is_subscribed': True, 'trial_user': False, 'autoplay': False, 'is_background_play': True}",video,1175,167.358,0.14
5866,c1dfa9e8-a383-4ac7-81f6-c22dbef8b69c,2b2fd554-a903-4f14-bd81-4a845b7d1211,click,2026-01-11 18:40:18.760832+00:00,,ios,"{'country': 'SA', 'city': 'Riyadh', 'language': 'ar', 'user_type': 'registered', 'is_subscribed': True, 'trial_user': False, 'autoplay': False, 'is_background_play': True}",video,1175,,
5867,c1dfa9e8-a383-4ac7-81f6-c22dbef8b69c,1210fc0b-8ddf-47ea-9a75-f535ba68bbd4,pause,2026-01-11 18:28:18.760841+00:00,317170.0,web-safari,"{'country': 'SA', 'city': 'Riyadh', 'language': 'ar', 'user_type': 'registered', 'is_subscribed': True, 'trial_user': False, 'autoplay': False, 'is_background_play': False}",video,1175,317.17,0.27
5868,c1dfa9e8-a383-4ac7-81f6-c22dbef8b69c,059b2300-ca87-423b-8d8a-b8498820a858,pause,2026-01-11 17:55:18.760850+00:00,65657.0,web-chrome,"{'country': 'SA', 'city': 'Riyadh', 'language': 'ar', 'user_type': 'registered', 'is_subscribed': True, 'trial_user': False, 'autoplay': False, 'is_background_play': True}",video,1175,65.657,0.06
5869,c1dfa9e8-a383-4ac7-81f6-c22dbef8b69c,8d85915d-2004-4786-b1fd-a1a8b2333d7a,finish,2026-01-11 18:33:18.760859+00:00,471894.0,web-chrome,"{'country': 'SA', 'city': 'Riyadh', 'language': 'ar', 'user_type': 'registered', 'is_subscribed': True, 'trial_user': False, 'autoplay': False, 'is_background_play': False}",video,1175,471.894,0.4
5870,c1dfa9e8-a383-4ac7-81f6-c22dbef8b69c,00537579-bdbe-412a-ad63-0b7e38a58c0a,finish,2026-01-11 18:26:18.760868+00:00,857347.0,android,"{'country': 'SA', 'city': 'Riyadh', 'language': 'ar', 'user_type': 'registered', 'is_subscribed': True, 'trial_user': False, 'autoplay': False, 'is_background_play': False}",video,1175,857.347,0.73
5871,c1dfa9e8-a383-4ac7-81f6-c22dbef8b69c,8108d1bd-89bb-4adb-b3d7-a29623aa0ba9,click,2026-01-11 18:08:18.760877+00:00,,android,"{'country': 'SA', 'city': 'Riyadh', 'language': 'ar', 'user_type': 'registered', 'is_subscribed': True, 'trial_user': False, 'autoplay': False, 'is_background_play': True}",video,1175,,
5872,c1dfa9e8-a383-4ac7-81f6-c22dbef8b69c,eb9c829d-e72b-456d-aff6-67a97bead5b8,play,2026-01-11 18:09:18.760886+00:00,178128.0,android,"{'country': 'SA', 'city': 'Riyadh', 'language': 'ar', 'user_type': 'registered', 'is_subscribed': True, 'trial_user': False, 'autoplay': False, 'is_background_play': False}",video,1175,178.128,0.15
5873,c1dfa9e8-a383-4ac7-81f6-c22dbef8b69c,781d1e20-c698-4299-af03-36081f4ba0b7,pause,2026-01-11 17:58:18.760895+00:00,905921.0,web-safari,"{'country': 'SA', 'city': 'Riyadh', 'language': 'ar', 'user_type': 'registered', 'is_subscribed': True, 'trial_user': False, 'autoplay': False, 'is_background_play': True}",video,1175,905.921,0.77
5874,c1dfa9e8-a383-4ac7-81f6-c22dbef8b69c,0333cd94-7715-4e24-aead-445b50ca9691,click,2026-01-11 18:34:18.760904+00:00,,ios,"{'country': 'SA', 'city': 'Riyadh', 'language': 'ar', 'user_type': 'registered', 'is_subscribed': True, 'trial_user': False, 'autoplay': False, 'is_background_play': True}",video,1175,,
5875,c1dfa9e8-a383-4ac7-81f6-c22dbef8b69c,daeab9a1-4a93-4bc7-94cd-715c9a584c69,pause,2026-01-11 18:39:18.760912+00:00,797141.0,web-safari,"{'country': 'SA', 'city': 'Riyadh', 'language': 'ar', 'user_type': 'registered', 'is_subscribed': True, 'trial_user': False, 'autoplay': False, 'is_background_play': True}",video,1175,797.141,0.68
5876,c1dfa9e8-a383-4ac7-81f6-c22dbef8b69c,89a247b6-61ff-43f0-9fcb-1385748dc9ac,pause,2026-01-11 18:11:18.760921+00:00,668289.0,web-safari,"{'country': 'SA', 'city': 'Riyadh', 'language': 'ar', 'user_type': 'registered', 'is_subscribed': True, 'trial_user': False, 'autoplay': False, 'is_background_play': True}",video,1175,668.289,0.57
5877,c1dfa9e8-a383-4ac7-81f6-c22dbef8b69c,67faa061-e62f-40a6-93f5-25e598fe505a,click,2026-01-11 18:07:18.760937+00:00,,web-chrome,"{'country': 'SA', 'city': 'Riyadh', 'language': 'ar', 'user_type': 'registered', 'is_subscribed': True, 'trial_user': False, 'autoplay': False, 'is_background_play': False}",video,1175,,
5878,c1dfa9e8-a383-4ac7-81f6-c22dbef8b69c,4e80aea2-f59f-4a88-b9fb-206c2b6e33c9,click,2026-01-11 18:23:18.760946+00:00,,android,"{'country': 'SA', 'city': 'Riyadh', 'language': 'ar', 'user_type': 'registered', 'is_subscribed': True, 'trial_user': False, 'autoplay': False, 'is_background_play': False}",video,1175,,
5879,c1dfa9e8-a383-4ac7-81f6-c22dbef8b69c,28770691-f8fa-4ffe-a681-cdb1bbecc77a,pause,2026-01-11 17:56:18.760955+00:00,805889.0,android,"{'country': 'SA', 'city': 'Riyadh', 'language': 'ar', 'user_type': 'registered', 'is_subscribed': True, 'trial_user': False, 'autoplay': False, 'is_background_play': True}",video,1175,805.889,0.69
5880,c1dfa9e8-a383-4ac7-81f6-c22dbef8b69c,0b698abc-ad4c-4267-971a-055d9bca60ed,play,2026-01-11 18:51:18.760964+00:00,174214.0,web-chrome,"{'country': 'SA', 'city': 'Riyadh', 'language': 'ar', 'user_type': 'registered', 'is_subscribed': True, 'trial_user': False, 'autoplay': False, 'is_background_play': False}",video,1175,174.214,0.15
5881,b5837858-50e2-4c61-a2f2-9093c021a7c0,548c0775-ad70-488f-bb26-a5106a2b8160,finish,2026-01-11 18:22:18.760973+00:00,115725.0,web-safari,"{'country': 'SA', 'city': 'Riyadh', 'language': 'ar', 'user_type': 'registered', 'is_subscribed': True, 'trial_user': False, 'autoplay': False, 'is_background_play': True}",video,864,115.725,0.13
5882,b5837858-50e2-4c61-a2f2-9093c021a7c0,f12382d3-0446-4b78-9f48-742b05dfc77e,pause,2026-01-11 18:16:18.760982+00:00,,web-safari,"{'country': 'SA', 'city': 'Riyadh', 'language': 'ar', 'user_type': 'registered', 'is_subscribed': True, 'trial_user': False, 'autoplay': False, 'is_background_play': False}",video,864,,
5883,b5837858-50e2-4c61-a2f2-9093c021a7c0,4e50145f-cda8-4949-b9b8-ece3a35e1056,click,2026-01-11 18:11:18.760991+00:00,,ios,"{'country': 'SA', 'city': 'Riyadh', 'language': 'ar', 'user_type': 'registered', 'is_subscribed': True, 'trial_user': False, 'autoplay': False, 'is_background_play': False}",video,864,,
5884,b5837858-50e2-4c61-a2f2-9093c021a7c0,08e75177-a1b0-49f8-b9a5-f5e973271866,click,2026-01-11 18:16:18.761000+00:00,,web-safari,"{'country': 'SA', 'city': 'Riyadh', 'language': 'ar', 'user_type': 'registered', 'is_subscribed': True, 'trial_user': False, 'autoplay': False, 'is_background_play': True}",video,864,,
5885,b5837858-50e2-4c61-a2f2-9093c021a7c0,667dd1be-04a4-45f7-815f-b60a5b2237e9,play,2026-01-11 18:03:18.761008+00:00,163645.0,ios,"{'country': 'SA', 'city': 'Riyadh', 'language': 'ar', 'user_type': 'registered', 'is_subscribed': True, 'trial_user': False, 'autoplay': False, 'is_background_play': True}",video,864,163.645,0.19
5886,b5837858-50e2-4c61-a2f2-9093c021a7c0,166a49ff-546b-45aa-8c3c-08808f022bf6,finish,2026-01-11 18:13:18.761017+00:00,83861.0,web-chrome,"{'country': 'SA', 'city': 'Riyadh', 'language': 'ar', 'user_type': 'registered', 'is_subscribed': True, 'trial_user': False, 'autoplay': False, 'is_background_play': True}",video,864,83.861,0.1
5887,b5837858-50e2-4c61-a2f2-9093c021a7c0,22f2e671-7034-4598-a741-223eb82d9ed1,pause,2026-01-11 18:40:18.761027+00:00,515800.0,android,"{'country': 'SA', 'city': 'Riyadh', 'language': 'ar', 'user_type': 'registered', 'is_subscribed': True, 'trial_user': False, 'autoplay': False, 'is_background_play': True}",video,864,515.8,0.6
5888,b5837858-50e2-4c61-a2f2-9093c021a7c0,4241d5bb-e3c1-43d1-84f5-d2131095b178,play,2026-01-11 17:57:18.761036+00:00,793157.0,android,"{'country': 'SA', 'city': 'Riyadh', 'language': 'ar', 'user_type': 'registered', 'is_subscribed': True, 'trial_user': False, 'autoplay': False, 'is_background_play': True}",video,864,793.157,0.92
5889,b5837858-50e2-4c61-a2f2-9093c021a7c0,e1897a36-0c36-4832-8466-e9a6c2ed53cc,pause,2026-01-11 18:23:18.761045+00:00,,android,"{'country': 'SA', 'city': 'Riyadh', 'language': 'ar', 'user_type': 'registered', 'is_subscribed': True, 'trial_user': False, 'autoplay': False, 'is_background_play': True}",video,864,,
5890,b5837858-50e2-4c61-a2f2-9093c021a7c0,5bc66f10-479b-489f-8249-23f55ea65deb,click,2026-01-11 18:38:18.761053+00:00,,android,"{'country': 'SA', 'city': 'Riyadh', 'language': 'ar', 'user_type': 'registered', 'is_subscribed': True, 'trial_user': False, 'autoplay': False, 'is_background_play': False}",video,864,,
5891,b5837858-50e2-4c61-a2f2-9093c021a7c0,285c8566-727a-40b9-b6dd-cf3e822582f0,finish,2026-01-11 18:10:18.761062+00:00,310795.0,web-chrome,"{'country': 'SA', 'city': 'Riyadh', 'language': 'ar', 'user_type': 'registered', 'is_subscribed': True, 'trial_user': False, 'autoplay': False, 'is_background_play': True}",video,864,310.795,0.36
5892,b5837858-50e2-4c61-a2f2-9093c021a7c0,6aa3e848-2afe-4db7-bddd-3b18f39cf028,play,2026-01-11 18:26:18.761071+00:00,264995.0,ios,"{'country': 'SA', 'city': 'Riyadh', 'language': 'ar', 'user_type': 'registered', 'is_subscribed': True, 'trial_user': False, 'autoplay': False, 'is_background_play': False}",video,864,264.995,0.31
5893,b5837858-50e2-4c61-a2f2-9093c021a7c0,599ba458-805a-41ce-bf3b-7a01eb588f6b,pause,2026-01-11 18:21:18.761080+00:00,860460.0,web-chrome,"{'country': 'SA', 'city': 'Riyadh', 'language': 'ar', 'user_type': 'registered', 'is_subscribed': True, 'trial_user': False, 'autoplay': False, 'is_background_play': False}",video,864,860.46,1.0
5894,b5837858-50e2-4c61-a2f2-9093c021a7c0,2cced9db-81fd-45ae-b8f0-0f5c93dda2da,click,2026-01-11 18:17:18.761089+00:00,,web-safari,"{'country': 'SA', 'city': 'Riyadh', 'language': 'ar', 'user_type': 'registered', 'is_subscribed': True, 'trial_user': False, 'autoplay': False, 'is_background_play': False}",video,864,,
5895,b5837858-50e2-4c61-a2f2-9093c021a7c0,8c0bcc8c-f0fc-4365-94ee-6b35b883e6f7,click,2026-01-11 18:24:18.761098+00:00,,web-chrome,"{'country': 'SA', 'city': 'Riyadh', 'language': 'ar', 'user_type': 'registered', 'is_subscribed': True, 'trial_user': False, 'autoplay': False, 'is_background_play': False}",video,864,,
5896,b5837858-50e2-4c61-a2f2-9093c021a7c0,b3356a28-79d5-4807-aec9-0ace22927bf0,play,2026-01-11 18:11:18.761106+00:00,424107.0,android,"{'country': 'SA', 'city': 'Riyadh', 'language': 'ar', 'user_type': 'registered', 'is_subscribed': True, 'trial_user': False, 'autoplay': False, 'is_background_play': False}",video,864,424.107,0.49
5897,b5837858-50e2-4c61-a2f2-9093c021a7c0,fcb895f1-473d-4505-bbef-200b5c93b0f8,play,2026-01-11 18:42:18.761115+00:00,770179.0,android,"{'country': 'SA', 'city': 'Riyadh', 'language': 'ar', 'user_type': 'registered', 'is_subscribed': True, 'trial_user': False, 'autoplay': False, 'is_background_play': False}",video,864,770.179,0.89
5898,b5837858-50e2-4c61-a2f2-9093c021a7c0,6a69a1d2-df15-4075-86f3-c1bae430d975,pause,2026-01-11 18:41:18.761124+00:00,121084.0,ios,"{'country': 'SA', 'city': 'Riyadh', 'language': 'ar', 'user_type': 'registered', 'is_subscribed': True, 'trial_user': False, 'autoplay': False, 'is_background_play': True}",video,864,121.084,0.14
5899,b5837858-50e2-4c61-a2f2-9093c021a7c0,6453906a-843b-47d1-8e11-2cb7f370128f,play,2026-01-11 18:36:18.761133+00:00,161328.0,ios,"{'country': 'SA', 'city': 'Riyadh', 'language': 'ar', 'user_type': 'registered', 'is_subscribed': True, 'trial_user': False, 'autoplay': False, 'is_background_play': False}",video,864,161.328,0.19
5900,b5837858-50e2-4c61-a2f2-9093c021a7c0,8ab03510-c271-47c2-be0e-fb1540b29b56,pause,2026-01-11 18:02:18.761142+00:00,580322.0,android,"{'country': 'SA', 'city': 'Riyadh', 'language': 'ar', 'user_type': 'registered', 'is_subscribed': True, 'trial_user': False, 'autoplay': False, 'is_background_play': False}",video,864,580.322,0.67
5901,b5837858-50e2-4c61-a2f2-9093c021a7c0,a1ac8424-c94f-479d-8627-86d6326a6974,finish,2026-01-11 18:16:18.761151+00:00,520677.0,web-chrome,"{'country': 'SA', 'city': 'Riyadh', 'language': 'ar', 'user_type': 'registered', 'is_subscribed': True, 'trial_user': False, 'autoplay': False, 'is_background_play': False}",video,864,520.677,0.6
5902,b5837858-50e2-4c61-a2f2-9093c021a7c0,1c5ab37a-0088-4f51-82ca-acdce8043cdf,pause,2026-01-11 18:10:18.761165+00:00,725312.0,ios,"{'country': 'SA', 'city': 'Riyadh', 'language': 'ar', 'user_type': 'registered', 'is_subscribed': True, 'trial_user': False, 'autoplay': False, 'is_background_play': True}",video,864,725.312,0.84
5903,b5837858-50e2-4c61-a2f2-9093c021a7c0,bf5f3d5d-a4aa-4f6e-9d9c-fc385eb6c378,finish,2026-01-11 18:28:18.761175+00:00,486249.0,ios,"{'country': 'SA', 'city': 'Riyadh', 'language': 'ar', 'user_type': 'registered', 'is_subscribed': True, 'trial_user': False, 'autoplay': False, 'is_background_play': True}",video,864,486.249,0.56
5904,b5837858-50e2-4c61-a2f2-9093c021a7c0,1db020bc-9245-4d54-9354-89842f2d775c,click,2026-01-11 18:31:18.761184+00:00,,web-safari,"{'country': 'SA', 'city': 'Riyadh', 'language': 'ar', 'user_type': 'registered', 'is_subscribed': True, 'trial_user': False, 'autoplay': False, 'is_background_play': False}",video,864,,
5905,b5837858-50e2-4c61-a2f2-9093c021a7c0,bdbb1153-65c4-4b03-8175-efe140ad2748,play,2026-01-11 18:10:18.761192+00:00,25576.0,web-safari,"{'country': 'SA', 'city': 'Riyadh', 'language': 'ar', 'user_type': 'registered', 'is_subscribed': True, 'trial_user': False, 'autoplay': False, 'is_background_play': False}",video,864,25.576,0.03
5906,b5837858-50e2-4c61-a2f2-9093c021a7c0,02d65876-5774-4d3c-8561-c1355556bf96,click,2026-01-11 18:30:18.761202+00:00,,web-safari,"{'country': 'SA', 'city': 'Riyadh', 'language': 'ar', 'user_type': 'registered', 'is_subscribed': True, 'trial_user': False, 'autoplay': False, 'is_background_play': True}",video,864,,
5907,b5837858-50e2-4c61-a2f2-9093c021a7c0,b76203e0-e0ec-4cb0-9424-e7b0beddffb4,pause,2026-01-11 18:36:18.761210+00:00,756746.0,android,"{'country': 'SA', 'city': 'Riyadh', 'language': 'ar', 'user_type': 'registered', 'is_subscribed': True, 'trial_user': False, 'autoplay': False, 'is_background_play': False}",video,864,756.746,0.88
5908,b5837858-50e2-4c61-a2f2-9093c021a7c0,b1314533-79e4-44c1-8596-68696f6398bb,click,2026-01-11 18:48:18.761219+00:00,,android,"{'country': 'SA', 'city': 'Riyadh', 'language': 'ar', 'user_type': 'registered', 'is_subscribed': True, 'trial_user': False, 'autoplay': False, 'is_background_play': False}",video,864,,
5909,b5837858-50e2-4c61-a2f2-9093c021a7c0,05c70b40-05d4-4247-96ba-5836431c708c,finish,2026-01-11 18:23:18.761228+00:00,694263.0,ios,"{'country': 'SA', 'city': 'Riyadh', 'language': 'ar', 'user_type': 'registered', 'is_subscribed': True, 'trial_user': False, 'autoplay': False, 'is_background_play': True}",video,864,694.263,0.8
5910,b5837858-50e2-4c61-a2f2-9093c021a7c0,fa2b10c6-3fae-42e7-8e93-1fc29050bb29,finish,2026-01-11 18:09:18.761237+00:00,483092.0,android,"{'country': 'SA', 'city': 'Riyadh', 'language': 'ar', 'user_type': 'registered', 'is_subscribed': True, 'trial_user': False, 'autoplay': False, 'is_background_play': True}",video,864,483.092,0.56
5911,b5837858-50e2-4c61-a2f2-9093c021a7c0,e8d8c243-c53f-4b84-a9a2-85c6fde68490,play,2026-01-11 18:52:18.761246+00:00,192622.0,android,"{'country': 'SA', 'city': 'Riyadh', 'language': 'ar', 'user_type': 'registered', 'is_subscribed': True, 'trial_user': False, 'autoplay': False, 'is_background_play': False}",video,864,192.622,0.22
5912,b5837858-50e2-4c61-a2f2-9093c021a7c0,f4040a8b-bcbf-43cf-9515-e9f5c310214e,pause,2026-01-11 18:20:18.761255+00:00,594840.0,web-safari,"{'country': 'SA', 'city': 'Riyadh', 'language': 'ar', 'user_type': 'registered', 'is_subscribed': True, 'trial_user': False, 'autoplay': False, 'is_background_play': False}",video,864,594.84,0.69
5913,b5837858-50e2-4c61-a2f2-9093c021a7c0,4ad47293-588d-44c0-95d2-3aa5ffbbf380,pause,2026-01-11 18:55:18.761265+00:00,183420.0,web-chrome,"{'country': 'SA', 'city': 'Riyadh', 'language': 'ar', 'user_type': 'registered', 'is_subscribed': True, 'trial_user': False, 'autoplay': False, 'is_background_play': True}",video,864,183.42,0.21
5914,b5837858-50e2-4c61-a2f2-9093c021a7c0,321d7e1a-3829-4c6d-b5fa-e40fb3905f8d,pause,2026-01-11 17:56:18.761274+00:00,679391.0,android,"{'country': 'SA', 'city': 'Riyadh', 'language': 'ar', 'user_type': 'registered', 'is_subscribed': True, 'trial_user': False, 'autoplay': False, 'is_background_play': True}",video,864,679.391,0.79
5915,b5837858-50e2-4c61-a2f2-9093c021a7c0,2068ea55-1c0d-4d33-a3af-45ea2182e8c0,finish,2026-01-11 18:35:18.761283+00:00,,web-chrome,"{'country': 'SA', 'city': 'Riyadh', 'language': 'ar', 'user_type': 'registered', 'is_subscribed': True, 'trial_user': False, 'autoplay': False, 'is_background_play': False}",video,864,,
5916,b5837858-50e2-4c61-a2f2-9093c021a7c0,c5b0859a-d2de-4bc2-b9c9-f77fe7e67ea9,pause,2026-01-11 18:40:18.761291+00:00,406794.0,web-chrome,"{'country': 'SA', 'city': 'Riyadh', 'language': 'ar', 'user_type': 'registered', 'is_subscribed': True, 'trial_user': False, 'autoplay': False, 'is_background_play': True}",video,864,406.794,0.47
5917,b5837858-50e2-4c61-a2f2-9093c021a7c0,174ae428-0eb8-42d1-a4e5-a566c6cccfc4,click,2026-01-11 18:46:18.761300+00:00,,web-safari,"{'country': 'SA', 'city': 'Riyadh', 'language': 'ar', 'user_type': 'registered', 'is_subscribed': True, 'trial_user': False, 'autoplay': False, 'is_background_play': True}",video,864,,
5918,b5837858-50e2-4c61-a2f2-9093c021a7c0,bbe84940-1cf5-4174-ae36-e8d50a0aaab0,pause,2026-01-11 18:06:18.761309+00:00,402912.0,web-safari,"{'country': 'SA', 'city': 'Riyadh', 'language': 'ar', 'user_type': 'registered', 'is_subscribed': True, 'trial_user': False, 'autoplay': False, 'is_background_play': True}",video,864,402.912,0.47
5919,b5837858-50e2-4c61-a2f2-9093c021a7c0,279a419b-62bc-471c-a8f0-aaebd4a2e9e6,play,2026-01-11 18:22:18.761319+00:00,261960.0,web-safari,"{'country': 'SA', 'city': 'Riyadh', 'language': 'ar', 'user_type': 'registered', 'is_subscribed': True, 'trial_user': False, 'autoplay': False, 'is_background_play': True}",video,864,261.96,0.3
5920,b5837858-50e2-4c61-a2f2-9093c021a7c0,02bc89ee-23ae-4914-b7b9-d34693ba7d64,play,2026-01-11 18:35:18.761328+00:00,,web-safari,"{'country': 'SA', 'city': 'Riyadh', 'language': 'ar', 'user_type': 'registered', 'is_subscribed': True, 'trial_user': False, 'autoplay': False, 'is_background_play': False}",video,864,,
5921,a71c8b30-e82f-4a95-ad07-b90383e79a9d,32d8f2f2-a520-496d-90ee-bac898827a97,play,2026-01-11 18:00:18.761337+00:00,900371.0,web-safari,"{'country': 'SA', 'city': 'Riyadh', 'language': 'ar', 'user_type': 'registered', 'is_subscribed': True, 'trial_user': False, 'autoplay': False, 'is_background_play': False}",video,951,900.371,0.95
5922,a71c8b30-e82f-4a95-ad07-b90383e79a9d,9f0c867f-dc93-4465-babe-5fc735105f7b,finish,2026-01-11 18:00:18.761345+00:00,935863.0,web-chrome,"{'country': 'SA', 'city': 'Riyadh', 'language': 'ar', 'user_type': 'registered', 'is_subscribed': True, 'trial_user': False, 'autoplay': False, 'is_background_play': True}",video,951,935.863,0.98
5923,a71c8b30-e82f-4a95-ad07-b90383e79a9d,4e78748f-1207-41da-be85-d2dab43db94b,play,2026-01-11 18:01:18.761355+00:00,242591.0,ios,"{'country': 'SA', 'city': 'Riyadh', 'language': 'ar', 'user_type': 'registered', 'is_subscribed': True, 'trial_user': False, 'autoplay': False, 'is_background_play': False}",video,951,242.591,0.26
5924,a71c8b30-e82f-4a95-ad07-b90383e79a9d,b91afdd8-acc8-436a-b851-06fb3afad924,click,2026-01-11 18:08:18.761364+00:00,,web-chrome,"{'country': 'SA', 'city': 'Riyadh', 'language': 'ar', 'user_type': 'registered', 'is_subscribed': True, 'trial_user': False, 'autoplay': False, 'is_background_play': False}",video,951,,
5925,a71c8b30-e82f-4a95-ad07-b90383e79a9d,7db50bf8-48ef-4262-a98e-e2b270d63698,click,2026-01-11 18:54:18.761373+00:00,,android,"{'country': 'SA', 'city': 'Riyadh', 'language': 'ar', 'user_type': 'registered', 'is_subscribed': True, 'trial_user': False, 'autoplay': False, 'is_background_play': False}",video,951,,
5926,a71c8b30-e82f-4a95-ad07-b90383e79a9d,64ecf366-4fff-4b4b-b271-2b93b47e7d1f,click,2026-01-11 18:14:18.761381+00:00,,ios,"{'country': 'SA', 'city': 'Riyadh', 'language': 'ar', 'user_type': 'registered', 'is_subscribed': True, 'trial_user': False, 'autoplay': False, 'is_background_play': True}",video,951,,
5927,a71c8b30-e82f-4a95-ad07-b90383e79a9d,79637927-419a-4343-9a47-8f31952f430d,finish,2026-01-11 18:29:18.761396+00:00,567889.0,web-safari,"{'country': 'SA', 'city': 'Riyadh', 'language': 'ar', 'user_type': 'registered', 'is_subscribed': True, 'trial_user': False, 'autoplay': False, 'is_background_play': True}",video,951,567.889,0.6
5928,a71c8b30-e82f-4a95-ad07-b90383e79a9d,a0fac6b1-92de-4723-a3bf-04b2eeaccdc8,pause,2026-01-11 18:38:18.761406+00:00,729964.0,android,"{'country': 'SA', 'city': 'Riyadh', 'language': 'ar', 'user_type': 'registered', 'is_subscribed': True, 'trial_user': False, 'autoplay': False, 'is_background_play': True}",video,951,729.964,0.77
5929,a71c8b30-e82f-4a95-ad07-b90383e79a9d,2d0525aa-e300-40b8-b7fe-6d276499bbad,finish,2026-01-11 18:19:18.761415+00:00,355352.0,web-safari,"{'country': 'SA', 'city': 'Riyadh', 'language': 'ar', 'user_type': 'registered', 'is_subscribed': True, 'trial_user': False, 'autoplay': False, 'is_background_play': True}",video,951,355.352,0.37
5930,a71c8b30-e82f-4a95-ad07-b90383e79a9d,0d008299-2d54-47d4-b38d-822ce3d8447b,click,2026-01-11 18:41:18.761424+00:00,,android,"{'country': 'SA', 'city': 'Riyadh', 'language': 'ar', 'user_type': 'registered', 'is_subscribed': True, 'trial_user': False, 'autoplay': False, 'is_background_play': False}",video,951,,
5931,a71c8b30-e82f-4a95-ad07-b90383e79a9d,860d4e4d-e84b-4e52-93f9-f54d9bd49fe9,click,2026-01-11 18:38:18.761432+00:00,,ios,"{'country': 'SA', 'city': 'Riyadh', 'language': 'ar', 'user_type': 'registered', 'is_subscribed': True, 'trial_user': False, 'autoplay': False, 'is_background_play': True}",video,951,,
5932,a71c8b30-e82f-4a95-ad07-b90383e79a9d,3d30cc27-602d-4f99-b471-de48727bf8c2,finish,2026-01-11 18:35:18.761441+00:00,599619.0,web-safari,"{'country': 'SA', 'city': 'Riyadh', 'language': 'ar', 'user_type': 'registered', 'is_subscribed': True, 'trial_user': False, 'autoplay': False, 'is_background_play': False}",video,951,599.619,0.63
5933,a71c8b30-e82f-4a95-ad07-b90383e79a9d,23f8a027-ddd8-4a6f-991d-d3e00619fd32,click,2026-01-11 18:47:18.761450+00:00,,web-chrome,"{'country': 'SA', 'city': 'Riyadh', 'language': 'ar', 'user_type': 'registered', 'is_subscribed': True, 'trial_user': False, 'autoplay': False, 'is_background_play': False}",video,951,,
5934,a71c8b30-e82f-4a95-ad07-b90383e79a9d,08378c62-b5fb-4068-a754-f9888ed84533,play,2026-01-11 17:59:18.761458+00:00,937533.0,web-safari,"{'country': 'SA', 'city': 'Riyadh', 'language': 'ar', 'user_type': 'registered', 'is_subscribed': True, 'trial_user': False, 'autoplay': False, 'is_background_play': True}",video,951,937.533,0.99
5935,a71c8b30-e82f-4a95-ad07-b90383e79a9d,63c61051-3ef3-4935-a039-b12f37ca8dee,click,2026-01-11 18:27:18.761468+00:00,,android,"{'country': 'SA', 'city': 'Riyadh', 'language': 'ar', 'user_type': 'registered', 'is_subscribed': True, 'trial_user': False, 'autoplay': False, 'is_background_play': True}",video,951,,
5936,a71c8b30-e82f-4a95-ad07-b90383e79a9d,aa7ab218-6ff3-4bf4-8d31-544d43978408,click,2026-01-11 18:22:18.761476+00:00,,android,"{'country': 'SA', 'city': 'Riyadh', 'language': 'ar', 'user_type': 'registered', 'is_subscribed': True, 'trial_user': False, 'autoplay': False, 'is_background_play': False}",video,951,,
5937,a71c8b30-e82f-4a95-ad07-b90383e79a9d,d98a2a1a-c29c-4747-9418-58e9d0c59372,pause,2026-01-11 18:05:18.761484+00:00,625616.0,ios,"{'country': 'SA', 'city': 'Riyadh', 'language': 'ar', 'user_type': 'registered', 'is_subscribed': True, 'trial_user': False, 'autoplay': False, 'is_background_play': False}",video,951,625.616,0.66
5938,a71c8b30-e82f-4a95-ad07-b90383e79a9d,10155481-e266-414f-9a8b-28afb575aad9,play,2026-01-11 18:04:18.761493+00:00,243221.0,web-chrome,"{'country': 'SA', 'city': 'Riyadh', 'language': 'ar', 'user_type': 'registered', 'is_subscribed': True, 'trial_user': False, 'autoplay': False, 'is_background_play': True}",video,951,243.221,0.26
5939,a71c8b30-e82f-4a95-ad07-b90383e79a9d,a028f82e-232b-4f38-abb5-d8241a644fa1,click,2026-01-11 18:02:18.761502+00:00,,web-chrome,"{'country': 'SA', 'city': 'Riyadh', 'language': 'ar', 'user_type': 'registered', 'is_subscribed': True, 'trial_user': False, 'autoplay': False, 'is_background_play': False}",video,951,,
5940,a71c8b30-e82f-4a95-ad07-b90383e79a9d,46e4f257-cccb-43c6-98af-972f80412a14,click,2026-01-11 18:00:18.761511+00:00,,web-chrome,"{'country': 'SA', 'city': 'Riyadh', 'language': 'ar', 'user_type': 'registered', 'is_subscribed': True, 'trial_user': False, 'autoplay': False, 'is_background_play': True}",video,951,,
5941,a71c8b30-e82f-4a95-ad07-b90383e79a9d,6bb82913-d6fa-4c80-a72c-bdcfecdc4e96,play,2026-01-11 18:12:18.761519+00:00,142135.0,web-chrome,"{'country': 'SA', 'city': 'Riyadh', 'language': 'ar', 'user_type': 'registered', 'is_subscribed': True, 'trial_user': False, 'autoplay': False, 'is_background_play': False}",video,951,142.135,0.15
5942,a71c8b30-e82f-4a95-ad07-b90383e79a9d,5492153b-e35b-4143-9acb-3c518193d9e3,play,2026-01-11 17:56:18.761529+00:00,226312.0,web-safari,"{'country': 'SA', 'city': 'Riyadh', 'language': 'ar', 'user_type': 'registered', 'is_subscribed': True, 'trial_user': False, 'autoplay': False, 'is_background_play': False}",video,951,226.312,0.24
5943,a71c8b30-e82f-4a95-ad07-b90383e79a9d,01345384-7c84-4773-b895-aa69e90eb7cc,click,2026-01-11 18:33:18.761538+00:00,,web-chrome,"{'country': 'SA', 'city': 'Riyadh', 'language': 'ar', 'user_type': 'registered', 'is_subscribed': True, 'trial_user': False, 'autoplay': False, 'is_background_play': True}",video,951,,
5944,a71c8b30-e82f-4a95-ad07-b90383e79a9d,86ac9ef8-fc09-4d43-afaa-0b3fd4ee56ed,finish,2026-01-11 18:36:18.761546+00:00,560981.0,web-chrome,"{'country': 'SA', 'city': 'Riyadh', 'language': 'ar', 'user_type': 'registered', 'is_subscribed': True, 'trial_user': False, 'autoplay': False, 'is_background_play': True}",video,951,560.981,0.59
5945,a71c8b30-e82f-4a95-ad07-b90383e79a9d,9870ac44-25de-4240-b449-364371379b49,play,2026-01-11 18:54:18.761555+00:00,,android,"{'country': 'SA', 'city': 'Riyadh', 'language': 'ar', 'user_type': 'registered', 'is_subscribed': True, 'trial_user': False, 'autoplay': False, 'is_background_play': False}",video,951,,
5946,a71c8b30-e82f-4a95-ad07-b90383e79a9d,c1195af5-17ef-469f-aa89-bb09027b0715,play,2026-01-11 18:03:18.761564+00:00,624296.0,web-safari,"{'country': 'SA', 'city': 'Riyadh', 'language': 'ar', 'user_type': 'registered', 'is_subscribed': True, 'trial_user': False, 'autoplay': False, 'is_background_play': False}",video,951,624.296,0.66
5947,a71c8b30-e82f-4a95-ad07-b90383e79a9d,aa3a4278-82f5-421e-9520-ff2c78885a1d,finish,2026-01-11 17:58:18.761573+00:00,,android,"{'country': 'SA', 'city': 'Riyadh', 'language': 'ar', 'user_type': 'registered', 'is_subscribed': True, 'trial_user': False, 'autoplay': False, 'is_background_play': True}",video,951,,
5948,a71c8b30-e82f-4a95-ad07-b90383e79a9d,b3a5c9b3-797d-4fc8-b0a9-10d62f546c44,click,2026-01-11 18:41:18.761581+00:00,,ios,"{'country': 'SA', 'city': 'Riyadh', 'language': 'ar', 'user_type': 'registered', 'is_subscribed': True, 'trial_user': False, 'autoplay': False, 'is_background_play': True}",video,951,,
5949,a71c8b30-e82f-4a95-ad07-b90383e79a9d,8c285f26-4b66-4fd5-aa9d-cc54ee64e33a,finish,2026-01-11 18:52:18.761590+00:00,911524.0,web-safari,"{'country': 'SA', 'city': 'Riyadh', 'language': 'ar', 'user_type': 'registered', 'is_subscribed': True, 'trial_user': False, 'autoplay': False, 'is_background_play': False}",video,951,911.524,0.96
5950,a71c8b30-e82f-4a95-ad07-b90383e79a9d,7202588c-3e92-4518-bc14-00ba784687d1,click,2026-01-11 18:47:18.761599+00:00,,ios,"{'country': 'SA', 'city': 'Riyadh', 'language': 'ar', 'user_type': 'registered', 'is_subscribed': True, 'trial_user': False, 'autoplay': False, 'is_background_play': True}",video,951,,
5951,a71c8b30-e82f-4a95-ad07-b90383e79a9d,09773ee2-0a03-44f4-b1a4-27ef52ed2a00,pause,2026-01-11 18:49:18.761607+00:00,480634.0,web-chrome,"{'country': 'SA', 'city': 'Riyadh', 'language': 'ar', 'user_type': 'registered', 'is_subscribed': True, 'trial_user': False, 'autoplay': False, 'is_background_play': True}",video,951,480.634,0.51
5952,a71c8b30-e82f-4a95-ad07-b90383e79a9d,d83cf8ca-7fb1-4aeb-8a89-dbb7ee4c7bc2,click,2026-01-11 18:26:18.761622+00:00,,ios,"{'country': 'SA', 'city': 'Riyadh', 'language': 'ar', 'user_type': 'registered', 'is_subscribed': True, 'trial_user': False, 'autoplay': False, 'is_background_play': False}",video,951,,
5953,a71c8b30-e82f-4a95-ad07-b90383e79a9d,82464cc6-0138-4ffd-940f-f9e6132ddcd7,click,2026-01-11 17:55:18.761631+00:00,,web-safari,"{'country': 'SA', 'city': 'Riyadh', 'language': 'ar', 'user_type': 'registered', 'is_subscribed': True, 'trial_user': False, 'autoplay': False, 'is_background_play': True}",video,951,,
5954,a71c8b30-e82f-4a95-ad07-b90383e79a9d,f032b151-b5f6-4dc3-9db9-0188e3ce647d,finish,2026-01-11 18:01:18.761640+00:00,70633.0,ios,"{'country': 'SA', 'city': 'Riyadh', 'language': 'ar', 'user_type': 'registered', 'is_subscribed': True, 'trial_user': False, 'autoplay': False, 'is_background_play': False}",video,951,70.633,0.07
5955,a71c8b30-e82f-4a95-ad07-b90383e79a9d,25350302-7f42-4cd5-9578-005f8bb937c6,play,2026-01-11 18:50:18.761649+00:00,481709.0,android,"{'country': 'SA', 'city': 'Riyadh', 'language': 'ar', 'user_type': 'registered', 'is_subscribed': True, 'trial_user': False, 'autoplay': False, 'is_background_play': True}",video,951,481.709,0.51
5956,a71c8b30-e82f-4a95-ad07-b90383e79a9d,803b8409-4a74-416c-bea2-c4538ae38681,finish,2026-01-11 18:55:18.761658+00:00,,web-safari,"{'country': 'SA', 'city': 'Riyadh', 'language': 'ar', 'user_type': 'registered', 'is_subscribed': True, 'trial_user': False, 'autoplay': False, 'is_background_play': False}",video,951,,
5957,a71c8b30-e82f-4a95-ad07-b90383e79a9d,a048ec91-73e2-47e3-8535-7d72fcaa37c9,pause,2026-01-11 17:55:18.761666+00:00,76507.0,android,"{'country': 'SA', 'city': 'Riyadh', 'language': 'ar', 'user_type': 'registered', 'is_subscribed': True, 'trial_user': False, 'autoplay': False, 'is_background_play': True}",video,951,76.507,0.08
5958,a71c8b30-e82f-4a95-ad07-b90383e79a9d,51299935-c1f5-4cd1-813c-84b4804cbea3,play,2026-01-11 18:09:18.761675+00:00,181341.0,ios,"{'country': 'SA', 'city': 'Riyadh', 'language': 'ar', 'user_type': 'registered', 'is_subscribed': True, 'trial_user': False, 'autoplay': False, 'is_background_play': True}",video,951,181.341,0.19
5959,a71c8b30-e82f-4a95-ad07-b90383e79a9d,5fd1e0c7-268a-4dcd-b174-1d850c23efee,finish,2026-01-11 18:22:18.761684+00:00,522253.0,web-safari,"{'country': 'SA', 'city': 'Riyadh', 'language': 'ar', 'user_type': 'registered', 'is_subscribed': True, 'trial_user': False, 'autoplay': False, 'is_background_play': True}",video,951,522.253,0.55
5960,a71c8b30-e82f-4a95-ad07-b90383e79a9d,805f4e26-e816-4202-9b69-a763085eb734,play,2026-01-11 18:09:18.761693+00:00,5614.0,web-chrome,"{'country': 'SA', 'city': 'Riyadh', 'language': 'ar', 'user_type': 'registered', 'is_subscribed': True, 'trial_user': False, 'autoplay': False, 'is_background_play': False}",video,951,5.614,0.01
5961,d6076244-bf97-4a8a-897b-8a4b198312af,7cecfd1c-aeaf-4a29-8fab-9cd61905c398,play,2026-01-11 18:04:18.761702+00:00,501094.0,ios,"{'country': 'SA', 'city': 'Riyadh', 'language': 'ar', 'user_type': 'registered', 'is_subscribed': True, 'trial_user': False, 'autoplay': False, 'is_background_play': True}",newsletter,549,501.094,0.91
5962,d6076244-bf97-4a8a-897b-8a4b198312af,7a49d0dc-87ff-419b-9316-d0379e2ffdaa,click,2026-01-11 17:57:18.761711+00:00,,web-chrome,"{'country': 'SA', 'city': 'Riyadh', 'language': 'ar', 'user_type': 'registered', 'is_subscribed': True, 'trial_user': False, 'autoplay': False, 'is_background_play': False}",newsletter,549,,
5963,d6076244-bf97-4a8a-897b-8a4b198312af,c8a0c97b-4467-4f26-9754-0a0c6d2489eb,play,2026-01-11 18:50:18.761720+00:00,494054.0,ios,"{'country': 'SA', 'city': 'Riyadh', 'language': 'ar', 'user_type': 'registered', 'is_subscribed': True, 'trial_user': False, 'autoplay': False, 'is_background_play': True}",newsletter,549,494.054,0.9
5964,d6076244-bf97-4a8a-897b-8a4b198312af,c25ed154-9411-4ec3-8851-7117bbce8207,pause,2026-01-11 18:49:18.761729+00:00,85275.0,android,"{'country': 'SA', 'city': 'Riyadh', 'language': 'ar', 'user_type': 'registered', 'is_subscribed': True, 'trial_user': False, 'autoplay': False, 'is_background_play': False}",newsletter,549,85.275,0.16
5965,d6076244-bf97-4a8a-897b-8a4b198312af,eb2aa128-2d22-428f-be4f-9648f2355c16,pause,2026-01-11 18:46:18.761738+00:00,,android,"{'country': 'SA', 'city': 'Riyadh', 'language': 'ar', 'user_type': 'registered', 'is_subscribed': True, 'trial_user': False, 'autoplay': False, 'is_background_play': False}",newsletter,549,,
5966,d6076244-bf97-4a8a-897b-8a4b198312af,aaf72ff6-c7d1-420d-983e-c0fab795ef33,play,2026-01-11 18:02:18.761747+00:00,111834.0,android,"{'country': 'SA', 'city': 'Riyadh', 'language': 'ar', 'user_type': 'registered', 'is_subscribed': True, 'trial_user': False, 'autoplay': False, 'is_background_play': False}",newsletter,549,111.834,0.2
5967,d6076244-bf97-4a8a-897b-8a4b198312af,49bff4f4-bc63-4165-b5d6-09e023ec0bb7,click,2026-01-11 18:50:18.761756+00:00,,web-chrome,"{'country': 'SA', 'city': 'Riyadh', 'language': 'ar', 'user_type': 'registered', 'is_subscribed': True, 'trial_user': False, 'autoplay': False, 'is_background_play': True}",newsletter,549,,
5968,d6076244-bf97-4a8a-897b-8a4b198312af,ba4bd6e0-67cd-4ea6-ab14-f70628343ce8,click,2026-01-11 18:44:18.761764+00:00,,web-safari,"{'country': 'SA', 'city': 'Riyadh', 'language': 'ar', 'user_type': 'registered', 'is_subscribed': True, 'trial_user': False, 'autoplay': False, 'is_background_play': False}",newsletter,549,,
5969,d6076244-bf97-4a8a-897b-8a4b198312af,4d449636-34b2-4089-9bcb-26287bb51b1b,pause,2026-01-11 18:33:18.761773+00:00,,android,"{'country': 'SA', 'city': 'Riyadh', 'language': 'ar', 'user_type': 'registered', 'is_subscribed': True, 'trial_user': False, 'autoplay': False, 'is_background_play': False}",newsletter,549,,
5970,d6076244-bf97-4a8a-897b-8a4b198312af,c1b7ba45-9d87-4be1-9522-74cded6e50eb,finish,2026-01-11 18:18:18.761781+00:00,171111.0,ios,"{'country': 'SA', 'city': 'Riyadh', 'language': 'ar', 'user_type': 'registered', 'is_subscribed': True, 'trial_user': False, 'autoplay': False, 'is_background_play': True}",newsletter,549,171.111,0.31
5971,d6076244-bf97-4a8a-897b-8a4b198312af,611e54c8-0eb5-4441-8274-549aa89291c0,play,2026-01-11 18:00:18.761791+00:00,41421.0,ios,"{'country': 'SA', 'city': 'Riyadh', 'language': 'ar', 'user_type': 'registered', 'is_subscribed': True, 'trial_user': False, 'autoplay': False, 'is_background_play': False}",newsletter,549,41.421,0.08
5972,d6076244-bf97-4a8a-897b-8a4b198312af,cf7d2cb4-0f49-4fb7-b2f8-9edb36c46c72,finish,2026-01-11 18:53:18.761800+00:00,11164.0,ios,"{'country': 'SA', 'city': 'Riyadh', 'language': 'ar', 'user_type': 'registered', 'is_subscribed': True, 'trial_user': False, 'autoplay': False, 'is_background_play': True}",newsletter,549,11.164,0.02
5973,d6076244-bf97-4a8a-897b-8a4b198312af,8dc4a600-180f-418e-8c9f-372d1ac6fc05,play,2026-01-11 17:58:18.761809+00:00,502271.0,web-safari,"{'country': 'SA', 'city': 'Riyadh', 'language': 'ar', 'user_type': 'registered', 'is_subscribed': True, 'trial_user': False, 'autoplay': False, 'is_background_play': False}",newsletter,549,502.271,0.91
5974,d6076244-bf97-4a8a-897b-8a4b198312af,b74075f3-17d8-46cb-9446-e8413cd3bb6f,click,2026-01-11 18:30:18.761818+00:00,,ios,"{'country': 'SA', 'city': 'Riyadh', 'language': 'ar', 'user_type': 'registered', 'is_subscribed': True, 'trial_user': False, 'autoplay': False, 'is_background_play': False}",newsletter,549,,
5975,d6076244-bf97-4a8a-897b-8a4b198312af,99d4acb4-0d03-4e3c-b7ef-7023d406a0d8,finish,2026-01-11 18:21:18.761826+00:00,,web-safari,"{'country': 'SA', 'city': 'Riyadh', 'language': 'ar', 'user_type': 'registered', 'is_subscribed': True, 'trial_user': False, 'autoplay': False, 'is_background_play': False}",newsletter,549,,
5976,d6076244-bf97-4a8a-897b-8a4b198312af,c3a58ffd-7555-4db1-9d3a-b2e7bc7ee45e,click,2026-01-11 17:57:18.761835+00:00,,web-chrome,"{'country': 'SA', 'city': 'Riyadh', 'language': 'ar', 'user_type': 'registered', 'is_subscribed': True, 'trial_user': False, 'autoplay': False, 'is_background_play': False}",newsletter,549,,
5977,d6076244-bf97-4a8a-897b-8a4b198312af,16e8d977-3938-4620-a6d1-d93d982c3f05,finish,2026-01-11 18:47:18.761850+00:00,263168.0,ios,"{'country': 'SA', 'city': 'Riyadh', 'language': 'ar', 'user_type': 'registered', 'is_subscribed': True, 'trial_user': False, 'autoplay': False, 'is_background_play': True}",newsletter,549,263.168,0.48
5978,d6076244-bf97-4a8a-897b-8a4b198312af,9ec12255-d376-4fb1-a36f-6f6965c99d44,finish,2026-01-11 18:35:18.761859+00:00,85317.0,ios,"{'country': 'SA', 'city': 'Riyadh', 'language': 'ar', 'user_type': 'registered', 'is_subscribed': True, 'trial_user': False, 'autoplay': False, 'is_background_play': True}",newsletter,549,85.317,0.16
5979,d6076244-bf97-4a8a-897b-8a4b198312af,aaff75e4-0ce0-4bf1-90aa-fd29bfdd277a,click,2026-01-11 18:46:18.761869+00:00,,ios,"{'country': 'SA', 'city': 'Riyadh', 'language': 'ar', 'user_type': 'registered', 'is_subscribed': True, 'trial_user': False, 'autoplay': False, 'is_background_play': False}",newsletter,549,,
5980,d6076244-bf97-4a8a-897b-8a4b198312af,f8847f9e-67b8-4d58-9ebd-25cbc9cf280a,play,2026-01-11 18:26:18.761877+00:00,,web-chrome,"{'country': 'SA', 'city': 'Riyadh', 'language': 'ar', 'user_type': 'registered', 'is_subscribed': True, 'trial_user': False, 'autoplay': False, 'is_background_play': True}",newsletter,549,,
5981,d6076244-bf97-4a8a-897b-8a4b198312af,41462a15-9b11-4d56-892d-8cc5ca64396b,finish,2026-01-11 18:31:18.761886+00:00,148427.0,web-safari,"{'country': 'SA', 'city': 'Riyadh', 'language': 'ar', 'user_type': 'registered', 'is_subscribed': True, 'trial_user': False, 'autoplay': False, 'is_background_play': False}",newsletter,549,148.427,0.27
5982,d6076244-bf97-4a8a-897b-8a4b198312af,906f76d1-22fc-41e1-b81b-251c138831d8,play,2026-01-11 18:43:18.761896+00:00,139616.0,web-chrome,"{'country': 'SA', 'city': 'Riyadh', 'language': 'ar', 'user_type': 'registered', 'is_subscribed': True, 'trial_user': False, 'autoplay': False, 'is_background_play': False}",newsletter,549,139.616,0.25
5983,d6076244-bf97-4a8a-897b-8a4b198312af,97ea61cb-2ac8-4abe-8cec-ec51f725946c,pause,2026-01-11 18:06:18.761904+00:00,334372.0,ios,"{'country': 'SA', 'city': 'Riyadh', 'language': 'ar', 'user_type': 'registered', 'is_subscribed': True, 'trial_user': False, 'autoplay': False, 'is_background_play': True}",newsletter,549,334.372,0.61
5984,d6076244-bf97-4a8a-897b-8a4b198312af,6f6da443-8d27-4c8f-a311-f2a074554257,pause,2026-01-11 18:11:18.761913+00:00,309693.0,web-chrome,"{'country': 'SA', 'city': 'Riyadh', 'language': 'ar', 'user_type': 'registered', 'is_subscribed': True, 'trial_user': False, 'autoplay': False, 'is_background_play': False}",newsletter,549,309.693,0.56
5985,d6076244-bf97-4a8a-897b-8a4b198312af,27549c3d-4210-4556-99d4-61a62bbdf93f,finish,2026-01-11 18:38:18.761923+00:00,376742.0,web-safari,"{'country': 'SA', 'city': 'Riyadh', 'language': 'ar', 'user_type': 'registered', 'is_subscribed': True, 'trial_user': False, 'autoplay': False, 'is_background_play': True}",newsletter,549,376.742,0.69
5986,d6076244-bf97-4a8a-897b-8a4b198312af,7ba22f1e-20ad-461e-883b-49deda3c8b24,click,2026-01-11 18:23:18.761931+00:00,,web-safari,"{'country': 'SA', 'city': 'Riyadh', 'language': 'ar', 'user_type': 'registered', 'is_subscribed': True, 'trial_user': False, 'autoplay': False, 'is_background_play': False}",newsletter,549,,
5987,d6076244-bf97-4a8a-897b-8a4b198312af,b9ce9431-b4c5-4b87-bd16-2d49efd4f03f,play,2026-01-11 18:33:18.761940+00:00,186568.0,web-chrome,"{'country': 'SA', 'city': 'Riyadh', 'language': 'ar', 'user_type': 'registered', 'is_subscribed': True, 'trial_user': False, 'autoplay': False, 'is_background_play': False}",newsletter,549,186.568,0.34
5988,d6076244-bf97-4a8a-897b-8a4b198312af,e703396b-51bc-410a-939b-58d49bceba73,click,2026-01-11 18:12:18.761949+00:00,,web-safari,"{'country': 'SA', 'city': 'Riyadh', 'language': 'ar', 'user_type': 'registered', 'is_subscribed': True, 'trial_user': False, 'autoplay': False, 'is_background_play': True}",newsletter,549,,
5989,d6076244-bf97-4a8a-897b-8a4b198312af,2e16c684-14cc-4e7f-8518-2bda3e956103,pause,2026-01-11 18:49:18.761957+00:00,525110.0,android,"{'country': 'SA', 'city': 'Riyadh', 'language': 'ar', 'user_type': 'registered', 'is_subscribed': True, 'trial_user': False, 'autoplay': False, 'is_background_play': False}",newsletter,549,525.11,0.96
5990,d6076244-bf97-4a8a-897b-8a4b198312af,63964c37-5e5d-4b01-bf22-bce6f45fe0a8,pause,2026-01-11 18:46:18.761966+00:00,54459.0,ios,"{'country': 'SA', 'city': 'Riyadh', 'language': 'ar', 'user_type': 'registered', 'is_subscribed': True, 'trial_user': False, 'autoplay': False, 'is_background_play': True}",newsletter,549,54.459,0.1
5991,d6076244-bf97-4a8a-897b-8a4b198312af,b8d6c3d9-84d3-4db7-9151-f74f96caffde,finish,2026-01-11 18:53:18.761975+00:00,69857.0,ios,"{'country': 'SA', 'city': 'Riyadh', 'language': 'ar', 'user_type': 'registered', 'is_subscribed': True, 'trial_user': False, 'autoplay': False, 'is_background_play': True}",newsletter,549,69.857,0.13
5992,d6076244-bf97-4a8a-897b-8a4b198312af,78684c81-b206-4b83-865d-bceaff363119,click,2026-01-11 18:15:18.761984+00:00,,android,"{'country': 'SA', 'city': 'Riyadh', 'language': 'ar', 'user_type': 'registered', 'is_subscribed': True, 'trial_user': False, 'autoplay': False, 'is_background_play': True}",newsletter,549,,
5993,d6076244-bf97-4a8a-897b-8a4b198312af,305fd998-ba62-4383-8ce3-303ba080a2a2,click,2026-01-11 18:24:18.761992+00:00,,web-safari,"{'country': 'SA', 'city': 'Riyadh', 'language': 'ar', 'user_type': 'registered', 'is_subscribed': True, 'trial_user': False, 'autoplay': False, 'is_background_play': True}",newsletter,549,,
5994,d6076244-bf97-4a8a-897b-8a4b198312af,ec8e6ed8-47d2-4b9f-8c23-e9b4adb0c1df,play,2026-01-11 18:01:18.762001+00:00,449219.0,web-chrome,"{'country': 'SA', 'city': 'Riyadh', 'language': 'ar', 'user_type': 'registered', 'is_subscribed': True, 'trial_user': False, 'autoplay': False, 'is_background_play': True}",newsletter,549,449.219,0.82
5995,d6076244-bf97-4a8a-897b-8a4b198312af,0caa1c2a-8c6f-43ed-afde-9c186a4affb8,pause,2026-01-11 18:33:18.762010+00:00,450700.0,web-chrome,"{'country': 'SA', 'city': 'Riyadh', 'language': 'ar', 'user_type': 'registered', 'is_subscribed': True, 'trial_user': False, 'autoplay': False, 'is_background_play': False}",newsletter,549,450.7,0.82
5996,d6076244-bf97-4a8a-897b-8a4b198312af,340a0671-998c-4498-996c-f96fb3f6ce88,click,2026-01-11 18:06:18.762019+00:00,,web-chrome,"{'country': 'SA', 'city': 'Riyadh', 'language': 'ar', 'user_type': 'registered', 'is_subscribed': True, 'trial_user': False, 'autoplay': False, 'is_background_play': True}",newsletter,549,,
5997,d6076244-bf97-4a8a-897b-8a4b198312af,41f2669e-80d2-488b-b496-f9699f38afba,play,2026-01-11 18:46:18.762027+00:00,482197.0,android,"{'country': 'SA', 'city': 'Riyadh', 'language': 'ar', 'user_type': 'registered', 'is_subscribed': True, 'trial_user': False, 'autoplay': False, 'is_background_play': False}",newsletter,549,482.197,0.88
5998,d6076244-bf97-4a8a-897b-8a4b198312af,6046823e-ae18-4b4e-ba1c-fcda49966eb0,play,2026-01-11 18:39:18.762036+00:00,,ios,"{'country': 'SA', 'city': 'Riyadh', 'language': 'ar', 'user_type': 'registered', 'is_subscribed': True, 'trial_user': False, 'autoplay': False, 'is_background_play': False}",newsletter,549,,
5999,d6076244-bf97-4a8a-897b-8a4b198312af,30155bf9-be72-4436-ae05-4b137d3ace37,play,2026-01-11 18:43:18.762045+00:00,490444.0,ios,"{'country': 'SA', 'city': 'Riyadh', 'language': 'ar', 'user_type': 'registered', 'is_subscribed': True, 'trial_user': False, 'autoplay': False, 'is_background_play': True}",newsletter,549,490.444,0.89
6000,d6076244-bf97-4a8a-897b-8a4b198312af,19ff6686-c814-4e02-b113-441a84cb96fb,pause,2026-01-11 18:14:18.762053+00:00,482567.0,web-chrome,"{'country': 'SA', 'city': 'Riyadh', 'language': 'ar', 'user_type': 'registered', 'is_subscribed': True, 'trial_user': False, 'autoplay': False, 'is_background_play': False}",newsletter,549,482.567,0.88
6001,f7b0d6a5-d881-4571-be35-41c025feef51,35c7f82f-e367-405e-9b94-0709114fd51d,click,2026-01-11 18:39:18.762063+00:00,,android,"{'country': 'SA', 'city': 'Riyadh', 'language': 'ar', 'user_type': 'registered', 'is_subscribed': True, 'trial_user': False, 'autoplay': False, 'is_background_play': True}",video,1091,,
6002,f7b0d6a5-d881-4571-be35-41c025feef51,197c512f-a2fe-4a13-a694-daca71d98936,click,2026-01-11 18:27:18.762080+00:00,,web-chrome,"{'country': 'SA', 'city': 'Riyadh', 'language': 'ar', 'user_type': 'registered', 'is_subscribed': True, 'trial_user': False, 'autoplay': False, 'is_background_play': True}",video,1091,,
6003,f7b0d6a5-d881-4571-be35-41c025feef51,9fd4b5f9-c4fc-48c3-a384-1ca199087c7d,pause,2026-01-11 18:31:18.762089+00:00,82850.0,web-chrome,"{'country': 'SA', 'city': 'Riyadh', 'language': 'ar', 'user_type': 'registered', 'is_subscribed': True, 'trial_user': False, 'autoplay': False, 'is_background_play': True}",video,1091,82.85,0.08
6004,f7b0d6a5-d881-4571-be35-41c025feef51,fef34143-36d5-4098-bc3c-913118d36c46,play,2026-01-11 17:56:18.762098+00:00,770339.0,web-safari,"{'country': 'SA', 'city': 'Riyadh', 'language': 'ar', 'user_type': 'registered', 'is_subscribed': True, 'trial_user': False, 'autoplay': False, 'is_background_play': False}",video,1091,770.339,0.71
6005,f7b0d6a5-d881-4571-be35-41c025feef51,c2e1a168-3d9e-4fb2-b1b2-e5047e9c3c26,finish,2026-01-11 18:53:18.762107+00:00,728892.0,web-chrome,"{'country': 'SA', 'city': 'Riyadh', 'language': 'ar', 'user_type': 'registered', 'is_subscribed': True, 'trial_user': False, 'autoplay': False, 'is_background_play': False}",video,1091,728.892,0.67
6006,f7b0d6a5-d881-4571-be35-41c025feef51,40b848e1-7a3a-4792-a2d4-ed95c4ab5829,finish,2026-01-11 18:42:18.762115+00:00,681298.0,web-safari,"{'country': 'SA', 'city': 'Riyadh', 'language': 'ar', 'user_type': 'registered', 'is_subscribed': True, 'trial_user': False, 'autoplay': False, 'is_background_play': True}",video,1091,681.298,0.62
6007,f7b0d6a5-d881-4571-be35-41c025feef51,cc3ea94a-8fe3-4958-960a-86c6c9961a4f,finish,2026-01-11 18:50:18.762124+00:00,770460.0,web-safari,"{'country': 'SA', 'city': 'Riyadh', 'language': 'ar', 'user_type': 'registered', 'is_subscribed': True, 'trial_user': False, 'autoplay': False, 'is_background_play': True}",video,1091,770.46,0.71
6008,f7b0d6a5-d881-4571-be35-41c025feef51,49942905-03ce-483d-9c4e-e837b4d09147,pause,2026-01-11 18:39:18.762133+00:00,927298.0,web-safari,"{'country': 'SA', 'city': 'Riyadh', 'language': 'ar', 'user_type': 'registered', 'is_subscribed': True, 'trial_user': False, 'autoplay': False, 'is_background_play': False}",video,1091,927.298,0.85
6009,f7b0d6a5-d881-4571-be35-41c025feef51,1a01d179-fbee-4c70-9743-a04952221986,pause,2026-01-11 17:56:18.762142+00:00,56635.0,ios,"{'country': 'SA', 'city': 'Riyadh', 'language': 'ar', 'user_type': 'registered', 'is_subscribed': True, 'trial_user': False, 'autoplay': False, 'is_background_play': False}",video,1091,56.635,0.05
6010,f7b0d6a5-d881-4571-be35-41c025feef51,2eab9fe1-63a3-487c-b6ca-b5bccb135acb,play,2026-01-11 18:32:18.762151+00:00,79365.0,ios,"{'country': 'SA', 'city': 'Riyadh', 'language': 'ar', 'user_type': 'registered', 'is_subscribed': True, 'trial_user': False, 'autoplay': False, 'is_background_play': True}",video,1091,79.365,0.07
6011,f7b0d6a5-d881-4571-be35-41c025feef51,7a301ce9-32ff-42c0-b557-1fd1334f461f,pause,2026-01-11 18:06:18.762160+00:00,373801.0,web-safari,"{'country': 'SA', 'city': 'Riyadh', 'language': 'ar', 'user_type': 'registered', 'is_subscribed': True, 'trial_user': False, 'autoplay': False, 'is_background_play': True}",video,1091,373.801,0.34
6012,f7b0d6a5-d881-4571-be35-41c025feef51,ae63288d-3b32-498e-a59c-04490e6bf0e8,play,2026-01-11 17:55:18.762170+00:00,403395.0,web-safari,"{'country': 'SA', 'city': 'Riyadh', 'language': 'ar', 'user_type': 'registered', 'is_subscribed': True, 'trial_user': False, 'autoplay': False, 'is_background_play': False}",video,1091,403.395,0.37
6013,f7b0d6a5-d881-4571-be35-41c025feef51,ed1cade6-be44-4682-8ce6-a6ec1e15f2ca,click,2026-01-11 18:53:18.762179+00:00,,android,"{'country': 'SA', 'city': 'Riyadh', 'language': 'ar', 'user_type': 'registered', 'is_subscribed': True, 'trial_user': False, 'autoplay': False, 'is_background_play': False}",video,1091,,
6014,f7b0d6a5-d881-4571-be35-41c025feef51,34aa2fe8-9327-4d39-a820-738fffa6e770,play,2026-01-11 18:53:18.762187+00:00,975779.0,android,"{'country': 'SA', 'city': 'Riyadh', 'language': 'ar', 'user_type': 'registered', 'is_subscribed': True, 'trial_user': False, 'autoplay': False, 'is_background_play': True}",video,1091,975.779,0.89
6015,f7b0d6a5-d881-4571-be35-41c025feef51,c11a8f96-ee1f-435b-b663-d89407dd1b1a,click,2026-01-11 18:53:18.762196+00:00,,web-chrome,"{'country': 'SA', 'city': 'Riyadh', 'language': 'ar', 'user_type': 'registered', 'is_subscribed': True, 'trial_user': False, 'autoplay': False, 'is_background_play': False}",video,1091,,
6016,f7b0d6a5-d881-4571-be35-41c025feef51,69495bc7-3768-4307-8388-eb77493c2268,play,2026-01-11 18:29:18.762204+00:00,187756.0,web-safari,"{'country': 'SA', 'city': 'Riyadh', 'language': 'ar', 'user_type': 'registered', 'is_subscribed': True, 'trial_user': False, 'autoplay': False, 'is_background_play': True}",video,1091,187.756,0.17
6017,f7b0d6a5-d881-4571-be35-41c025feef51,9d311afa-6124-49e7-b88e-bfd653fdbecc,finish,2026-01-11 18:48:18.762213+00:00,960991.0,ios,"{'country': 'SA', 'city': 'Riyadh', 'language': 'ar', 'user_type': 'registered', 'is_subscribed': True, 'trial_user': False, 'autoplay': False, 'is_background_play': True}",video,1091,960.991,0.88
6018,f7b0d6a5-d881-4571-be35-41c025feef51,17eb2dd5-c43f-421e-b439-8624b8fed5fb,click,2026-01-11 18:45:18.762222+00:00,,web-safari,"{'country': 'SA', 'city': 'Riyadh', 'language': 'ar', 'user_type': 'registered', 'is_subscribed': True, 'trial_user': False, 'autoplay': False, 'is_background_play': True}",video,1091,,
6019,f7b0d6a5-d881-4571-be35-41c025feef51,d388c5b2-8e70-496d-911d-e924c50031c2,pause,2026-01-11 18:25:18.762231+00:00,613605.0,web-chrome,"{'country': 'SA', 'city': 'Riyadh', 'language': 'ar', 'user_type': 'registered', 'is_subscribed': True, 'trial_user': False, 'autoplay': False, 'is_background_play': False}",video,1091,613.605,0.56
6020,f7b0d6a5-d881-4571-be35-41c025feef51,7036935d-3141-43c5-bebc-a0634ab7e502,click,2026-01-11 18:31:18.762239+00:00,,ios,"{'country': 'SA', 'city': 'Riyadh', 'language': 'ar', 'user_type': 'registered', 'is_subscribed': True, 'trial_user': False, 'autoplay': False, 'is_background_play': False}",video,1091,,
6021,f7b0d6a5-d881-4571-be35-41c025feef51,2bc01e5a-8437-479a-92e5-20a8ae02c51b,play,2026-01-11 18:06:18.762248+00:00,863336.0,web-chrome,"{'country': 'SA', 'city': 'Riyadh', 'language': 'ar', 'user_type': 'registered', 'is_subscribed': True, 'trial_user': False, 'autoplay': False, 'is_background_play': True}",video,1091,863.336,0.79
6022,f7b0d6a5-d881-4571-be35-41c025feef51,9f18439c-60d7-488e-8723-221d1016f2c1,finish,2026-01-11 18:38:18.762257+00:00,150297.0,web-chrome,"{'country': 'SA', 'city': 'Riyadh', 'language': 'ar', 'user_type': 'registered', 'is_subscribed': True, 'trial_user': False, 'autoplay': False, 'is_background_play': True}",video,1091,150.297,0.14
6023,f7b0d6a5-d881-4571-be35-41c025feef51,538ed76f-6505-4835-a219-924c893aeefc,play,2026-01-11 18:46:18.762266+00:00,157898.0,ios,"{'country': 'SA', 'city': 'Riyadh', 'language': 'ar', 'user_type': 'registered', 'is_subscribed': True, 'trial_user': False, 'autoplay': False, 'is_background_play': True}",video,1091,157.898,0.14
6024,f7b0d6a5-d881-4571-be35-41c025feef51,d59ec6aa-69c5-432c-b1fa-c77ebd25c16a,finish,2026-01-11 18:40:18.762275+00:00,916459.0,ios,"{'country': 'SA', 'city': 'Riyadh', 'language': 'ar', 'user_type': 'registered', 'is_subscribed': True, 'trial_user': False, 'autoplay': False, 'is_background_play': False}",video,1091,916.459,0.84
6025,f7b0d6a5-d881-4571-be35-41c025feef51,db71f12d-79c9-493c-94a4-cc47e0869193,pause,2026-01-11 17:58:18.762283+00:00,,android,"{'country': 'SA', 'city': 'Riyadh', 'language': 'ar', 'user_type': 'registered', 'is_subscribed': True, 'trial_user': False, 'autoplay': False, 'is_background_play': True}",video,1091,,
6026,f7b0d6a5-d881-4571-be35-41c025feef51,4d6b4727-0172-413b-815c-05a57a913d49,play,2026-01-11 18:28:18.762292+00:00,254295.0,web-chrome,"{'country': 'SA', 'city': 'Riyadh', 'language': 'ar', 'user_type': 'registered', 'is_subscribed': True, 'trial_user': False, 'autoplay': False, 'is_background_play': True}",video,1091,254.295,0.23
6027,f7b0d6a5-d881-4571-be35-41c025feef51,9b99a34c-ef19-4aa7-9c12-2a9f9f57d9e3,click,2026-01-11 18:11:18.762309+00:00,,ios,"{'country': 'SA', 'city': 'Riyadh', 'language': 'ar', 'user_type': 'registered', 'is_subscribed': True, 'trial_user': False, 'autoplay': False, 'is_background_play': False}",video,1091,,
6028,f7b0d6a5-d881-4571-be35-41c025feef51,25c9ec7a-b5c8-4a47-8f0d-2dd8ec4b3206,pause,2026-01-11 18:09:18.762318+00:00,119167.0,android,"{'country': 'SA', 'city': 'Riyadh', 'language': 'ar', 'user_type': 'registered', 'is_subscribed': True, 'trial_user': False, 'autoplay': False, 'is_background_play': True}",video,1091,119.167,0.11
6029,f7b0d6a5-d881-4571-be35-41c025feef51,6eedd6cf-6422-4af6-ba77-051adfa3be63,play,2026-01-11 18:27:18.762327+00:00,355243.0,android,"{'country': 'SA', 'city': 'Riyadh', 'language': 'ar', 'user_type': 'registered', 'is_subscribed': True, 'trial_user': False, 'autoplay': False, 'is_background_play': False}",video,1091,355.243,0.33
6030,f7b0d6a5-d881-4571-be35-41c025feef51,42b9a471-0f7c-44a7-bf26-1032e9178021,pause,2026-01-11 18:23:18.762337+00:00,595983.0,web-safari,"{'country': 'SA', 'city': 'Riyadh', 'language': 'ar', 'user_type': 'registered', 'is_subscribed': True, 'trial_user': False, 'autoplay': False, 'is_background_play': True}",video,1091,595.983,0.55
6031,f7b0d6a5-d881-4571-be35-41c025feef51,54df5ec3-e493-4320-9001-4265e4d30d5d,play,2026-01-11 18:29:18.762346+00:00,955715.0,web-chrome,"{'country': 'SA', 'city': 'Riyadh', 'language': 'ar', 'user_type': 'registered', 'is_subscribed': True, 'trial_user': False, 'autoplay': False, 'is_background_play': False}",video,1091,955.715,0.88
6032,f7b0d6a5-d881-4571-be35-41c025feef51,d8308b13-4635-44dd-814f-71b54b43d8dc,finish,2026-01-11 18:53:18.762355+00:00,26523.0,web-safari,"{'country': 'SA', 'city': 'Riyadh', 'language': 'ar', 'user_type': 'registered', 'is_subscribed': True, 'trial_user': False, 'autoplay': False, 'is_background_play': False}",video,1091,26.523,0.02
6033,f7b0d6a5-d881-4571-be35-41c025feef51,4abd0707-8160-4a8d-9194-0b1d414d114d,click,2026-01-11 18:27:18.762364+00:00,,web-chrome,"{'country': 'SA', 'city': 'Riyadh', 'language': 'ar', 'user_type': 'registered', 'is_subscribed': True, 'trial_user': False, 'autoplay': False, 'is_background_play': True}",video,1091,,
6034,f7b0d6a5-d881-4571-be35-41c025feef51,b85b4838-f9fc-4911-b6d8-f79c7968b5ed,pause,2026-01-11 18:53:18.762372+00:00,200547.0,web-chrome,"{'country': 'SA', 'city': 'Riyadh', 'language': 'ar', 'user_type': 'registered', 'is_subscribed': True, 'trial_user': False, 'autoplay': False, 'is_background_play': False}",video,1091,200.547,0.18
6035,f7b0d6a5-d881-4571-be35-41c025feef51,eeac4081-a4da-43fb-be8f-d14802c94699,click,2026-01-11 18:37:18.762381+00:00,,android,"{'country': 'SA', 'city': 'Riyadh', 'language': 'ar', 'user_type': 'registered', 'is_subscribed': True, 'trial_user': False, 'autoplay': False, 'is_background_play': True}",video,1091,,
6036,f7b0d6a5-d881-4571-be35-41c025feef51,eec388fe-b8ef-42b7-9d7e-076ec8d87266,pause,2026-01-11 18:25:18.762390+00:00,419471.0,web-chrome,"{'country': 'SA', 'city': 'Riyadh', 'language': 'ar', 'user_type': 'registered', 'is_subscribed': True, 'trial_user': False, 'autoplay': False, 'is_background_play': False}",video,1091,419.471,0.38
6037,f7b0d6a5-d881-4571-be35-41c025feef51,0b39f0f4-2e28-4edf-8389-541ead71caad,pause,2026-01-11 17:55:18.762399+00:00,205377.0,android,"{'country': 'SA', 'city': 'Riyadh', 'language': 'ar', 'user_type': 'registered', 'is_subscribed': True, 'trial_user': False, 'autoplay': False, 'is_background_play': True}",video,1091,205.377,0.19
6038,f7b0d6a5-d881-4571-be35-41c025feef51,19bf2ff7-8eab-42d2-96ec-87bd959b2bc4,play,2026-01-11 18:44:18.762408+00:00,,web-chrome,"{'country': 'SA', 'city': 'Riyadh', 'language': 'ar', 'user_type': 'registered', 'is_subscribed': True, 'trial_user': False, 'autoplay': False, 'is_background_play': False}",video,1091,,
6039,f7b0d6a5-d881-4571-be35-41c025feef51,5edd499a-0847-49d6-8798-585a27a16788,pause,2026-01-11 18:01:18.762417+00:00,427891.0,android,"{'country': 'SA', 'city': 'Riyadh', 'language': 'ar', 'user_type': 'registered', 'is_subscribed': True, 'trial_user': False, 'autoplay': False, 'is_background_play': False}",video,1091,427.891,0.39
6040,f7b0d6a5-d881-4571-be35-41c025feef51,5d87a05b-b636-4770-890a-6a12a5f7aa76,finish,2026-01-11 18:40:18.762426+00:00,141084.0,ios,"{'country': 'SA', 'city': 'Riyadh', 'language': 'ar', 'user_type': 'registered', 'is_subscribed': True, 'trial_user': False, 'autoplay': False, 'is_background_play': True}",video,1091,141.084,0.13
6041,dae31914-2e0c-429d-8e58-6d5b6df85a0c,7c94dffe-232f-4269-8863-6edea44aee7d,finish,2026-01-11 18:13:18.762435+00:00,257759.0,web-chrome,"{'country': 'SA', 'city': 'Riyadh', 'language': 'ar', 'user_type': 'registered', 'is_subscribed': True, 'trial_user': False, 'autoplay': False, 'is_background_play': True}",video,1165,257.759,0.22
6042,dae31914-2e0c-429d-8e58-6d5b6df85a0c,fb7918d1-aeb9-49d4-a345-25ed1b94d588,finish,2026-01-11 18:20:18.762446+00:00,,web-safari,"{'country': 'SA', 'city': 'Riyadh', 'language': 'ar', 'user_type': 'registered', 'is_subscribed': True, 'trial_user': False, 'autoplay': False, 'is_background_play': False}",video,1165,,
6043,dae31914-2e0c-429d-8e58-6d5b6df85a0c,f0b53eb0-3b0c-4230-9ac2-8bdeffd0a4fa,play,2026-01-11 18:02:18.762456+00:00,920694.0,ios,"{'country': 'SA', 'city': 'Riyadh', 'language': 'ar', 'user_type': 'registered', 'is_subscribed': True, 'trial_user': False, 'autoplay': False, 'is_background_play': True}",video,1165,920.694,0.79
6044,dae31914-2e0c-429d-8e58-6d5b6df85a0c,76a3d656-bd64-4d0d-9845-31ade91487c8,click,2026-01-11 18:14:18.762465+00:00,,web-chrome,"{'country': 'SA', 'city': 'Riyadh', 'language': 'ar', 'user_type': 'registered', 'is_subscribed': True, 'trial_user': False, 'autoplay': False, 'is_background_play': True}",video,1165,,
6045,dae31914-2e0c-429d-8e58-6d5b6df85a0c,e1a9dca3-a78b-4c7d-a531-c91dd868afb2,finish,2026-01-11 18:50:18.762475+00:00,,web-safari,"{'country': 'SA', 'city': 'Riyadh', 'language': 'ar', 'user_type': 'registered', 'is_subscribed': True, 'trial_user': False, 'autoplay': False, 'is_background_play': True}",video,1165,,
6046,dae31914-2e0c-429d-8e58-6d5b6df85a0c,3cd01145-4ad6-44b4-abac-30f560cc5b3f,click,2026-01-11 18:39:18.762483+00:00,,ios,"{'country': 'SA', 'city': 'Riyadh', 'language': 'ar', 'user_type': 'registered', 'is_subscribed': True, 'trial_user': False, 'autoplay': False, 'is_background_play': True}",video,1165,,
6047,dae31914-2e0c-429d-8e58-6d5b6df85a0c,163bd0fa-2a22-4a1d-aca6-24aee84e0183,finish,2026-01-11 18:25:18.762492+00:00,674518.0,android,"{'country': 'SA', 'city': 'Riyadh', 'language': 'ar', 'user_type': 'registered', 'is_subscribed': True, 'trial_user': False, 'autoplay': False, 'is_background_play': True}",video,1165,674.518,0.58
6048,dae31914-2e0c-429d-8e58-6d5b6df85a0c,e86743f5-6ca3-476e-a38a-7f21222ef7af,play,2026-01-11 18:18:18.762501+00:00,489839.0,android,"{'country': 'SA', 'city': 'Riyadh', 'language': 'ar', 'user_type': 'registered', 'is_subscribed': True, 'trial_user': False, 'autoplay': False, 'is_background_play': False}",video,1165,489.839,0.42
6049,dae31914-2e0c-429d-8e58-6d5b6df85a0c,5b36903d-16ee-4b27-8d8d-1a06523e0e12,pause,2026-01-11 18:13:18.762510+00:00,778715.0,web-chrome,"{'country': 'SA', 'city': 'Riyadh', 'language': 'ar', 'user_type': 'registered', 'is_subscribed': True, 'trial_user': False, 'autoplay': False, 'is_background_play': False}",video,1165,778.715,0.67
6050,dae31914-2e0c-429d-8e58-6d5b6df85a0c,b4a6c8c3-1b05-45b9-946e-205e449c8849,pause,2026-01-11 18:55:18.762520+00:00,,web-chrome,"{'country': 'SA', 'city': 'Riyadh', 'language': 'ar', 'user_type': 'registered', 'is_subscribed': True, 'trial_user': False, 'autoplay': False, 'is_background_play': True}",video,1165,,
6051,dae31914-2e0c-429d-8e58-6d5b6df85a0c,4fd5d636-2caf-46d5-adb0-cbd288e050d0,click,2026-01-11 18:15:18.762528+00:00,,ios,"{'country': 'SA', 'city': 'Riyadh', 'language': 'ar', 'user_type': 'registered', 'is_subscribed': True, 'trial_user': False, 'autoplay': False, 'is_background_play': False}",video,1165,,
6052,dae31914-2e0c-429d-8e58-6d5b6df85a0c,8b221656-6766-44a1-9081-254b90bf6ad9,finish,2026-01-11 17:56:18.762544+00:00,336753.0,web-safari,"{'country': 'SA', 'city': 'Riyadh', 'language': 'ar', 'user_type': 'registered', 'is_subscribed': True, 'trial_user': False, 'autoplay': False, 'is_background_play': True}",video,1165,336.753,0.29
6053,dae31914-2e0c-429d-8e58-6d5b6df85a0c,f708188c-3c68-4398-85a2-730857fdec8d,click,2026-01-11 18:26:18.762553+00:00,,android,"{'country': 'SA', 'city': 'Riyadh', 'language': 'ar', 'user_type': 'registered', 'is_subscribed': True, 'trial_user': False, 'autoplay': False, 'is_background_play': False}",video,1165,,
6054,dae31914-2e0c-429d-8e58-6d5b6df85a0c,f15be691-2fc8-45e6-8791-0444fc107074,click,2026-01-11 18:04:18.762562+00:00,,web-safari,"{'country': 'SA', 'city': 'Riyadh', 'language': 'ar', 'user_type': 'registered', 'is_subscribed': True, 'trial_user': False, 'autoplay': False, 'is_background_play': False}",video,1165,,
6055,dae31914-2e0c-429d-8e58-6d5b6df85a0c,6930edb4-4cd1-42f2-9fff-9d0f59ed115f,pause,2026-01-11 18:25:18.762571+00:00,960353.0,web-safari,"{'country': 'SA', 'city': 'Riyadh', 'language': 'ar', 'user_type': 'registered', 'is_subscribed': True, 'trial_user': False, 'autoplay': False, 'is_background_play': True}",video,1165,960.353,0.82
6056,dae31914-2e0c-429d-8e58-6d5b6df85a0c,15f2980e-6121-4cf3-bcd2-88aa1709d4c1,pause,2026-01-11 18:19:18.762580+00:00,1003356.0,web-safari,"{'country': 'SA', 'city': 'Riyadh', 'language': 'ar', 'user_type': 'registered', 'is_subscribed': True, 'trial_user': False, 'autoplay': False, 'is_background_play': False}",video,1165,1003.356,0.86
6057,dae31914-2e0c-429d-8e58-6d5b6df85a0c,3fa701c7-bebc-4407-a852-838285433e10,play,2026-01-11 18:39:18.762589+00:00,982505.0,ios,"{'country': 'SA', 'city': 'Riyadh', 'language': 'ar', 'user_type': 'registered', 'is_subscribed': True, 'trial_user': False, 'autoplay': False, 'is_background_play': True}",video,1165,982.505,0.84
6058,dae31914-2e0c-429d-8e58-6d5b6df85a0c,04ab8979-1e90-4eed-9892-01f211eba8db,play,2026-01-11 18:49:18.762599+00:00,107838.0,android,"{'country': 'SA', 'city': 'Riyadh', 'language': 'ar', 'user_type': 'registered', 'is_subscribed': True, 'trial_user': False, 'autoplay': False, 'is_background_play': False}",video,1165,107.838,0.09
6059,dae31914-2e0c-429d-8e58-6d5b6df85a0c,074b65df-41f2-41d8-a980-7ee5e44cd9a0,finish,2026-01-11 18:21:18.762608+00:00,561619.0,web-safari,"{'country': 'SA', 'city': 'Riyadh', 'language': 'ar', 'user_type': 'registered', 'is_subscribed': True, 'trial_user': False, 'autoplay': False, 'is_background_play': False}",video,1165,561.619,0.48
6060,dae31914-2e0c-429d-8e58-6d5b6df85a0c,d9970ce6-247e-411a-9701-11a05fc7fd4d,finish,2026-01-11 18:38:18.762617+00:00,719456.0,web-safari,"{'country': 'SA', 'city': 'Riyadh', 'language': 'ar', 'user_type': 'registered', 'is_subscribed': True, 'trial_user': False, 'autoplay': False, 'is_background_play': False}",video,1165,719.456,0.62
6061,dae31914-2e0c-429d-8e58-6d5b6df85a0c,71e13893-4e5e-4091-bc5c-8adddc7ad244,click,2026-01-11 17:59:18.762626+00:00,,web-chrome,"{'country': 'SA', 'city': 'Riyadh', 'language': 'ar', 'user_type': 'registered', 'is_subscribed': True, 'trial_user': False, 'autoplay': False, 'is_background_play': True}",video,1165,,
6062,dae31914-2e0c-429d-8e58-6d5b6df85a0c,a27a8459-65f5-4648-a68d-8f19246f344a,click,2026-01-11 18:08:18.762635+00:00,,android,"{'country': 'SA', 'city': 'Riyadh', 'language': 'ar', 'user_type': 'registered', 'is_subscribed': True, 'trial_user': False, 'autoplay': False, 'is_background_play': True}",video,1165,,
6063,dae31914-2e0c-429d-8e58-6d5b6df85a0c,26dbd0b2-1422-4dea-ab7c-7d280d54f921,pause,2026-01-11 18:33:18.762644+00:00,238854.0,web-chrome,"{'country': 'SA', 'city': 'Riyadh', 'language': 'ar', 'user_type': 'registered', 'is_subscribed': True, 'trial_user': False, 'autoplay': False, 'is_background_play': True}",video,1165,238.854,0.21
6064,dae31914-2e0c-429d-8e58-6d5b6df85a0c,6104df08-4f7f-4e0e-b7da-d1c69e14831b,pause,2026-01-11 18:36:18.762653+00:00,197466.0,android,"{'country': 'SA', 'city': 'Riyadh', 'language': 'ar', 'user_type': 'registered', 'is_subscribed': True, 'trial_user': False, 'autoplay': False, 'is_background_play': False}",video,1165,197.466,0.17
6065,dae31914-2e0c-429d-8e58-6d5b6df85a0c,80fccf1a-37b1-448c-9c08-1c9d1c8659cc,finish,2026-01-11 18:27:18.762662+00:00,1150349.0,web-chrome,"{'country': 'SA', 'city': 'Riyadh', 'language': 'ar', 'user_type': 'registered', 'is_subscribed': True, 'trial_user': False, 'autoplay': False, 'is_background_play': False}",video,1165,1150.349,0.99
6066,dae31914-2e0c-429d-8e58-6d5b6df85a0c,a73675b4-379a-4a40-967e-0706dc5de806,finish,2026-01-11 18:42:18.762671+00:00,1104579.0,web-chrome,"{'country': 'SA', 'city': 'Riyadh', 'language': 'ar', 'user_type': 'registered', 'is_subscribed': True, 'trial_user': False, 'autoplay': False, 'is_background_play': True}",video,1165,1104.579,0.95
6067,dae31914-2e0c-429d-8e58-6d5b6df85a0c,227079c4-6b09-42ac-b60f-630ac292fc4a,play,2026-01-11 18:48:18.762680+00:00,162771.0,web-chrome,"{'country': 'SA', 'city': 'Riyadh', 'language': 'ar', 'user_type': 'registered', 'is_subscribed': True, 'trial_user': False, 'autoplay': False, 'is_background_play': False}",video,1165,162.771,0.14
6068,dae31914-2e0c-429d-8e58-6d5b6df85a0c,3dacbf11-0df6-418a-b148-2d0f8e42df04,pause,2026-01-11 18:38:18.762689+00:00,849268.0,web-safari,"{'country': 'SA', 'city': 'Riyadh', 'language': 'ar', 'user_type': 'registered', 'is_subscribed': True, 'trial_user': False, 'autoplay': False, 'is_background_play': False}",video,1165,849.268,0.73
6069,dae31914-2e0c-429d-8e58-6d5b6df85a0c,d55b2967-44c9-4535-b424-45188fcf54c7,finish,2026-01-11 17:55:18.762698+00:00,,android,"{'country': 'SA', 'city': 'Riyadh', 'language': 'ar', 'user_type': 'registered', 'is_subscribed': True, 'trial_user': False, 'autoplay': False, 'is_background_play': False}",video,1165,,
6070,dae31914-2e0c-429d-8e58-6d5b6df85a0c,385be124-85ec-4acf-ad93-375adf9cd11c,pause,2026-01-11 18:53:18.762706+00:00,,web-safari,"{'country': 'SA', 'city': 'Riyadh', 'language': 'ar', 'user_type': 'registered', 'is_subscribed': True, 'trial_user': False, 'autoplay': False, 'is_background_play': False}",video,1165,,
6071,dae31914-2e0c-429d-8e58-6d5b6df85a0c,edb3dbca-c417-4a32-8d64-1a133e134253,play,2026-01-11 18:27:18.762715+00:00,842175.0,web-safari,"{'country': 'SA', 'city': 'Riyadh', 'language': 'ar', 'user_type': 'registered', 'is_subscribed': True, 'trial_user': False, 'autoplay': False, 'is_background_play': True}",video,1165,842.175,0.72
6072,dae31914-2e0c-429d-8e58-6d5b6df85a0c,b88b9a21-4a7d-4c09-9e4f-1886b3638cc9,finish,2026-01-11 18:45:18.762724+00:00,549087.0,ios,"{'country': 'SA', 'city': 'Riyadh', 'language': 'ar', 'user_type': 'registered', 'is_subscribed': True, 'trial_user': False, 'autoplay': False, 'is_background_play': True}",video,1165,549.087,0.47
6073,dae31914-2e0c-429d-8e58-6d5b6df85a0c,ca55880e-efcb-4b5f-81d9-9bc877e8ab39,click,2026-01-11 18:29:18.762733+00:00,,ios,"{'country': 'SA', 'city': 'Riyadh', 'language': 'ar', 'user_type': 'registered', 'is_subscribed': True, 'trial_user': False, 'autoplay': False, 'is_background_play': False}",video,1165,,
6074,dae31914-2e0c-429d-8e58-6d5b6df85a0c,a4a29a49-8a7b-4d06-9f8c-08b5bbbbdf0a,click,2026-01-11 17:58:18.762741+00:00,,ios,"{'country': 'SA', 'city': 'Riyadh', 'language': 'ar', 'user_type': 'registered', 'is_subscribed': True, 'trial_user': False, 'autoplay': False, 'is_background_play': True}",video,1165,,
6075,dae31914-2e0c-429d-8e58-6d5b6df85a0c,518bc10c-d70c-4dcf-8efa-866c251ef386,play,2026-01-11 18:55:18.762749+00:00,665975.0,web-chrome,"{'country': 'SA', 'city': 'Riyadh', 'language': 'ar', 'user_type': 'registered', 'is_subscribed': True, 'trial_user': False, 'autoplay': False, 'is_background_play': True}",video,1165,665.975,0.57
6076,dae31914-2e0c-429d-8e58-6d5b6df85a0c,7f7f8e33-f34f-4815-b3fc-76f043160128,click,2026-01-11 18:43:18.762758+00:00,,android,"{'country': 'SA', 'city': 'Riyadh', 'language': 'ar', 'user_type': 'registered', 'is_subscribed': True, 'trial_user': False, 'autoplay': False, 'is_background_play': True}",video,1165,,
6077,dae31914-2e0c-429d-8e58-6d5b6df85a0c,5bcb2352-e129-4672-b30e-87742899ff46,pause,2026-01-11 18:16:18.762772+00:00,261837.0,web-safari,"{'country': 'SA', 'city': 'Riyadh', 'language': 'ar', 'user_type': 'registered', 'is_subscribed': True, 'trial_user': False, 'autoplay': False, 'is_background_play': False}",video,1165,261.837,0.22
6078,dae31914-2e0c-429d-8e58-6d5b6df85a0c,316c9ead-3a57-431d-a7f6-cc804ea85b60,finish,2026-01-11 18:28:18.762781+00:00,395648.0,web-safari,"{'country': 'SA', 'city': 'Riyadh', 'language': 'ar', 'user_type': 'registered', 'is_subscribed': True, 'trial_user': False, 'autoplay': False, 'is_background_play': True}",video,1165,395.648,0.34
6079,dae31914-2e0c-429d-8e58-6d5b6df85a0c,304fe995-24c8-4dd2-90b8-859c8cd0eb17,pause,2026-01-11 18:00:18.762792+00:00,1065305.0,web-chrome,"{'country': 'SA', 'city': 'Riyadh', 'language': 'ar', 'user_type': 'registered', 'is_subscribed': True, 'trial_user': False, 'autoplay': False, 'is_background_play': True}",video,1165,1065.305,0.91
6080,dae31914-2e0c-429d-8e58-6d5b6df85a0c,3375515b-2a77-4982-9479-2fd14e97a91c,pause,2026-01-11 18:25:18.762804+00:00,463147.0,web-chrome,"{'country': 'SA', 'city': 'Riyadh', 'language': 'ar', 'user_type': 'registered', 'is_subscribed': True, 'trial_user': False, 'autoplay': False, 'is_background_play': True}",video,1165,463.147,0.4
6081,4352e91f-5c45-47d2-b418-b06908bbfb4e,75464aa2-f7de-454f-a36d-80c0d017fcec,pause,2026-01-11 18:17:18.762815+00:00,4904.0,android,"{'country': 'SA', 'city': 'Riyadh', 'language': 'ar', 'user_type': 'registered', 'is_subscribed': True, 'trial_user': False, 'autoplay': False, 'is_background_play': True}",video,1038,4.904,0.0
6082,4352e91f-5c45-47d2-b418-b06908bbfb4e,07947697-88c2-4edf-844e-d27aadd547d9,play,2026-01-11 18:46:18.762827+00:00,899508.0,web-chrome,"{'country': 'SA', 'city': 'Riyadh', 'language': 'ar', 'user_type': 'registered', 'is_subscribed': True, 'trial_user': False, 'autoplay': False, 'is_background_play': True}",video,1038,899.508,0.87
6083,4352e91f-5c45-47d2-b418-b06908bbfb4e,b84e2482-8d01-40e1-88a3-8df252be9f0e,finish,2026-01-11 18:35:18.762837+00:00,354072.0,web-safari,"{'country': 'SA', 'city': 'Riyadh', 'language': 'ar', 'user_type': 'registered', 'is_subscribed': True, 'trial_user': False, 'autoplay': False, 'is_background_play': False}",video,1038,354.072,0.34
6084,4352e91f-5c45-47d2-b418-b06908bbfb4e,f4369e51-90bc-4f35-8ec6-f27a923f4459,pause,2026-01-11 18:46:18.762847+00:00,241871.0,web-chrome,"{'country': 'SA', 'city': 'Riyadh', 'language': 'ar', 'user_type': 'registered', 'is_subscribed': True, 'trial_user': False, 'autoplay': False, 'is_background_play': True}",video,1038,241.871,0.23
6085,4352e91f-5c45-47d2-b418-b06908bbfb4e,32ea5273-8325-489c-9805-9f059e4529f6,finish,2026-01-11 18:01:18.762856+00:00,1028746.0,web-safari,"{'country': 'SA', 'city': 'Riyadh', 'language': 'ar', 'user_type': 'registered', 'is_subscribed': True, 'trial_user': False, 'autoplay': False, 'is_background_play': True}",video,1038,1028.746,0.99
6086,4352e91f-5c45-47d2-b418-b06908bbfb4e,7109debe-ae80-4e3e-9a6b-4d853bfb93e4,play,2026-01-11 18:47:18.762866+00:00,41446.0,web-chrome,"{'country': 'SA', 'city': 'Riyadh', 'language': 'ar', 'user_type': 'registered', 'is_subscribed': True, 'trial_user': False, 'autoplay': False, 'is_background_play': False}",video,1038,41.446,0.04
6087,4352e91f-5c45-47d2-b418-b06908bbfb4e,444bf724-a45f-4db4-9b17-e4141c28ebdf,pause,2026-01-11 18:00:18.762875+00:00,347697.0,web-safari,"{'country': 'SA', 'city': 'Riyadh', 'language': 'ar', 'user_type': 'registered', 'is_subscribed': True, 'trial_user': False, 'autoplay': False, 'is_background_play': False}",video,1038,347.697,0.33
6088,4352e91f-5c45-47d2-b418-b06908bbfb4e,2c60d55e-cf04-44c6-a331-82d60a1db7bb,finish,2026-01-11 18:13:18.762885+00:00,528046.0,web-safari,"{'country': 'SA', 'city': 'Riyadh', 'language': 'ar', 'user_type': 'registered', 'is_subscribed': True, 'trial_user': False, 'autoplay': False, 'is_background_play': False}",video,1038,528.046,0.51
6089,4352e91f-5c45-47d2-b418-b06908bbfb4e,028534cc-4019-49aa-bff4-3ee7130e7e96,pause,2026-01-11 18:46:18.762894+00:00,,web-safari,"{'country': 'SA', 'city': 'Riyadh', 'language': 'ar', 'user_type': 'registered', 'is_subscribed': True, 'trial_user': False, 'autoplay': False, 'is_background_play': True}",video,1038,,
6090,4352e91f-5c45-47d2-b418-b06908bbfb4e,bb84f5b6-e28c-4e25-b8dc-d220d3454cbd,finish,2026-01-11 17:57:18.762904+00:00,,android,"{'country': 'SA', 'city': 'Riyadh', 'language': 'ar', 'user_type': 'registered', 'is_subscribed': True, 'trial_user': False, 'autoplay': False, 'is_background_play': True}",video,1038,,
6091,4352e91f-5c45-47d2-b418-b06908bbfb4e,352ee32b-bb06-4624-b682-45a09ada1e56,click,2026-01-11 18:12:18.762913+00:00,,ios,"{'country': 'SA', 'city': 'Riyadh', 'language': 'ar', 'user_type': 'registered', 'is_subscribed': True, 'trial_user': False, 'autoplay': False, 'is_background_play': False}",video,1038,,
6092,4352e91f-5c45-47d2-b418-b06908bbfb4e,aea49d7e-70b6-4882-a055-b9f5f5bca22a,pause,2026-01-11 18:49:18.762921+00:00,172720.0,web-safari,"{'country': 'SA', 'city': 'Riyadh', 'language': 'ar', 'user_type': 'registered', 'is_subscribed': True, 'trial_user': False, 'autoplay': False, 'is_background_play': False}",video,1038,172.72,0.17
6093,4352e91f-5c45-47d2-b418-b06908bbfb4e,eb9323a1-88b3-4654-b906-41733a8871ca,pause,2026-01-11 18:45:18.762930+00:00,409052.0,ios,"{'country': 'SA', 'city': 'Riyadh', 'language': 'ar', 'user_type': 'registered', 'is_subscribed': True, 'trial_user': False, 'autoplay': False, 'is_background_play': True}",video,1038,409.052,0.39
6094,4352e91f-5c45-47d2-b418-b06908bbfb4e,4fdde238-5b81-4e50-b106-0b6881ba612f,play,2026-01-11 18:26:18.762940+00:00,1006087.0,ios,"{'country': 'SA', 'city': 'Riyadh', 'language': 'ar', 'user_type': 'registered', 'is_subscribed': True, 'trial_user': False, 'autoplay': False, 'is_background_play': True}",video,1038,1006.087,0.97
6095,4352e91f-5c45-47d2-b418-b06908bbfb4e,17fc49df-5867-4b2c-ab3c-0daba8f9788f,play,2026-01-11 18:34:18.762949+00:00,267103.0,ios,"{'country': 'SA', 'city': 'Riyadh', 'language': 'ar', 'user_type': 'registered', 'is_subscribed': True, 'trial_user': False, 'autoplay': False, 'is_background_play': False}",video,1038,267.103,0.26
6096,4352e91f-5c45-47d2-b418-b06908bbfb4e,acfc885d-25b9-474f-8fd0-e260c22709e5,finish,2026-01-11 18:01:18.762958+00:00,224500.0,android,"{'country': 'SA', 'city': 'Riyadh', 'language': 'ar', 'user_type': 'registered', 'is_subscribed': True, 'trial_user': False, 'autoplay': False, 'is_background_play': False}",video,1038,224.5,0.22
6097,4352e91f-5c45-47d2-b418-b06908bbfb4e,5faf7518-c5f9-4c8e-98c9-354f2bb78d24,pause,2026-01-11 18:41:18.762967+00:00,453116.0,web-safari,"{'country': 'SA', 'city': 'Riyadh', 'language': 'ar', 'user_type': 'registered', 'is_subscribed': True, 'trial_user': False, 'autoplay': False, 'is_background_play': False}",video,1038,453.116,0.44
6098,4352e91f-5c45-47d2-b418-b06908bbfb4e,f9c73533-72f7-4658-96c6-a7430715cc12,pause,2026-01-11 18:03:18.762977+00:00,260366.0,android,"{'country': 'SA', 'city': 'Riyadh', 'language': 'ar', 'user_type': 'registered', 'is_subscribed': True, 'trial_user': False, 'autoplay': False, 'is_background_play': True}",video,1038,260.366,0.25
6099,4352e91f-5c45-47d2-b418-b06908bbfb4e,d8061213-0c41-45a7-aaf3-af80e12e2602,play,2026-01-11 18:31:18.762986+00:00,725036.0,web-safari,"{'country': 'SA', 'city': 'Riyadh', 'language': 'ar', 'user_type': 'registered', 'is_subscribed': True, 'trial_user': False, 'autoplay': False, 'is_background_play': False}",video,1038,725.036,0.7
6100,4352e91f-5c45-47d2-b418-b06908bbfb4e,d2bb9716-192a-4742-887e-ffb0fbf0c751,finish,2026-01-11 18:34:18.762995+00:00,895810.0,ios,"{'country': 'SA', 'city': 'Riyadh', 'language': 'ar', 'user_type': 'registered', 'is_subscribed': True, 'trial_user': False, 'autoplay': False, 'is_background_play': False}",video,1038,895.81,0.86
6101,4352e91f-5c45-47d2-b418-b06908bbfb4e,33e67f86-aa63-4c97-a7f1-98e4fd3ac4d5,pause,2026-01-11 18:12:18.763004+00:00,142633.0,ios,"{'country': 'SA', 'city': 'Riyadh', 'language': 'ar', 'user_type': 'registered', 'is_subscribed': True, 'trial_user': False, 'autoplay': False, 'is_background_play': False}",video,1038,142.633,0.14
6102,4352e91f-5c45-47d2-b418-b06908bbfb4e,5b05a055-91c8-4a59-97fa-cbd548158ffd,play,2026-01-11 18:13:18.763020+00:00,126400.0,web-chrome,"{'country': 'SA', 'city': 'Riyadh', 'language': 'ar', 'user_type': 'registered', 'is_subscribed': True, 'trial_user': False, 'autoplay': False, 'is_background_play': False}",video,1038,126.4,0.12
6103,4352e91f-5c45-47d2-b418-b06908bbfb4e,2e6ee510-4853-4750-9900-5d3486714a61,click,2026-01-11 18:28:18.763031+00:00,,ios,"{'country': 'SA', 'city': 'Riyadh', 'language': 'ar', 'user_type': 'registered', 'is_subscribed': True, 'trial_user': False, 'autoplay': False, 'is_background_play': False}",video,1038,,
6104,4352e91f-5c45-47d2-b418-b06908bbfb4e,693d0390-e94f-4224-b717-d6603b6da4f9,click,2026-01-11 17:56:18.763042+00:00,,web-safari,"{'country': 'SA', 'city': 'Riyadh', 'language': 'ar', 'user_type': 'registered', 'is_subscribed': True, 'trial_user': False, 'autoplay': False, 'is_background_play': False}",video,1038,,
6105,4352e91f-5c45-47d2-b418-b06908bbfb4e,8b6f0c2e-caa4-4ba7-8af0-e3a61ba21a58,click,2026-01-11 18:36:18.763054+00:00,,web-chrome,"{'country': 'SA', 'city': 'Riyadh', 'language': 'ar', 'user_type': 'registered', 'is_subscribed': True, 'trial_user': False, 'autoplay': False, 'is_background_play': False}",video,1038,,
6106,4352e91f-5c45-47d2-b418-b06908bbfb4e,21fbd5ac-d7de-4d03-b3de-b819524bc7d3,pause,2026-01-11 18:15:18.763063+00:00,1031052.0,android,"{'country': 'SA', 'city': 'Riyadh', 'language': 'ar', 'user_type': 'registered', 'is_subscribed': True, 'trial_user': False, 'autoplay': False, 'is_background_play': False}",video,1038,1031.052,0.99
6107,4352e91f-5c45-47d2-b418-b06908bbfb4e,572fb7e9-594e-4fb3-962f-f69f0d8cb7e8,play,2026-01-11 18:21:18.763073+00:00,887207.0,web-safari,"{'country': 'SA', 'city': 'Riyadh', 'language': 'ar', 'user_type': 'registered', 'is_subscribed': True, 'trial_user': False, 'autoplay': False, 'is_background_play': True}",video,1038,887.207,0.85
6108,4352e91f-5c45-47d2-b418-b06908bbfb4e,9cab2d35-c5cf-4d54-81c8-eda339756604,click,2026-01-11 18:11:18.763082+00:00,,web-safari,"{'country': 'SA', 'city': 'Riyadh', 'language': 'ar', 'user_type': 'registered', 'is_subscribed': True, 'trial_user': False, 'autoplay': False, 'is_background_play': False}",video,1038,,
6109,4352e91f-5c45-47d2-b418-b06908bbfb4e,8b569b2c-0cc9-4627-b01e-0f2ac9310ad9,pause,2026-01-11 18:11:18.763091+00:00,889053.0,ios,"{'country': 'SA', 'city': 'Riyadh', 'language': 'ar', 'user_type': 'registered', 'is_subscribed': True, 'trial_user': False, 'autoplay': False, 'is_background_play': False}",video,1038,889.053,0.86
6110,4352e91f-5c45-47d2-b418-b06908bbfb4e,9a75a620-028f-4d76-b440-90bd98e2def2,pause,2026-01-11 18:24:18.763101+00:00,643569.0,ios,"{'country': 'SA', 'city': 'Riyadh', 'language': 'ar', 'user_type': 'registered', 'is_subscribed': True, 'trial_user': False, 'autoplay': False, 'is_background_play': False}",video,1038,643.569,0.62
6111,4352e91f-5c45-47d2-b418-b06908bbfb4e,ea33a504-e20c-4433-99ba-32b9ac78fb16,play,2026-01-11 18:40:18.763111+00:00,242541.0,ios,"{'country': 'SA', 'city': 'Riyadh', 'language': 'ar', 'user_type': 'registered', 'is_subscribed': True, 'trial_user': False, 'autoplay': False, 'is_background_play': True}",video,1038,242.541,0.23
6112,4352e91f-5c45-47d2-b418-b06908bbfb4e,08c91653-e39c-4954-8e2c-d6cfc8d317a6,play,2026-01-11 18:39:18.763120+00:00,190639.0,android,"{'country': 'SA', 'city': 'Riyadh', 'language': 'ar', 'user_type': 'registered', 'is_subscribed': True, 'trial_user': False, 'autoplay': False, 'is_background_play': True}",video,1038,190.639,0.18
6113,4352e91f-5c45-47d2-b418-b06908bbfb4e,9d6348a7-0a6d-4884-afc0-ad5e2a2ed29b,play,2026-01-11 18:15:18.763130+00:00,1015032.0,web-safari,"{'country': 'SA', 'city': 'Riyadh', 'language': 'ar', 'user_type': 'registered', 'is_subscribed': True, 'trial_user': False, 'autoplay': False, 'is_background_play': False}",video,1038,1015.032,0.98
6114,4352e91f-5c45-47d2-b418-b06908bbfb4e,75d12028-e716-4123-9355-a6f8498b8ff1,play,2026-01-11 18:36:18.763139+00:00,227273.0,web-chrome,"{'country': 'SA', 'city': 'Riyadh', 'language': 'ar', 'user_type': 'registered', 'is_subscribed': True, 'trial_user': False, 'autoplay': False, 'is_background_play': False}",video,1038,227.273,0.22
6115,4352e91f-5c45-47d2-b418-b06908bbfb4e,50827d53-f5bf-4f3d-9941-22b603eb23ad,play,2026-01-11 18:49:18.763149+00:00,135353.0,ios,"{'country': 'SA', 'city': 'Riyadh', 'language': 'ar', 'user_type': 'registered', 'is_subscribed': True, 'trial_user': False, 'autoplay': False, 'is_background_play': True}",video,1038,135.353,0.13
6116,4352e91f-5c45-47d2-b418-b06908bbfb4e,6887016e-0440-46ba-a240-b1f494eb933b,pause,2026-01-11 18:25:18.763158+00:00,988866.0,android,"{'country': 'SA', 'city': 'Riyadh', 'language': 'ar', 'user_type': 'registered', 'is_subscribed': True, 'trial_user': False, 'autoplay': False, 'is_background_play': True}",video,1038,988.866,0.95
6117,4352e91f-5c45-47d2-b418-b06908bbfb4e,719f4343-e380-45ae-8ab0-dcd5527b44ec,pause,2026-01-11 17:55:18.763167+00:00,571803.0,web-chrome,"{'country': 'SA', 'city': 'Riyadh', 'language': 'ar', 'user_type': 'registered', 'is_subscribed': True, 'trial_user': False, 'autoplay': False, 'is_background_play': True}",video,1038,571.803,0.55
6118,4352e91f-5c45-47d2-b418-b06908bbfb4e,8665d264-adc0-418f-b89d-71666d2509b9,pause,2026-01-11 17:56:18.763177+00:00,423060.0,web-safari,"{'country': 'SA', 'city': 'Riyadh', 'language': 'ar', 'user_type': 'registered', 'is_subscribed': True, 'trial_user': False, 'autoplay': False, 'is_background_play': False}",video,1038,423.06,0.41
6119,4352e91f-5c45-47d2-b418-b06908bbfb4e,d79efc3c-ec25-4b69-aae0-be05e5de03df,play,2026-01-11 18:37:18.763186+00:00,550582.0,web-chrome,"{'country': 'SA', 'city': 'Riyadh', 'language': 'ar', 'user_type': 'registered', 'is_subscribed': True, 'trial_user': False, 'autoplay': False, 'is_background_play': True}",video,1038,550.582,0.53
6120,4352e91f-5c45-47d2-b418-b06908bbfb4e,43740a5a-4285-4240-8673-8b897504c7a6,click,2026-01-11 18:34:18.763195+00:00,,ios,"{'country': 'SA', 'city': 'Riyadh', 'language': 'ar', 'user_type': 'registered', 'is_subscribed': True, 'trial_user': False, 'autoplay': False, 'is_background_play': False}",video,1038,,
6121,419c14e6-c55b-4065-bb86-a9ceeed4362e,5b9e4108-207d-4226-a95d-789f40ae2a43,pause,2026-01-11 18:21:18.763204+00:00,2016051.0,web-chrome,"{'country': 'SA', 'city': 'Riyadh', 'language': 'ar', 'user_type': 'registered', 'is_subscribed': True, 'trial_user': False, 'autoplay': False, 'is_background_play': False}",podcast,2629,2016.051,0.77
6122,419c14e6-c55b-4065-bb86-a9ceeed4362e,a124226d-faad-449f-86e9-899b51f9c107,pause,2026-01-11 18:42:18.763214+00:00,817936.0,android,"{'country': 'SA', 'city': 'Riyadh', 'language': 'ar', 'user_type': 'registered', 'is_subscribed': True, 'trial_user': False, 'autoplay': False, 'is_background_play': False}",podcast,2629,817.936,0.31
6123,419c14e6-c55b-4065-bb86-a9ceeed4362e,f012936b-f535-4de1-a967-a2ebab5e65df,pause,2026-01-11 18:29:18.763223+00:00,786540.0,web-chrome,"{'country': 'SA', 'city': 'Riyadh', 'language': 'ar', 'user_type': 'registered', 'is_subscribed': True, 'trial_user': False, 'autoplay': False, 'is_background_play': True}",podcast,2629,786.54,0.3
6124,419c14e6-c55b-4065-bb86-a9ceeed4362e,4b4e20b5-1412-46cf-ab49-358377bb51e0,pause,2026-01-11 18:53:18.763233+00:00,694229.0,web-safari,"{'country': 'SA', 'city': 'Riyadh', 'language': 'ar', 'user_type': 'registered', 'is_subscribed': True, 'trial_user': False, 'autoplay': False, 'is_background_play': True}",podcast,2629,694.229,0.26
6125,419c14e6-c55b-4065-bb86-a9ceeed4362e,c60d4ef6-55ef-48a3-a0a6-6646bc684688,play,2026-01-11 18:04:18.763243+00:00,1894430.0,android,"{'country': 'SA', 'city': 'Riyadh', 'language': 'ar', 'user_type': 'registered', 'is_subscribed': True, 'trial_user': False, 'autoplay': False, 'is_background_play': True}",podcast,2629,1894.43,0.72
6126,419c14e6-c55b-4065-bb86-a9ceeed4362e,778add46-14f6-4dab-9ca0-b81c83c6c9b6,click,2026-01-11 18:22:18.763252+00:00,,ios,"{'country': 'SA', 'city': 'Riyadh', 'language': 'ar', 'user_type': 'registered', 'is_subscribed': True, 'trial_user': False, 'autoplay': False, 'is_background_play': False}",podcast,2629,,
6127,419c14e6-c55b-4065-bb86-a9ceeed4362e,be73f88b-b270-413c-b595-b3de0d459eb6,pause,2026-01-11 18:04:18.763277+00:00,2535920.0,web-chrome,"{'country': 'SA', 'city': 'Riyadh', 'language': 'ar', 'user_type': 'registered', 'is_subscribed': True, 'trial_user': False, 'autoplay': False, 'is_background_play': False}",podcast,2629,2535.92,0.96
6128,419c14e6-c55b-4065-bb86-a9ceeed4362e,efa3115c-319d-4741-9622-3c80c161395f,finish,2026-01-11 18:05:18.763290+00:00,2241028.0,web-safari,"{'country': 'SA', 'city': 'Riyadh', 'language': 'ar', 'user_type': 'registered', 'is_subscribed': True, 'trial_user': False, 'autoplay': False, 'is_background_play': True}",podcast,2629,2241.028,0.85
6129,419c14e6-c55b-4065-bb86-a9ceeed4362e,2b320dfd-91ce-482d-b847-40e0828839f9,play,2026-01-11 18:28:18.763300+00:00,458082.0,ios,"{'country': 'SA', 'city': 'Riyadh', 'language': 'ar', 'user_type': 'registered', 'is_subscribed': True, 'trial_user': False, 'autoplay': False, 'is_background_play': False}",podcast,2629,458.082,0.17
6130,419c14e6-c55b-4065-bb86-a9ceeed4362e,bf7a25b5-9d41-4c35-ae3c-52e609c39758,click,2026-01-11 18:09:18.763309+00:00,,ios,"{'country': 'SA', 'city': 'Riyadh', 'language': 'ar', 'user_type': 'registered', 'is_subscribed': True, 'trial_user': False, 'autoplay': False, 'is_background_play': False}",podcast,2629,,
6131,419c14e6-c55b-4065-bb86-a9ceeed4362e,42252a7a-a8ff-4c36-b7af-6a0706deba6d,play,2026-01-11 18:15:18.763318+00:00,662865.0,ios,"{'country': 'SA', 'city': 'Riyadh', 'language': 'ar', 'user_type': 'registered', 'is_subscribed': True, 'trial_user': False, 'autoplay': False, 'is_background_play': False}",podcast,2629,662.865,0.25
6132,419c14e6-c55b-4065-bb86-a9ceeed4362e,71bd3e8d-cd28-401a-b38c-70067d8e9641,click,2026-01-11 18:18:18.763327+00:00,,android,"{'country': 'SA', 'city': 'Riyadh', 'language': 'ar', 'user_type': 'registered', 'is_subscribed': True, 'trial_user': False, 'autoplay': False, 'is_background_play': True}",podcast,2629,,
6133,419c14e6-c55b-4065-bb86-a9ceeed4362e,c5077820-b2ba-47bd-aef7-611c48b626d4,finish,2026-01-11 18:09:18.763335+00:00,224412.0,web-safari,"{'country': 'SA', 'city': 'Riyadh', 'language': 'ar', 'user_type': 'registered', 'is_subscribed': True, 'trial_user': False, 'autoplay': False, 'is_background_play': False}",podcast,2629,224.412,0.09
6134,419c14e6-c55b-4065-bb86-a9ceeed4362e,ffa18a4b-2b58-4523-ba5c-5b62b0a2db93,click,2026-01-11 18:10:18.763345+00:00,,android,"{'country': 'SA', 'city': 'Riyadh', 'language': 'ar', 'user_type': 'registered', 'is_subscribed': True, 'trial_user': False, 'autoplay': False, 'is_background_play': True}",podcast,2629,,
6135,419c14e6-c55b-4065-bb86-a9ceeed4362e,ae4d3f9c-01ae-486c-a6e2-80ef4c3b5f50,pause,2026-01-11 18:23:18.763353+00:00,,web-safari,"{'country': 'SA', 'city': 'Riyadh', 'language': 'ar', 'user_type': 'registered', 'is_subscribed': True, 'trial_user': False, 'autoplay': False, 'is_background_play': False}",podcast,2629,,
6136,419c14e6-c55b-4065-bb86-a9ceeed4362e,feae68e4-07ba-46f7-8e80-6a3017c35052,play,2026-01-11 17:59:18.763362+00:00,,android,"{'country': 'SA', 'city': 'Riyadh', 'language': 'ar', 'user_type': 'registered', 'is_subscribed': True, 'trial_user': False, 'autoplay': False, 'is_background_play': False}",podcast,2629,,
6137,419c14e6-c55b-4065-bb86-a9ceeed4362e,b082a1c9-dc89-4c16-b2c3-d45583aef615,finish,2026-01-11 18:51:18.763370+00:00,,android,"{'country': 'SA', 'city': 'Riyadh', 'language': 'ar', 'user_type': 'registered', 'is_subscribed': True, 'trial_user': False, 'autoplay': False, 'is_background_play': True}",podcast,2629,,
6138,419c14e6-c55b-4065-bb86-a9ceeed4362e,275982cc-ba9d-4a54-bcc2-7f4fabeda50f,click,2026-01-11 18:29:18.763378+00:00,,ios,"{'country': 'SA', 'city': 'Riyadh', 'language': 'ar', 'user_type': 'registered', 'is_subscribed': True, 'trial_user': False, 'autoplay': False, 'is_background_play': True}",podcast,2629,,
6139,419c14e6-c55b-4065-bb86-a9ceeed4362e,a51bd5ab-f881-4170-80a8-d92e32ef1a80,pause,2026-01-11 17:59:18.763387+00:00,2560527.0,web-chrome,"{'country': 'SA', 'city': 'Riyadh', 'language': 'ar', 'user_type': 'registered', 'is_subscribed': True, 'trial_user': False, 'autoplay': False, 'is_background_play': True}",podcast,2629,2560.527,0.97
6140,419c14e6-c55b-4065-bb86-a9ceeed4362e,b6889e18-637f-4394-a2d1-2ff14ed5f4ab,click,2026-01-11 18:38:18.763396+00:00,,android,"{'country': 'SA', 'city': 'Riyadh', 'language': 'ar', 'user_type': 'registered', 'is_subscribed': True, 'trial_user': False, 'autoplay': False, 'is_background_play': True}",podcast,2629,,
6141,419c14e6-c55b-4065-bb86-a9ceeed4362e,8dcddb19-5a9c-49c3-8c4c-1d4062e6b7f1,finish,2026-01-11 18:12:18.763404+00:00,1899795.0,ios,"{'country': 'SA', 'city': 'Riyadh', 'language': 'ar', 'user_type': 'registered', 'is_subscribed': True, 'trial_user': False, 'autoplay': False, 'is_background_play': True}",podcast,2629,1899.795,0.72
6142,419c14e6-c55b-4065-bb86-a9ceeed4362e,3e37ddae-8ce6-4983-b42b-d2007873c3a7,click,2026-01-11 17:59:18.763413+00:00,,ios,"{'country': 'SA', 'city': 'Riyadh', 'language': 'ar', 'user_type': 'registered', 'is_subscribed': True, 'trial_user': False, 'autoplay': False, 'is_background_play': True}",podcast,2629,,
6143,419c14e6-c55b-4065-bb86-a9ceeed4362e,ce82c765-8d4e-4b19-80a4-34fe74859e1b,click,2026-01-11 18:02:18.763422+00:00,,web-chrome,"{'country': 'SA', 'city': 'Riyadh', 'language': 'ar', 'user_type': 'registered', 'is_subscribed': True, 'trial_user': False, 'autoplay': False, 'is_background_play': False}",podcast,2629,,
6144,419c14e6-c55b-4065-bb86-a9ceeed4362e,aab285ec-f60f-4bbc-aae6-260691ca60cc,click,2026-01-11 18:12:18.763430+00:00,,ios,"{'country': 'SA', 'city': 'Riyadh', 'language': 'ar', 'user_type': 'registered', 'is_subscribed': True, 'trial_user': False, 'autoplay': False, 'is_background_play': False}",podcast,2629,,
6145,419c14e6-c55b-4065-bb86-a9ceeed4362e,ecac6a55-f94f-4c38-9c89-2b617b67d61a,play,2026-01-11 18:25:18.763438+00:00,2338705.0,ios,"{'country': 'SA', 'city': 'Riyadh', 'language': 'ar', 'user_type': 'registered', 'is_subscribed': True, 'trial_user': False, 'autoplay': False, 'is_background_play': False}",podcast,2629,2338.705,0.89
6146,419c14e6-c55b-4065-bb86-a9ceeed4362e,5ad0584c-b256-4c1c-9b5c-a44299b63179,click,2026-01-11 18:27:18.763448+00:00,,web-safari,"{'country': 'SA', 'city': 'Riyadh', 'language': 'ar', 'user_type': 'registered', 'is_subscribed': True, 'trial_user': False, 'autoplay': False, 'is_background_play': False}",podcast,2629,,
6147,419c14e6-c55b-4065-bb86-a9ceeed4362e,57e0cf8c-5ec8-4d3f-a688-8206fbddb337,finish,2026-01-11 18:16:18.763456+00:00,22739.0,web-safari,"{'country': 'SA', 'city': 'Riyadh', 'language': 'ar', 'user_type': 'registered', 'is_subscribed': True, 'trial_user': False, 'autoplay': False, 'is_background_play': False}",podcast,2629,22.739,0.01
6148,419c14e6-c55b-4065-bb86-a9ceeed4362e,331c4ec2-e0e5-43cb-a4c9-fd8d34b15efb,pause,2026-01-11 17:57:18.763465+00:00,1156904.0,ios,"{'country': 'SA', 'city': 'Riyadh', 'language': 'ar', 'user_type': 'registered', 'is_subscribed': True, 'trial_user': False, 'autoplay': False, 'is_background_play': True}",podcast,2629,1156.904,0.44
6149,419c14e6-c55b-4065-bb86-a9ceeed4362e,ce40fc43-2878-499c-a85b-f22136851e7d,finish,2026-01-11 18:17:18.763474+00:00,1699275.0,web-safari,"{'country': 'SA', 'city': 'Riyadh', 'language': 'ar', 'user_type': 'registered', 'is_subscribed': True, 'trial_user': False, 'autoplay': False, 'is_background_play': True}",podcast,2629,1699.275,0.65
6150,419c14e6-c55b-4065-bb86-a9ceeed4362e,f3bfb9e5-4e82-4cbd-a409-6ffc8c4d168c,click,2026-01-11 18:21:18.763483+00:00,,ios,"{'country': 'SA', 'city': 'Riyadh', 'language': 'ar', 'user_type': 'registered', 'is_subscribed': True, 'trial_user': False, 'autoplay': False, 'is_background_play': True}",podcast,2629,,
6151,419c14e6-c55b-4065-bb86-a9ceeed4362e,996bbcfd-9ac4-49d8-b3d0-e09482d901f6,play,2026-01-11 18:14:18.763491+00:00,1450342.0,web-chrome,"{'country': 'SA', 'city': 'Riyadh', 'language': 'ar', 'user_type': 'registered', 'is_subscribed': True, 'trial_user': False, 'autoplay': False, 'is_background_play': True}",podcast,2629,1450.342,0.55
6152,419c14e6-c55b-4065-bb86-a9ceeed4362e,e1edce48-353d-4de7-aeee-b10c9a633ed4,play,2026-01-11 18:48:18.763512+00:00,1738245.0,android,"{'country': 'SA', 'city': 'Riyadh', 'language': 'ar', 'user_type': 'registered', 'is_subscribed': True, 'trial_user': False, 'autoplay': False, 'is_background_play': True}",podcast,2629,1738.245,0.66
6153,419c14e6-c55b-4065-bb86-a9ceeed4362e,aa86e226-9742-4cdb-b915-38d9badcc314,finish,2026-01-11 18:45:18.763523+00:00,2317105.0,web-chrome,"{'country': 'SA', 'city': 'Riyadh', 'language': 'ar', 'user_type': 'registered', 'is_subscribed': True, 'trial_user': False, 'autoplay': False, 'is_background_play': False}",podcast,2629,2317.105,0.88
6154,419c14e6-c55b-4065-bb86-a9ceeed4362e,a29a8a64-ae3a-4994-903c-149bcacabda8,pause,2026-01-11 18:45:18.763533+00:00,503502.0,web-chrome,"{'country': 'SA', 'city': 'Riyadh', 'language': 'ar', 'user_type': 'registered', 'is_subscribed': True, 'trial_user': False, 'autoplay': False, 'is_background_play': True}",podcast,2629,503.502,0.19
6155,419c14e6-c55b-4065-bb86-a9ceeed4362e,9953bcb4-062e-4b7b-a7ce-41366ea22d73,pause,2026-01-11 18:54:18.763542+00:00,1600526.0,web-safari,"{'country': 'SA', 'city': 'Riyadh', 'language': 'ar', 'user_type': 'registered', 'is_subscribed': True, 'trial_user': False, 'autoplay': False, 'is_background_play': True}",podcast,2629,1600.526,0.61
6156,419c14e6-c55b-4065-bb86-a9ceeed4362e,93ce866f-93e7-42b7-9c37-64b01f069297,finish,2026-01-11 18:45:18.763551+00:00,1479112.0,ios,"{'country': 'SA', 'city': 'Riyadh', 'language': 'ar', 'user_type': 'registered', 'is_subscribed': True, 'trial_user': False, 'autoplay': False, 'is_background_play': True}",podcast,2629,1479.112,0.56
6157,419c14e6-c55b-4065-bb86-a9ceeed4362e,4f4e7b32-8b54-4c9c-b59a-afee00797d2d,play,2026-01-11 18:42:18.763559+00:00,1330039.0,web-safari,"{'country': 'SA', 'city': 'Riyadh', 'language': 'ar', 'user_type': 'registered', 'is_subscribed': True, 'trial_user': False, 'autoplay': False, 'is_background_play': True}",podcast,2629,1330.039,0.51
6158,419c14e6-c55b-4065-bb86-a9ceeed4362e,13576b45-3021-452b-a87e-3356289843b4,pause,2026-01-11 18:16:18.763568+00:00,,ios,"{'country': 'SA', 'city': 'Riyadh', 'language': 'ar', 'user_type': 'registered', 'is_subscribed': True, 'trial_user': False, 'autoplay': False, 'is_background_play': False}",podcast,2629,,
6159,419c14e6-c55b-4065-bb86-a9ceeed4362e,c09705dd-191c-409d-b158-b8cd1f5081c7,click,2026-01-11 18:09:18.763577+00:00,,android,"{'country': 'SA', 'city': 'Riyadh', 'language': 'ar', 'user_type': 'registered', 'is_subscribed': True, 'trial_user': False, 'autoplay': False, 'is_background_play': False}",podcast,2629,,
6160,419c14e6-c55b-4065-bb86-a9ceeed4362e,805a62de-1662-4d1b-9f92-a37f62590de6,pause,2026-01-11 18:16:18.763586+00:00,,android,"{'country': 'SA', 'city': 'Riyadh', 'language': 'ar', 'user_type': 'registered', 'is_subscribed': True, 'trial_user': False, 'autoplay': False, 'is_background_play': True}",podcast,2629,,
6161,bdada213-6d2d-40f0-be93-f800a5df8d95,d981e89c-f0f1-4f29-af6d-897a1d395773,play,2026-01-11 18:21:18.763594+00:00,975455.0,web-safari,"{'country': 'SA', 'city': 'Riyadh', 'language': 'ar', 'user_type': 'registered', 'is_subscribed': True, 'trial_user': False, 'autoplay': False, 'is_background_play': False}",podcast,2170,975.455,0.45
6162,bdada213-6d2d-40f0-be93-f800a5df8d95,0afcaf7d-9ffb-4a19-ab2f-2fe331d052f9,click,2026-01-11 18:03:18.763604+00:00,,web-chrome,"{'country': 'SA', 'city': 'Riyadh', 'language': 'ar', 'user_type': 'registered', 'is_subscribed': True, 'trial_user': False, 'autoplay': False, 'is_background_play': False}",podcast,2170,,
6163,bdada213-6d2d-40f0-be93-f800a5df8d95,81f2f4dd-e622-4836-85f7-e283773f2d83,play,2026-01-11 18:31:18.763612+00:00,1692349.0,web-safari,"{'country': 'SA', 'city': 'Riyadh', 'language': 'ar', 'user_type': 'registered', 'is_subscribed': True, 'trial_user': False, 'autoplay': False, 'is_background_play': False}",podcast,2170,1692.349,0.78
6164,bdada213-6d2d-40f0-be93-f800a5df8d95,2f554dd3-ecec-484c-9f38-498cba569ad6,finish,2026-01-11 18:03:18.763621+00:00,1292098.0,web-safari,"{'country': 'SA', 'city': 'Riyadh', 'language': 'ar', 'user_type': 'registered', 'is_subscribed': True, 'trial_user': False, 'autoplay': False, 'is_background_play': True}",podcast,2170,1292.098,0.6
6165,bdada213-6d2d-40f0-be93-f800a5df8d95,67bb5d28-c65d-4277-b92e-831e3bf6eab3,play,2026-01-11 18:06:18.763630+00:00,,web-chrome,"{'country': 'SA', 'city': 'Riyadh', 'language': 'ar', 'user_type': 'registered', 'is_subscribed': True, 'trial_user': False, 'autoplay': False, 'is_background_play': False}",podcast,2170,,
6166,bdada213-6d2d-40f0-be93-f800a5df8d95,1fadab9a-4230-4a86-a594-86f46ead549a,finish,2026-01-11 18:19:18.763639+00:00,487348.0,web-chrome,"{'country': 'SA', 'city': 'Riyadh', 'language': 'ar', 'user_type': 'registered', 'is_subscribed': True, 'trial_user': False, 'autoplay': False, 'is_background_play': True}",podcast,2170,487.348,0.22
6167,bdada213-6d2d-40f0-be93-f800a5df8d95,6a5cebc0-173f-4826-b4fd-df204bcd6284,pause,2026-01-11 18:00:18.763648+00:00,629985.0,android,"{'country': 'SA', 'city': 'Riyadh', 'language': 'ar', 'user_type': 'registered', 'is_subscribed': True, 'trial_user': False, 'autoplay': False, 'is_background_play': False}",podcast,2170,629.985,0.29
6168,bdada213-6d2d-40f0-be93-f800a5df8d95,ce5b9d87-415f-4fb2-a04e-2305be23384a,click,2026-01-11 18:25:18.763657+00:00,,web-chrome,"{'country': 'SA', 'city': 'Riyadh', 'language': 'ar', 'user_type': 'registered', 'is_subscribed': True, 'trial_user': False, 'autoplay': False, 'is_background_play': True}",podcast,2170,,
6169,bdada213-6d2d-40f0-be93-f800a5df8d95,475a0cc7-d54b-4707-b124-91bf3c11e945,finish,2026-01-11 18:09:18.763665+00:00,342212.0,android,"{'country': 'SA', 'city': 'Riyadh', 'language': 'ar', 'user_type': 'registered', 'is_subscribed': True, 'trial_user': False, 'autoplay': False, 'is_background_play': False}",podcast,2170,342.212,0.16
6170,bdada213-6d2d-40f0-be93-f800a5df8d95,846aa12f-187a-4628-9a44-9b39d785bd35,pause,2026-01-11 18:01:18.763674+00:00,1685705.0,web-chrome,"{'country': 'SA', 'city': 'Riyadh', 'language': 'ar', 'user_type': 'registered', 'is_subscribed': True, 'trial_user': False, 'autoplay': False, 'is_background_play': False}",podcast,2170,1685.705,0.78
6171,bdada213-6d2d-40f0-be93-f800a5df8d95,d87f616e-7c98-46c9-a165-bb70ee38f5ff,play,2026-01-11 18:36:18.763683+00:00,,ios,"{'country': 'SA', 'city': 'Riyadh', 'language': 'ar', 'user_type': 'registered', 'is_subscribed': True, 'trial_user': False, 'autoplay': False, 'is_background_play': True}",podcast,2170,,
6172,bdada213-6d2d-40f0-be93-f800a5df8d95,38746f0a-19a5-4d44-8535-5760280716ad,pause,2026-01-11 18:20:18.763692+00:00,377401.0,ios,"{'country': 'SA', 'city': 'Riyadh', 'language': 'ar', 'user_type': 'registered', 'is_subscribed': True, 'trial_user': False, 'autoplay': False, 'is_background_play': True}",podcast,2170,377.401,0.17
6173,bdada213-6d2d-40f0-be93-f800a5df8d95,e31130fd-8dad-4832-8305-67ecb5938926,finish,2026-01-11 18:29:18.763701+00:00,751393.0,ios,"{'country': 'SA', 'city': 'Riyadh', 'language': 'ar', 'user_type': 'registered', 'is_subscribed': True, 'trial_user': False, 'autoplay': False, 'is_background_play': True}",podcast,2170,751.393,0.35
6174,bdada213-6d2d-40f0-be93-f800a5df8d95,c49844e2-691f-47ad-b197-5b21e92c257c,click,2026-01-11 18:06:18.763709+00:00,,ios,"{'country': 'SA', 'city': 'Riyadh', 'language': 'ar', 'user_type': 'registered', 'is_subscribed': True, 'trial_user': False, 'autoplay': False, 'is_background_play': False}",podcast,2170,,
6175,bdada213-6d2d-40f0-be93-f800a5df8d95,16b5d66a-d151-4c1b-a954-9754c10a5207,finish,2026-01-11 18:48:18.763719+00:00,1330455.0,android,"{'country': 'SA', 'city': 'Riyadh', 'language': 'ar', 'user_type': 'registered', 'is_subscribed': True, 'trial_user': False, 'autoplay': False, 'is_background_play': True}",podcast,2170,1330.455,0.61
6176,bdada213-6d2d-40f0-be93-f800a5df8d95,7d10fe93-a9a9-4eb8-ba8d-fca200acd19f,pause,2026-01-11 18:44:18.763728+00:00,1672154.0,web-safari,"{'country': 'SA', 'city': 'Riyadh', 'language': 'ar', 'user_type': 'registered', 'is_subscribed': True, 'trial_user': False, 'autoplay': False, 'is_background_play': True}",podcast,2170,1672.154,0.77
6177,bdada213-6d2d-40f0-be93-f800a5df8d95,765abb0b-2210-4595-8fbc-06b08b1605ed,finish,2026-01-11 18:53:18.763751+00:00,,web-chrome,"{'country': 'SA', 'city': 'Riyadh', 'language': 'ar', 'user_type': 'registered', 'is_subscribed': True, 'trial_user': False, 'autoplay': False, 'is_background_play': False}",podcast,2170,,
6178,bdada213-6d2d-40f0-be93-f800a5df8d95,dd40d85d-20d1-4ecb-a7e7-435c719896e1,pause,2026-01-11 18:16:18.763761+00:00,1838868.0,ios,"{'country': 'SA', 'city': 'Riyadh', 'language': 'ar', 'user_type': 'registered', 'is_subscribed': True, 'trial_user': False, 'autoplay': False, 'is_background_play': True}",podcast,2170,1838.868,0.85
6179,bdada213-6d2d-40f0-be93-f800a5df8d95,11b59d82-c593-436d-841a-74cef1e80fd7,play,2026-01-11 18:41:18.763770+00:00,808996.0,web-chrome,"{'country': 'SA', 'city': 'Riyadh', 'language': 'ar', 'user_type': 'registered', 'is_subscribed': True, 'trial_user': False, 'autoplay': False, 'is_background_play': False}",podcast,2170,808.996,0.37
6180,bdada213-6d2d-40f0-be93-f800a5df8d95,247d4816-de0f-477f-bd40-ca6b74361957,pause,2026-01-11 18:11:18.763781+00:00,2101630.0,web-chrome,"{'country': 'SA', 'city': 'Riyadh', 'language': 'ar', 'user_type': 'registered', 'is_subscribed': True, 'trial_user': False, 'autoplay': False, 'is_background_play': False}",podcast,2170,2101.63,0.97
6181,bdada213-6d2d-40f0-be93-f800a5df8d95,bd20e5d5-6d5e-4a5d-8b26-2b7d1014cd4e,finish,2026-01-11 18:35:18.763792+00:00,1506195.0,web-chrome,"{'country': 'SA', 'city': 'Riyadh', 'language': 'ar', 'user_type': 'registered', 'is_subscribed': True, 'trial_user': False, 'autoplay': False, 'is_background_play': True}",podcast,2170,1506.195,0.69
6182,bdada213-6d2d-40f0-be93-f800a5df8d95,423339a5-4a21-4c2d-9f67-366650b93754,play,2026-01-11 18:54:18.763804+00:00,,web-chrome,"{'country': 'SA', 'city': 'Riyadh', 'language': 'ar', 'user_type': 'registered', 'is_subscribed': True, 'trial_user': False, 'autoplay': False, 'is_background_play': True}",podcast,2170,,
6183,bdada213-6d2d-40f0-be93-f800a5df8d95,202994ae-3168-44ff-88b9-d551195fba3c,pause,2026-01-11 18:33:18.763814+00:00,1953034.0,ios,"{'country': 'SA', 'city': 'Riyadh', 'language': 'ar', 'user_type': 'registered', 'is_subscribed': True, 'trial_user': False, 'autoplay': False, 'is_background_play': False}",podcast,2170,1953.034,0.9
6184,bdada213-6d2d-40f0-be93-f800a5df8d95,3998f898-5cb9-4c7c-b104-d0151f10f047,click,2026-01-11 18:19:18.763826+00:00,,web-safari,"{'country': 'SA', 'city': 'Riyadh', 'language': 'ar', 'user_type': 'registered', 'is_subscribed': True, 'trial_user': False, 'autoplay': False, 'is_background_play': True}",podcast,2170,,
6185,bdada213-6d2d-40f0-be93-f800a5df8d95,0ba429d5-483a-492d-b12f-d39244f31904,finish,2026-01-11 18:52:18.763837+00:00,,web-safari,"{'country': 'SA', 'city': 'Riyadh', 'language': 'ar', 'user_type': 'registered', 'is_subscribed': True, 'trial_user': False, 'autoplay': False, 'is_background_play': True}",podcast,2170,,
6186,bdada213-6d2d-40f0-be93-f800a5df8d95,0a9207d5-6f93-425b-ba01-97cb2930248a,click,2026-01-11 17:56:18.763846+00:00,,web-chrome,"{'country': 'SA', 'city': 'Riyadh', 'language': 'ar', 'user_type': 'registered', 'is_subscribed': True, 'trial_user': False, 'autoplay': False, 'is_background_play': True}",podcast,2170,,
6187,bdada213-6d2d-40f0-be93-f800a5df8d95,86342c06-4aa4-49e9-873e-7fa022c73636,pause,2026-01-11 18:06:18.763855+00:00,2001686.0,web-chrome,"{'country': 'SA', 'city': 'Riyadh', 'language': 'ar', 'user_type': 'registered', 'is_subscribed': True, 'trial_user': False, 'autoplay': False, 'is_background_play': False}",podcast,2170,2001.686,0.92
6188,bdada213-6d2d-40f0-be93-f800a5df8d95,47ee118e-d11e-456b-9ec4-958146ba14e5,pause,2026-01-11 18:13:18.763865+00:00,1558337.0,ios,"{'country': 'SA', 'city': 'Riyadh', 'language': 'ar', 'user_type': 'registered', 'is_subscribed': True, 'trial_user': False, 'autoplay': False, 'is_background_play': True}",podcast,2170,1558.337,0.72
6189,bdada213-6d2d-40f0-be93-f800a5df8d95,621c7211-d6ae-4cf9-a968-ebc4bcfc67b0,play,2026-01-11 18:47:18.763874+00:00,1144887.0,ios,"{'country': 'SA', 'city': 'Riyadh', 'language': 'ar', 'user_type': 'registered', 'is_subscribed': True, 'trial_user': False, 'autoplay': False, 'is_background_play': False}",podcast,2170,1144.887,0.53
6190,bdada213-6d2d-40f0-be93-f800a5df8d95,c96a6789-fafe-4be7-9295-d677ec68cac3,finish,2026-01-11 18:09:18.763883+00:00,,web-safari,"{'country': 'SA', 'city': 'Riyadh', 'language': 'ar', 'user_type': 'registered', 'is_subscribed': True, 'trial_user': False, 'autoplay': False, 'is_background_play': True}",podcast,2170,,
6191,bdada213-6d2d-40f0-be93-f800a5df8d95,78b31d39-30c2-43aa-8c07-329b85847a9e,pause,2026-01-11 18:43:18.763892+00:00,769913.0,android,"{'country': 'SA', 'city': 'Riyadh', 'language': 'ar', 'user_type': 'registered', 'is_subscribed': True, 'trial_user': False, 'autoplay': False, 'is_background_play': True}",podcast,2170,769.913,0.35
6192,bdada213-6d2d-40f0-be93-f800a5df8d95,eede0e29-b6c3-4288-a51d-740d42368d39,finish,2026-01-11 18:44:18.763902+00:00,1724117.0,android,"{'country': 'SA', 'city': 'Riyadh', 'language': 'ar', 'user_type': 'registered', 'is_subscribed': True, 'trial_user': False, 'autoplay': False, 'is_background_play': False}",podcast,2170,1724.117,0.79
6193,bdada213-6d2d-40f0-be93-f800a5df8d95,5b717514-ce27-4a9e-a931-b12ece69dc25,click,2026-01-11 18:11:18.763911+00:00,,android,"{'country': 'SA', 'city': 'Riyadh', 'language': 'ar', 'user_type': 'registered', 'is_subscribed': True, 'trial_user': False, 'autoplay': False, 'is_background_play': False}",podcast,2170,,
6194,bdada213-6d2d-40f0-be93-f800a5df8d95,4a48b0e5-9583-4c34-b7a3-b4b6cf603eda,finish,2026-01-11 18:31:18.763920+00:00,,web-safari,"{'country': 'SA', 'city': 'Riyadh', 'language': 'ar', 'user_type': 'registered', 'is_subscribed': True, 'trial_user': False, 'autoplay': False, 'is_background_play': True}",podcast,2170,,
6195,bdada213-6d2d-40f0-be93-f800a5df8d95,5df23c49-3618-46ee-bc2f-d123e35615cd,play,2026-01-11 18:39:18.763929+00:00,1954347.0,web-safari,"{'country': 'SA', 'city': 'Riyadh', 'language': 'ar', 'user_type': 'registered', 'is_subscribed': True, 'trial_user': False, 'autoplay': False, 'is_background_play': False}",podcast,2170,1954.347,0.9
6196,bdada213-6d2d-40f0-be93-f800a5df8d95,611a7311-2acc-43d2-9224-a9f41f759932,finish,2026-01-11 18:50:18.763938+00:00,1565795.0,android,"{'country': 'SA', 'city': 'Riyadh', 'language': 'ar', 'user_type': 'registered', 'is_subscribed': True, 'trial_user': False, 'autoplay': False, 'is_background_play': True}",podcast,2170,1565.795,0.72
6197,bdada213-6d2d-40f0-be93-f800a5df8d95,75faffee-f831-4afa-9f14-815a3e7748cc,click,2026-01-11 18:29:18.763948+00:00,,ios,"{'country': 'SA', 'city': 'Riyadh', 'language': 'ar', 'user_type': 'registered', 'is_subscribed': True, 'trial_user': False, 'autoplay': False, 'is_background_play': True}",podcast,2170,,
6198,bdada213-6d2d-40f0-be93-f800a5df8d95,be47248d-2667-4bff-bbab-d8563677543e,click,2026-01-11 17:58:18.763956+00:00,,web-chrome,"{'country': 'SA', 'city': 'Riyadh', 'language': 'ar', 'user_type': 'registered', 'is_subscribed': True, 'trial_user': False, 'autoplay': False, 'is_background_play': False}",podcast,2170,,
6199,bdada213-6d2d-40f0-be93-f800a5df8d95,b3264d5d-8943-4591-a3f8-a559b73a2b98,click,2026-01-11 18:25:18.763966+00:00,,ios,"{'country': 'SA', 'city': 'Riyadh', 'language': 'ar', 'user_type': 'registered', 'is_subscribed': True, 'trial_user': False, 'autoplay': False, 'is_background_play': True}",podcast,2170,,
6200,bdada213-6d2d-40f0-be93-f800a5df8d95,efdc3875-7c25-4735-85d0-51b2890403ed,pause,2026-01-11 18:32:18.763974+00:00,1191577.0,web-safari,"{'country': 'SA', 'city': 'Riyadh', 'language': 'ar', 'user_type': 'registered', 'is_subscribed': True, 'trial_user': False, 'autoplay': False, 'is_background_play': False}",podcast,2170,1191.577,0.55
6201,f6cdc547-1fd3-40d2-a3fd-9531aad40fa2,0076e7e5-a59d-4bb7-8f95-77a0c171cdba,click,2026-01-11 17:59:18.763984+00:00,,android,"{'country': 'SA', 'city': 'Riyadh', 'language': 'ar', 'user_type': 'registered', 'is_subscribed': True, 'trial_user': False, 'autoplay': False, 'is_background_play': False}",newsletter,200,,
6202,f6cdc547-1fd3-40d2-a3fd-9531aad40fa2,bbbefa49-8374-4996-b2cc-75c4dae7bb78,pause,2026-01-11 18:32:18.764005+00:00,4631.0,ios,"{'country': 'SA', 'city': 'Riyadh', 'language': 'ar', 'user_type': 'registered', 'is_subscribed': True, 'trial_user': False, 'autoplay': False, 'is_background_play': True}",newsletter,200,4.631,0.02
6203,f6cdc547-1fd3-40d2-a3fd-9531aad40fa2,a3a59853-41b0-486d-a4f6-ec9ded96960b,click,2026-01-11 17:59:18.764019+00:00,,android,"{'country': 'SA', 'city': 'Riyadh', 'language': 'ar', 'user_type': 'registered', 'is_subscribed': True, 'trial_user': False, 'autoplay': False, 'is_background_play': False}",newsletter,200,,
6204,f6cdc547-1fd3-40d2-a3fd-9531aad40fa2,a83e5fa0-e247-45a0-8590-f2819771ab2b,finish,2026-01-11 18:52:18.764028+00:00,174243.0,ios,"{'country': 'SA', 'city': 'Riyadh', 'language': 'ar', 'user_type': 'registered', 'is_subscribed': True, 'trial_user': False, 'autoplay': False, 'is_background_play': False}",newsletter,200,174.243,0.87
6205,f6cdc547-1fd3-40d2-a3fd-9531aad40fa2,673d6dae-afb4-4a18-ab23-b76d89fdaf85,finish,2026-01-11 18:47:18.764037+00:00,,web-safari,"{'country': 'SA', 'city': 'Riyadh', 'language': 'ar', 'user_type': 'registered', 'is_subscribed': True, 'trial_user': False, 'autoplay': False, 'is_background_play': False}",newsletter,200,,
6206,f6cdc547-1fd3-40d2-a3fd-9531aad40fa2,03dff46b-4b51-413a-a55e-1bceab23625c,play,2026-01-11 17:58:18.764046+00:00,131015.0,web-safari,"{'country': 'SA', 'city': 'Riyadh', 'language': 'ar', 'user_type': 'registered', 'is_subscribed': True, 'trial_user': False, 'autoplay': False, 'is_background_play': False}",newsletter,200,131.015,0.66
6207,f6cdc547-1fd3-40d2-a3fd-9531aad40fa2,a92d8735-e5c2-41a0-9135-28f6ff0417f1,click,2026-01-11 18:18:18.764056+00:00,,android,"{'country': 'SA', 'city': 'Riyadh', 'language': 'ar', 'user_type': 'registered', 'is_subscribed': True, 'trial_user': False, 'autoplay': False, 'is_background_play': True}",newsletter,200,,
6208,f6cdc547-1fd3-40d2-a3fd-9531aad40fa2,4e90cde4-ef74-4d36-8591-831734c8b9a5,click,2026-01-11 18:44:18.764064+00:00,,web-safari,"{'country': 'SA', 'city': 'Riyadh', 'language': 'ar', 'user_type': 'registered', 'is_subscribed': True, 'trial_user': False, 'autoplay': False, 'is_background_play': True}",newsletter,200,,
6209,f6cdc547-1fd3-40d2-a3fd-9531aad40fa2,a4c43b65-1f0b-49c0-8d6e-988b1b69eece,click,2026-01-11 18:14:18.764073+00:00,,web-chrome,"{'country': 'SA', 'city': 'Riyadh', 'language': 'ar', 'user_type': 'registered', 'is_subscribed': True, 'trial_user': False, 'autoplay': False, 'is_background_play': False}",newsletter,200,,
6210,f6cdc547-1fd3-40d2-a3fd-9531aad40fa2,f8884161-a128-4869-93c1-ad62594ba776,click,2026-01-11 18:26:18.764082+00:00,,web-safari,"{'country': 'SA', 'city': 'Riyadh', 'language': 'ar', 'user_type': 'registered', 'is_subscribed': True, 'trial_user': False, 'autoplay': False, 'is_background_play': True}",newsletter,200,,
6211,f6cdc547-1fd3-40d2-a3fd-9531aad40fa2,081a8569-7eef-4843-88ec-1cecff99eafe,click,2026-01-11 18:53:18.764091+00:00,,ios,"{'country': 'SA', 'city': 'Riyadh', 'language': 'ar', 'user_type': 'registered', 'is_subscribed': True, 'trial_user': False, 'autoplay': False, 'is_background_play': True}",newsletter,200,,
6212,f6cdc547-1fd3-40d2-a3fd-9531aad40fa2,1a92418e-c4ff-4361-b80c-961daf4456e4,pause,2026-01-11 18:18:18.764099+00:00,124227.0,ios,"{'country': 'SA', 'city': 'Riyadh', 'language': 'ar', 'user_type': 'registered', 'is_subscribed': True, 'trial_user': False, 'autoplay': False, 'is_background_play': True}",newsletter,200,124.227,0.62
6213,f6cdc547-1fd3-40d2-a3fd-9531aad40fa2,8b187ac1-2408-48e2-a05f-163a41b28f2e,click,2026-01-11 18:08:18.764108+00:00,,web-chrome,"{'country': 'SA', 'city': 'Riyadh', 'language': 'ar', 'user_type': 'registered', 'is_subscribed': True, 'trial_user': False, 'autoplay': False, 'is_background_play': False}",newsletter,200,,
6214,f6cdc547-1fd3-40d2-a3fd-9531aad40fa2,492e0ce9-4e54-4471-b352-483a46af21b2,finish,2026-01-11 18:12:18.764117+00:00,160822.0,ios,"{'country': 'SA', 'city': 'Riyadh', 'language': 'ar', 'user_type': 'registered', 'is_subscribed': True, 'trial_user': False, 'autoplay': False, 'is_background_play': False}",newsletter,200,160.822,0.8
6215,f6cdc547-1fd3-40d2-a3fd-9531aad40fa2,7987f02d-e90b-47d0-ad73-24a8fda3917a,click,2026-01-11 18:28:18.764126+00:00,,web-chrome,"{'country': 'SA', 'city': 'Riyadh', 'language': 'ar', 'user_type': 'registered', 'is_subscribed': True, 'trial_user': False, 'autoplay': False, 'is_background_play': True}",newsletter,200,,
6216,f6cdc547-1fd3-40d2-a3fd-9531aad40fa2,cea42299-8ba4-450a-89a8-ce7edd629d51,click,2026-01-11 18:36:18.764135+00:00,,web-chrome,"{'country': 'SA', 'city': 'Riyadh', 'language': 'ar', 'user_type': 'registered', 'is_subscribed': True, 'trial_user': False, 'autoplay': False, 'is_background_play': True}",newsletter,200,,
6217,f6cdc547-1fd3-40d2-a3fd-9531aad40fa2,3fe2b6f6-8317-4ee8-bf44-7e17d6ed3fa0,pause,2026-01-11 18:29:18.764144+00:00,32638.0,android,"{'country': 'SA', 'city': 'Riyadh', 'language': 'ar', 'user_type': 'registered', 'is_subscribed': True, 'trial_user': False, 'autoplay': False, 'is_background_play': True}",newsletter,200,32.638,0.16
6218,f6cdc547-1fd3-40d2-a3fd-9531aad40fa2,d6869a14-85cc-4ad5-971d-a99e41879ddf,play,2026-01-11 18:52:18.764153+00:00,54947.0,android,"{'country': 'SA', 'city': 'Riyadh', 'language': 'ar', 'user_type': 'registered', 'is_subscribed': True, 'trial_user': False, 'autoplay': False, 'is_background_play': True}",newsletter,200,54.947,0.27
6219,f6cdc547-1fd3-40d2-a3fd-9531aad40fa2,6bbbfa00-04f8-469a-bae4-f0b310401668,click,2026-01-11 18:02:18.764162+00:00,,ios,"{'country': 'SA', 'city': 'Riyadh', 'language': 'ar', 'user_type': 'registered', 'is_subscribed': True, 'trial_user': False, 'autoplay': False, 'is_background_play': False}",newsletter,200,,
6220,f6cdc547-1fd3-40d2-a3fd-9531aad40fa2,0d4a0000-1eac-42be-adfc-f3dfa48df544,click,2026-01-11 17:55:18.764171+00:00,,android,"{'country': 'SA', 'city': 'Riyadh', 'language': 'ar', 'user_type': 'registered', 'is_subscribed': True, 'trial_user': False, 'autoplay': False, 'is_background_play': False}",newsletter,200,,
6221,f6cdc547-1fd3-40d2-a3fd-9531aad40fa2,b77abf51-b2e4-4000-acef-0971412f648a,play,2026-01-11 18:01:18.764180+00:00,39851.0,ios,"{'country': 'SA', 'city': 'Riyadh', 'language': 'ar', 'user_type': 'registered', 'is_subscribed': True, 'trial_user': False, 'autoplay': False, 'is_background_play': False}",newsletter,200,39.851,0.2
6222,f6cdc547-1fd3-40d2-a3fd-9531aad40fa2,5bd0e73c-808d-4457-b2ca-66b7f9bbe9aa,finish,2026-01-11 18:05:18.764190+00:00,93112.0,android,"{'country': 'SA', 'city': 'Riyadh', 'language': 'ar', 'user_type': 'registered', 'is_subscribed': True, 'trial_user': False, 'autoplay': False, 'is_background_play': False}",newsletter,200,93.112,0.47
6223,f6cdc547-1fd3-40d2-a3fd-9531aad40fa2,5d479129-152b-4cde-81e2-216163df1e16,play,2026-01-11 18:33:18.764200+00:00,73929.0,web-safari,"{'country': 'SA', 'city': 'Riyadh', 'language': 'ar', 'user_type': 'registered', 'is_subscribed': True, 'trial_user': False, 'autoplay': False, 'is_background_play': True}",newsletter,200,73.929,0.37
6224,f6cdc547-1fd3-40d2-a3fd-9531aad40fa2,9554f756-e8a4-4ccf-84aa-030fb6afd9d1,click,2026-01-11 18:15:18.764209+00:00,,ios,"{'country': 'SA', 'city': 'Riyadh', 'language': 'ar', 'user_type': 'registered', 'is_subscribed': True, 'trial_user': False, 'autoplay': False, 'is_background_play': False}",newsletter,200,,
6225,f6cdc547-1fd3-40d2-a3fd-9531aad40fa2,7eb575f9-fce5-4a9c-9d98-773a525ca4cd,play,2026-01-11 18:08:18.764218+00:00,180193.0,ios,"{'country': 'SA', 'city': 'Riyadh', 'language': 'ar', 'user_type': 'registered', 'is_subscribed': True, 'trial_user': False, 'autoplay': False, 'is_background_play': False}",newsletter,200,180.193,0.9
6226,f6cdc547-1fd3-40d2-a3fd-9531aad40fa2,46faf496-d053-4dc6-a393-d50ee75d37d7,pause,2026-01-11 18:25:18.764227+00:00,83078.0,ios,"{'country': 'SA', 'city': 'Riyadh', 'language': 'ar', 'user_type': 'registered', 'is_subscribed': True, 'trial_user': False, 'autoplay': False, 'is_background_play': False}",newsletter,200,83.078,0.42
6227,f6cdc547-1fd3-40d2-a3fd-9531aad40fa2,f6422ca7-ee99-4d3a-b70d-5cad59f0bddf,play,2026-01-11 18:13:18.764248+00:00,180752.0,ios,"{'country': 'SA', 'city': 'Riyadh', 'language': 'ar', 'user_type': 'registered', 'is_subscribed': True, 'trial_user': False, 'autoplay': False, 'is_background_play': True}",newsletter,200,180.752,0.9
6228,f6cdc547-1fd3-40d2-a3fd-9531aad40fa2,6222e5b8-323d-4256-bc1c-606f8272208b,finish,2026-01-11 18:01:18.764258+00:00,37843.0,web-chrome,"{'country': 'SA', 'city': 'Riyadh', 'language': 'ar', 'user_type': 'registered', 'is_subscribed': True, 'trial_user': False, 'autoplay': False, 'is_background_play': False}",newsletter,200,37.843,0.19
6229,f6cdc547-1fd3-40d2-a3fd-9531aad40fa2,3e802b2e-d9df-45ad-ad6c-28538bea37d3,finish,2026-01-11 18:50:18.764268+00:00,123009.0,android,"{'country': 'SA', 'city': 'Riyadh', 'language': 'ar', 'user_type': 'registered', 'is_subscribed': True, 'trial_user': False, 'autoplay': False, 'is_background_play': False}",newsletter,200,123.009,0.62
6230,f6cdc547-1fd3-40d2-a3fd-9531aad40fa2,65c791f8-dd21-4814-8e76-d5c905322982,pause,2026-01-11 18:32:18.764277+00:00,165882.0,web-chrome,"{'country': 'SA', 'city': 'Riyadh', 'language': 'ar', 'user_type': 'registered', 'is_subscribed': True, 'trial_user': False, 'autoplay': False, 'is_background_play': True}",newsletter,200,165.882,0.83
6231,f6cdc547-1fd3-40d2-a3fd-9531aad40fa2,86f5e175-2655-4f23-b316-6fbbbfd3b710,finish,2026-01-11 18:22:18.764287+00:00,119803.0,android,"{'country': 'SA', 'city': 'Riyadh', 'language': 'ar', 'user_type': 'registered', 'is_subscribed': True, 'trial_user': False, 'autoplay': False, 'is_background_play': True}",newsletter,200,119.803,0.6
6232,f6cdc547-1fd3-40d2-a3fd-9531aad40fa2,73462dae-bc95-4047-96e3-8dcb9f5a2c07,finish,2026-01-11 18:51:18.764296+00:00,54644.0,android,"{'country': 'SA', 'city': 'Riyadh', 'language': 'ar', 'user_type': 'registered', 'is_subscribed': True, 'trial_user': False, 'autoplay': False, 'is_background_play': False}",newsletter,200,54.644,0.27
6233,f6cdc547-1fd3-40d2-a3fd-9531aad40fa2,62fc6fec-991f-4c8e-a261-131065ce82c8,pause,2026-01-11 18:50:18.764306+00:00,,web-safari,"{'country': 'SA', 'city': 'Riyadh', 'language': 'ar', 'user_type': 'registered', 'is_subscribed': True, 'trial_user': False, 'autoplay': False, 'is_background_play': False}",newsletter,200,,
6234,f6cdc547-1fd3-40d2-a3fd-9531aad40fa2,3bb16328-21b9-422d-ab6a-9a61db390ea7,finish,2026-01-11 18:17:18.764314+00:00,148318.0,web-chrome,"{'country': 'SA', 'city': 'Riyadh', 'language': 'ar', 'user_type': 'registered', 'is_subscribed': True, 'trial_user': False, 'autoplay': False, 'is_background_play': True}",newsletter,200,148.318,0.74
6235,f6cdc547-1fd3-40d2-a3fd-9531aad40fa2,74eaca80-a6df-45a5-9eee-37f619e0f671,finish,2026-01-11 18:47:18.764324+00:00,,ios,"{'country': 'SA', 'city': 'Riyadh', 'language': 'ar', 'user_type': 'registered', 'is_subscribed': True, 'trial_user': False, 'autoplay': False, 'is_background_play': True}",newsletter,200,,
6236,f6cdc547-1fd3-40d2-a3fd-9531aad40fa2,3dadb294-f65c-4cbb-9298-84b63eb035d8,finish,2026-01-11 18:13:18.764332+00:00,150409.0,web-chrome,"{'country': 'SA', 'city': 'Riyadh', 'language': 'ar', 'user_type': 'registered', 'is_subscribed': True, 'trial_user': False, 'autoplay': False, 'is_background_play': False}",newsletter,200,150.409,0.75
6237,f6cdc547-1fd3-40d2-a3fd-9531aad40fa2,3d72f96f-abf1-475b-977f-1141f5829fce,pause,2026-01-11 18:30:18.764341+00:00,94667.0,ios,"{'country': 'SA', 'city': 'Riyadh', 'language': 'ar', 'user_type': 'registered', 'is_subscribed': True, 'trial_user': False, 'autoplay': False, 'is_background_play': True}",newsletter,200,94.667,0.47
6238,f6cdc547-1fd3-40d2-a3fd-9531aad40fa2,43a842b4-fae7-4b95-8c30-d18acabae50e,play,2026-01-11 18:15:18.764351+00:00,126262.0,web-safari,"{'country': 'SA', 'city': 'Riyadh', 'language': 'ar', 'user_type': 'registered', 'is_subscribed': True, 'trial_user': False, 'autoplay': False, 'is_background_play': False}",newsletter,200,126.262,0.63
6239,f6cdc547-1fd3-40d2-a3fd-9531aad40fa2,cb5c39d1-2d65-4502-9dae-05d11adee870,finish,2026-01-11 18:53:18.764360+00:00,69334.0,web-chrome,"{'country': 'SA', 'city': 'Riyadh', 'language': 'ar', 'user_type': 'registered', 'is_subscribed': True, 'trial_user': False, 'autoplay': False, 'is_background_play': True}",newsletter,200,69.334,0.35
6240,f6cdc547-1fd3-40d2-a3fd-9531aad40fa2,f14f0724-b4c0-4d3c-a337-ce1a5ffcf5eb,play,2026-01-11 18:43:18.764369+00:00,24147.0,android,"{'country': 'SA', 'city': 'Riyadh', 'language': 'ar', 'user_type': 'registered', 'is_subscribed': True, 'trial_user': False, 'autoplay': False, 'is_background_play': False}",newsletter,200,24.147,0.12
6241,c92843f2-5d1f-40af-bb2a-017067e2d554,52293a2b-5c7e-4491-bc89-4fca51084c63,click,2026-01-11 18:27:18.764379+00:00,,web-safari,"{'country': 'SA', 'city': 'Riyadh', 'language': 'ar', 'user_type': 'registered', 'is_subscribed': True, 'trial_user': False, 'autoplay': False, 'is_background_play': False}",podcast,2723,,
6242,c92843f2-5d1f-40af-bb2a-017067e2d554,9394b273-51a8-4ac6-88f2-510789a12f20,finish,2026-01-11 18:17:18.764388+00:00,2186388.0,web-safari,"{'country': 'SA', 'city': 'Riyadh', 'language': 'ar', 'user_type': 'registered', 'is_subscribed': True, 'trial_user': False, 'autoplay': False, 'is_background_play': True}",podcast,2723,2186.388,0.8
6243,c92843f2-5d1f-40af-bb2a-017067e2d554,c02a5531-f7f7-466a-9b95-32e913efed1c,finish,2026-01-11 18:10:18.764397+00:00,1089993.0,web-chrome,"{'country': 'SA', 'city': 'Riyadh', 'language': 'ar', 'user_type': 'registered', 'is_subscribed': True, 'trial_user': False, 'autoplay': False, 'is_background_play': True}",podcast,2723,1089.993,0.4
6244,c92843f2-5d1f-40af-bb2a-017067e2d554,ca6be6fe-e0c2-479b-86d6-175bd0f49355,finish,2026-01-11 18:10:18.764405+00:00,140773.0,web-chrome,"{'country': 'SA', 'city': 'Riyadh', 'language': 'ar', 'user_type': 'registered', 'is_subscribed': True, 'trial_user': False, 'autoplay': False, 'is_background_play': False}",podcast,2723,140.773,0.05
6245,c92843f2-5d1f-40af-bb2a-017067e2d554,7248f1a0-4eb6-4b88-a739-fdef1aabc92d,click,2026-01-11 18:27:18.764414+00:00,,web-chrome,"{'country': 'SA', 'city': 'Riyadh', 'language': 'ar', 'user_type': 'registered', 'is_subscribed': True, 'trial_user': False, 'autoplay': False, 'is_background_play': True}",podcast,2723,,
6246,c92843f2-5d1f-40af-bb2a-017067e2d554,1c464cb2-85bb-4d58-a18c-cf27715585ba,play,2026-01-11 18:08:18.764423+00:00,,android,"{'country': 'SA', 'city': 'Riyadh', 'language': 'ar', 'user_type': 'registered', 'is_subscribed': True, 'trial_user': False, 'autoplay': False, 'is_background_play': True}",podcast,2723,,
6247,c92843f2-5d1f-40af-bb2a-017067e2d554,036e366f-aa37-4c5e-b32e-85ec54d011af,play,2026-01-11 18:46:18.764431+00:00,,web-safari,"{'country': 'SA', 'city': 'Riyadh', 'language': 'ar', 'user_type': 'registered', 'is_subscribed': True, 'trial_user': False, 'autoplay': False, 'is_background_play': True}",podcast,2723,,
6248,c92843f2-5d1f-40af-bb2a-017067e2d554,23f10877-593b-4aea-bcb3-13fbe1068e59,finish,2026-01-11 17:59:18.764440+00:00,1042722.0,android,"{'country': 'SA', 'city': 'Riyadh', 'language': 'ar', 'user_type': 'registered', 'is_subscribed': True, 'trial_user': False, 'autoplay': False, 'is_background_play': True}",podcast,2723,1042.722,0.38
6249,c92843f2-5d1f-40af-bb2a-017067e2d554,f62748d1-6ad6-447d-916a-659df70e3d1f,play,2026-01-11 17:58:18.764449+00:00,1724466.0,ios,"{'country': 'SA', 'city': 'Riyadh', 'language': 'ar', 'user_type': 'registered', 'is_subscribed': True, 'trial_user': False, 'autoplay': False, 'is_background_play': False}",podcast,2723,1724.466,0.63
6250,c92843f2-5d1f-40af-bb2a-017067e2d554,908d4ec3-a803-41ed-bc78-8a7492714643,play,2026-01-11 17:57:18.764458+00:00,329596.0,android,"{'country': 'SA', 'city': 'Riyadh', 'language': 'ar', 'user_type': 'registered', 'is_subscribed': True, 'trial_user': False, 'autoplay': False, 'is_background_play': False}",podcast,2723,329.596,0.12
6251,c92843f2-5d1f-40af-bb2a-017067e2d554,c24784f1-b546-4a8f-9ef7-6897f19dcbd9,pause,2026-01-11 18:20:18.764467+00:00,2418057.0,web-safari,"{'country': 'SA', 'city': 'Riyadh', 'language': 'ar', 'user_type': 'registered', 'is_subscribed': True, 'trial_user': False, 'autoplay': False, 'is_background_play': True}",podcast,2723,2418.057,0.89
6252,c92843f2-5d1f-40af-bb2a-017067e2d554,3f059f70-c07e-450b-9ee1-b8325fa21e77,click,2026-01-11 18:39:18.764486+00:00,,web-chrome,"{'country': 'SA', 'city': 'Riyadh', 'language': 'ar', 'user_type': 'registered', 'is_subscribed': True, 'trial_user': False, 'autoplay': False, 'is_background_play': True}",podcast,2723,,
6253,c92843f2-5d1f-40af-bb2a-017067e2d554,7274aa8d-49e7-445c-b752-fda946d3215f,click,2026-01-11 17:57:18.764496+00:00,,web-safari,"{'country': 'SA', 'city': 'Riyadh', 'language': 'ar', 'user_type': 'registered', 'is_subscribed': True, 'trial_user': False, 'autoplay': False, 'is_background_play': False}",podcast,2723,,
6254,c92843f2-5d1f-40af-bb2a-017067e2d554,eb681b53-5bba-4913-a444-31a92e14d96d,play,2026-01-11 18:16:18.764504+00:00,2644897.0,android,"{'country': 'SA', 'city': 'Riyadh', 'language': 'ar', 'user_type': 'registered', 'is_subscribed': True, 'trial_user': False, 'autoplay': False, 'is_background_play': True}",podcast,2723,2644.897,0.97
6255,c92843f2-5d1f-40af-bb2a-017067e2d554,1e2f370b-8f8d-46f8-8905-53618943fd85,finish,2026-01-11 18:49:18.764513+00:00,2569353.0,ios,"{'country': 'SA', 'city': 'Riyadh', 'language': 'ar', 'user_type': 'registered', 'is_subscribed': True, 'trial_user': False, 'autoplay': False, 'is_background_play': False}",podcast,2723,2569.353,0.94
6256,c92843f2-5d1f-40af-bb2a-017067e2d554,5745db57-cfef-4d20-8dd0-12ecc820b8c7,play,2026-01-11 18:50:18.764522+00:00,74986.0,android,"{'country': 'SA', 'city': 'Riyadh', 'language': 'ar', 'user_type': 'registered', 'is_subscribed': True, 'trial_user': False, 'autoplay': False, 'is_background_play': True}",podcast,2723,74.986,0.03
6257,c92843f2-5d1f-40af-bb2a-017067e2d554,d1784c9f-ff83-449e-96ca-4108f1975ee9,play,2026-01-11 18:12:18.764531+00:00,2019355.0,android,"{'country': 'SA', 'city': 'Riyadh', 'language': 'ar', 'user_type': 'registered', 'is_subscribed': True, 'trial_user': False, 'autoplay': False, 'is_background_play': False}",podcast,2723,2019.355,0.74
6258,c92843f2-5d1f-40af-bb2a-017067e2d554,2f96f039-bf52-4225-892d-16ff35689b95,finish,2026-01-11 18:44:18.764540+00:00,183118.0,android,"{'country': 'SA', 'city': 'Riyadh', 'language': 'ar', 'user_type': 'registered', 'is_subscribed': True, 'trial_user': False, 'autoplay': False, 'is_background_play': False}",podcast,2723,183.118,0.07
6259,c92843f2-5d1f-40af-bb2a-017067e2d554,bb5e2957-1232-4ef4-9424-b627691c559f,click,2026-01-11 18:31:18.764549+00:00,,web-safari,"{'country': 'SA', 'city': 'Riyadh', 'language': 'ar', 'user_type': 'registered', 'is_subscribed': True, 'trial_user': False, 'autoplay': False, 'is_background_play': False}",podcast,2723,,
6260,c92843f2-5d1f-40af-bb2a-017067e2d554,b7870552-c522-47c6-9e7d-4bf0c7ae4963,finish,2026-01-11 18:18:18.764557+00:00,,android,"{'country': 'SA', 'city': 'Riyadh', 'language': 'ar', 'user_type': 'registered', 'is_subscribed': True, 'trial_user': False, 'autoplay': False, 'is_background_play': False}",podcast,2723,,
6261,c92843f2-5d1f-40af-bb2a-017067e2d554,a8f5d11f-9637-4f6a-a301-c77601eec5b1,finish,2026-01-11 18:40:18.764566+00:00,1898900.0,web-chrome,"{'country': 'SA', 'city': 'Riyadh', 'language': 'ar', 'user_type': 'registered', 'is_subscribed': True, 'trial_user': False, 'autoplay': False, 'is_background_play': False}",podcast,2723,1898.9,0.7
6262,c92843f2-5d1f-40af-bb2a-017067e2d554,73212c7d-a82f-467a-978b-fa3cbf2c334d,play,2026-01-11 18:49:18.764575+00:00,572223.0,ios,"{'country': 'SA', 'city': 'Riyadh', 'language': 'ar', 'user_type': 'registered', 'is_subscribed': True, 'trial_user': False, 'autoplay': False, 'is_background_play': False}",podcast,2723,572.223,0.21
6263,c92843f2-5d1f-40af-bb2a-017067e2d554,629bd2b2-21ba-4969-93f2-cd78ee78e0a3,pause,2026-01-11 18:05:18.764584+00:00,,web-safari,"{'country': 'SA', 'city': 'Riyadh', 'language': 'ar', 'user_type': 'registered', 'is_subscribed': True, 'trial_user': False, 'autoplay': False, 'is_background_play': False}",podcast,2723,,
6264,c92843f2-5d1f-40af-bb2a-017067e2d554,b88d23c0-8567-4b4c-a9b7-18f93f4ef894,pause,2026-01-11 18:42:18.764592+00:00,,android,"{'country': 'SA', 'city': 'Riyadh', 'language': 'ar', 'user_type': 'registered', 'is_subscribed': True, 'trial_user': False, 'autoplay': False, 'is_background_play': False}",podcast,2723,,
6265,c92843f2-5d1f-40af-bb2a-017067e2d554,cee489e5-aae6-431a-aa55-6e89cf16e96b,pause,2026-01-11 18:11:18.764601+00:00,,web-safari,"{'country': 'SA', 'city': 'Riyadh', 'language': 'ar', 'user_type': 'registered', 'is_subscribed': True, 'trial_user': False, 'autoplay': False, 'is_background_play': True}",podcast,2723,,
6266,c92843f2-5d1f-40af-bb2a-017067e2d554,40825c7d-c7e8-4176-9795-9d55ec888f21,pause,2026-01-11 18:12:18.764609+00:00,377824.0,ios,"{'country': 'SA', 'city': 'Riyadh', 'language': 'ar', 'user_type': 'registered', 'is_subscribed': True, 'trial_user': False, 'autoplay': False, 'is_background_play': False}",podcast,2723,377.824,0.14
6267,c92843f2-5d1f-40af-bb2a-017067e2d554,28b45640-50e5-4c8f-887f-008e1a3a50a5,play,2026-01-11 18:25:18.764618+00:00,2547821.0,web-safari,"{'country': 'SA', 'city': 'Riyadh', 'language': 'ar', 'user_type': 'registered', 'is_subscribed': True, 'trial_user': False, 'autoplay': False, 'is_background_play': False}",podcast,2723,2547.821,0.94
6268,c92843f2-5d1f-40af-bb2a-017067e2d554,d488b86c-9236-4dfd-bc8d-ce7331ec534f,play,2026-01-11 18:49:18.764627+00:00,,android,"{'country': 'SA', 'city': 'Riyadh', 'language': 'ar', 'user_type': 'registered', 'is_subscribed': True, 'trial_user': False, 'autoplay': False, 'is_background_play': True}",podcast,2723,,
6269,c92843f2-5d1f-40af-bb2a-017067e2d554,1fa059e4-55fc-4852-a34f-9714d3b6f4ff,finish,2026-01-11 18:13:18.764635+00:00,1831503.0,ios,"{'country': 'SA', 'city': 'Riyadh', 'language': 'ar', 'user_type': 'registered', 'is_subscribed': True, 'trial_user': False, 'autoplay': False, 'is_background_play': True}",podcast,2723,1831.503,0.67
6270,c92843f2-5d1f-40af-bb2a-017067e2d554,c962fa50-59f6-4ae8-9f6c-8c1872cc9709,pause,2026-01-11 18:45:18.764644+00:00,1399858.0,android,"{'country': 'SA', 'city': 'Riyadh', 'language': 'ar', 'user_type': 'registered', 'is_subscribed': True, 'trial_user': False, 'autoplay': False, 'is_background_play': True}",podcast,2723,1399.858,0.51
6271,c92843f2-5d1f-40af-bb2a-017067e2d554,d7d4a987-154b-42d6-ae54-53726461be8d,pause,2026-01-11 18:36:18.764653+00:00,2065072.0,web-chrome,"{'country': 'SA', 'city': 'Riyadh', 'language': 'ar', 'user_type': 'registered', 'is_subscribed': True, 'trial_user': False, 'autoplay': False, 'is_background_play': True}",podcast,2723,2065.072,0.76
6272,c92843f2-5d1f-40af-bb2a-017067e2d554,f21a1326-cf7c-404c-8196-6d3d2ab01e0c,click,2026-01-11 18:55:18.764662+00:00,,web-chrome,"{'country': 'SA', 'city': 'Riyadh', 'language': 'ar', 'user_type': 'registered', 'is_subscribed': True, 'trial_user': False, 'autoplay': False, 'is_background_play': True}",podcast,2723,,
6273,c92843f2-5d1f-40af-bb2a-017067e2d554,151a0602-88e8-47aa-9054-ba83b8f5bf11,pause,2026-01-11 18:10:18.764670+00:00,1369123.0,android,"{'country': 'SA', 'city': 'Riyadh', 'language': 'ar', 'user_type': 'registered', 'is_subscribed': True, 'trial_user': False, 'autoplay': False, 'is_background_play': True}",podcast,2723,1369.123,0.5
6274,c92843f2-5d1f-40af-bb2a-017067e2d554,a41cd580-ebb0-4477-aa1a-21753aa978f0,pause,2026-01-11 18:03:18.764679+00:00,1641374.0,web-safari,"{'country': 'SA', 'city': 'Riyadh', 'language': 'ar', 'user_type': 'registered', 'is_subscribed': True, 'trial_user': False, 'autoplay': False, 'is_background_play': True}",podcast,2723,1641.374,0.6
6275,c92843f2-5d1f-40af-bb2a-017067e2d554,6845eee8-10dd-4a50-9e2d-9fe54a8451c3,click,2026-01-11 18:33:18.764688+00:00,,ios,"{'country': 'SA', 'city': 'Riyadh', 'language': 'ar', 'user_type': 'registered', 'is_subscribed': True, 'trial_user': False, 'autoplay': False, 'is_background_play': False}",podcast,2723,,
6276,c92843f2-5d1f-40af-bb2a-017067e2d554,804aa41c-7049-46e8-a906-798460ba14ae,pause,2026-01-11 18:50:18.764697+00:00,2057691.0,web-chrome,"{'country': 'SA', 'city': 'Riyadh', 'language': 'ar', 'user_type': 'registered', 'is_subscribed': True, 'trial_user': False, 'autoplay': False, 'is_background_play': True}",podcast,2723,2057.691,0.76
6277,c92843f2-5d1f-40af-bb2a-017067e2d554,efe68e85-8353-4987-8fb9-c7a489a4f7cc,play,2026-01-11 18:15:18.764715+00:00,468911.0,web-safari,"{'country': 'SA', 'city': 'Riyadh', 'language': 'ar', 'user_type': 'registered', 'is_subscribed': True, 'trial_user': False, 'autoplay': False, 'is_background_play': True}",podcast,2723,468.911,0.17
6278,c92843f2-5d1f-40af-bb2a-017067e2d554,abc47bb2-e0b1-42c9-8878-e18c041a51d2,play,2026-01-11 18:35:18.764725+00:00,2505644.0,web-chrome,"{'country': 'SA', 'city': 'Riyadh', 'language': 'ar', 'user_type': 'registered', 'is_subscribed': True, 'trial_user': False, 'autoplay': False, 'is_background_play': True}",podcast,2723,2505.644,0.92
6279,c92843f2-5d1f-40af-bb2a-017067e2d554,6c9526fb-c1f7-47f7-a8cd-44682626bb72,click,2026-01-11 18:44:18.764734+00:00,,android,"{'country': 'SA', 'city': 'Riyadh', 'language': 'ar', 'user_type': 'registered', 'is_subscribed': True, 'trial_user': False, 'autoplay': False, 'is_background_play': False}",podcast,2723,,
6280,c92843f2-5d1f-40af-bb2a-017067e2d554,eee63876-4bf5-4bd4-8511-67354e76f40a,play,2026-01-11 18:16:18.764743+00:00,1344812.0,ios,"{'country': 'SA', 'city': 'Riyadh', 'language': 'ar', 'user_type': 'registered', 'is_subscribed': True, 'trial_user': False, 'autoplay': False, 'is_background_play': True}",podcast,2723,1344.812,0.49
6281,d5ac4ef0-4953-4949-a6f6-e2aebad12ff9,b18c3885-4bd8-48c3-b813-4f7c57d0b6d6,play,2026-01-11 18:14:18.764752+00:00,3093.0,web-chrome,"{'country': 'SA', 'city': 'Riyadh', 'language': 'ar', 'user_type': 'registered', 'is_subscribed': True, 'trial_user': False, 'autoplay': False, 'is_background_play': False}",newsletter,773,3.093,0.0
6282,d5ac4ef0-4953-4949-a6f6-e2aebad12ff9,87786505-c83a-4af8-b83f-251c281543ce,click,2026-01-11 18:44:18.764761+00:00,,web-safari,"{'country': 'SA', 'city': 'Riyadh', 'language': 'ar', 'user_type': 'registered', 'is_subscribed': True, 'trial_user': False, 'autoplay': False, 'is_background_play': False}",newsletter,773,,
6283,d5ac4ef0-4953-4949-a6f6-e2aebad12ff9,e4206ef0-59da-47ce-a785-154e72df773f,pause,2026-01-11 18:10:18.764769+00:00,,web-chrome,"{'country': 'SA', 'city': 'Riyadh', 'language': 'ar', 'user_type': 'registered', 'is_subscribed': True, 'trial_user': False, 'autoplay': False, 'is_background_play': False}",newsletter,773,,
6284,d5ac4ef0-4953-4949-a6f6-e2aebad12ff9,d18588f8-cca5-4a2f-ba4c-549cf02e4737,play,2026-01-11 18:15:18.764778+00:00,,web-chrome,"{'country': 'SA', 'city': 'Riyadh', 'language': 'ar', 'user_type': 'registered', 'is_subscribed': True, 'trial_user': False, 'autoplay': False, 'is_background_play': True}",newsletter,773,,
6285,d5ac4ef0-4953-4949-a6f6-e2aebad12ff9,0a66bd54-2cd5-45b8-a509-8d4cb9fbce14,finish,2026-01-11 18:34:18.764786+00:00,330321.0,android,"{'country': 'SA', 'city': 'Riyadh', 'language': 'ar', 'user_type': 'registered', 'is_subscribed': True, 'trial_user': False, 'autoplay': False, 'is_background_play': False}",newsletter,773,330.321,0.43
6286,d5ac4ef0-4953-4949-a6f6-e2aebad12ff9,b993edf3-d12c-4c43-873b-e5abb32b27ac,play,2026-01-11 18:45:18.764795+00:00,61454.0,web-chrome,"{'country': 'SA', 'city': 'Riyadh', 'language': 'ar', 'user_type': 'registered', 'is_subscribed': True, 'trial_user': False, 'autoplay': False, 'is_background_play': False}",newsletter,773,61.454,0.08
6287,d5ac4ef0-4953-4949-a6f6-e2aebad12ff9,575ae022-c09b-4ec5-92c8-995e86247e76,play,2026-01-11 18:02:18.764804+00:00,,android,"{'country': 'SA', 'city': 'Riyadh', 'language': 'ar', 'user_type': 'registered', 'is_subscribed': True, 'trial_user': False, 'autoplay': False, 'is_background_play': True}",newsletter,773,,
6288,d5ac4ef0-4953-4949-a6f6-e2aebad12ff9,d62a6235-7931-4d44-8fd5-e197f4d2189c,finish,2026-01-11 18:19:18.764813+00:00,264548.0,web-safari,"{'country': 'SA', 'city': 'Riyadh', 'language': 'ar', 'user_type': 'registered', 'is_subscribed': True, 'trial_user': False, 'autoplay': False, 'is_background_play': False}",newsletter,773,264.548,0.34
6289,d5ac4ef0-4953-4949-a6f6-e2aebad12ff9,3e1d9359-81b8-4ca3-bd48-c7ab2522c513,pause,2026-01-11 18:44:18.764821+00:00,268326.0,web-safari,"{'country': 'SA', 'city': 'Riyadh', 'language': 'ar', 'user_type': 'registered', 'is_subscribed': True, 'trial_user': False, 'autoplay': False, 'is_background_play': True}",newsletter,773,268.326,0.35
6290,d5ac4ef0-4953-4949-a6f6-e2aebad12ff9,f92b0358-719b-4f64-bc0c-f6873e89603b,pause,2026-01-11 18:23:18.764830+00:00,,web-chrome,"{'country': 'SA', 'city': 'Riyadh', 'language': 'ar', 'user_type': 'registered', 'is_subscribed': True, 'trial_user': False, 'autoplay': False, 'is_background_play': False}",newsletter,773,,
6291,d5ac4ef0-4953-4949-a6f6-e2aebad12ff9,c997588a-319a-416d-98c4-cec6ac08596c,play,2026-01-11 18:07:18.764839+00:00,126594.0,android,"{'country': 'SA', 'city': 'Riyadh', 'language': 'ar', 'user_type': 'registered', 'is_subscribed': True, 'trial_user': False, 'autoplay': False, 'is_background_play': True}",newsletter,773,126.594,0.16
6292,d5ac4ef0-4953-4949-a6f6-e2aebad12ff9,a86c8593-dfb3-4106-8318-f13e0f3d7d49,click,2026-01-11 18:49:18.764848+00:00,,android,"{'country': 'SA', 'city': 'Riyadh', 'language': 'ar', 'user_type': 'registered', 'is_subscribed': True, 'trial_user': False, 'autoplay': False, 'is_background_play': False}",newsletter,773,,
6293,d5ac4ef0-4953-4949-a6f6-e2aebad12ff9,09af160f-1581-4490-960c-d4b15e9e3465,finish,2026-01-11 18:05:18.764856+00:00,544855.0,ios,"{'country': 'SA', 'city': 'Riyadh', 'language': 'ar', 'user_type': 'registered', 'is_subscribed': True, 'trial_user': False, 'autoplay': False, 'is_background_play': True}",newsletter,773,544.855,0.7
6294,d5ac4ef0-4953-4949-a6f6-e2aebad12ff9,7ca80367-41c8-46c5-99f6-117f723a9663,finish,2026-01-11 18:25:18.764865+00:00,649932.0,ios,"{'country': 'SA', 'city': 'Riyadh', 'language': 'ar', 'user_type': 'registered', 'is_subscribed': True, 'trial_user': False, 'autoplay': False, 'is_background_play': True}",newsletter,773,649.932,0.84
6295,d5ac4ef0-4953-4949-a6f6-e2aebad12ff9,47aab3b9-14f4-4977-a90f-efcbc034a2eb,pause,2026-01-11 18:45:18.764874+00:00,,android,"{'country': 'SA', 'city': 'Riyadh', 'language': 'ar', 'user_type': 'registered', 'is_subscribed': True, 'trial_user': False, 'autoplay': False, 'is_background_play': True}",newsletter,773,,
6296,d5ac4ef0-4953-4949-a6f6-e2aebad12ff9,4736c582-0b18-4c4a-9b33-ee8f089b538e,pause,2026-01-11 18:18:18.764882+00:00,542267.0,ios,"{'country': 'SA', 'city': 'Riyadh', 'language': 'ar', 'user_type': 'registered', 'is_subscribed': True, 'trial_user': False, 'autoplay': False, 'is_background_play': False}",newsletter,773,542.267,0.7
6297,d5ac4ef0-4953-4949-a6f6-e2aebad12ff9,19570712-7459-46fd-bc07-16b6c8b44b16,click,2026-01-11 18:46:18.764891+00:00,,web-chrome,"{'country': 'SA', 'city': 'Riyadh', 'language': 'ar', 'user_type': 'registered', 'is_subscribed': True, 'trial_user': False, 'autoplay': False, 'is_background_play': True}",newsletter,773,,
6298,d5ac4ef0-4953-4949-a6f6-e2aebad12ff9,bd92d92f-4beb-4c7c-a194-41acf9168e7a,click,2026-01-11 18:32:18.764900+00:00,,web-chrome,"{'country': 'SA', 'city': 'Riyadh', 'language': 'ar', 'user_type': 'registered', 'is_subscribed': True, 'trial_user': False, 'autoplay': False, 'is_background_play': False}",newsletter,773,,
6299,d5ac4ef0-4953-4949-a6f6-e2aebad12ff9,9cb539ec-f857-425d-aac3-5b4948b515d2,pause,2026-01-11 18:52:18.764908+00:00,240570.0,web-chrome,"{'country': 'SA', 'city': 'Riyadh', 'language': 'ar', 'user_type': 'registered', 'is_subscribed': True, 'trial_user': False, 'autoplay': False, 'is_background_play': True}",newsletter,773,240.57,0.31
6300,d5ac4ef0-4953-4949-a6f6-e2aebad12ff9,4a0d0c05-4f9b-45dc-b7ae-6f282a742012,click,2026-01-11 18:14:18.764917+00:00,,web-safari,"{'country': 'SA', 'city': 'Riyadh', 'language': 'ar', 'user_type': 'registered', 'is_subscribed': True, 'trial_user': False, 'autoplay': False, 'is_background_play': False}",newsletter,773,,
6301,d5ac4ef0-4953-4949-a6f6-e2aebad12ff9,5a5e9f59-effa-49f8-b73a-e4bd7a3341a5,click,2026-01-11 18:53:18.764926+00:00,,web-safari,"{'country': 'SA', 'city': 'Riyadh', 'language': 'ar', 'user_type': 'registered', 'is_subscribed': True, 'trial_user': False, 'autoplay': False, 'is_background_play': True}",newsletter,773,,
6302,d5ac4ef0-4953-4949-a6f6-e2aebad12ff9,d1c19c53-c3e0-4903-8b08-bcbe4f9afd8f,pause,2026-01-11 18:55:18.764941+00:00,501821.0,android,"{'country': 'SA', 'city': 'Riyadh', 'language': 'ar', 'user_type': 'registered', 'is_subscribed': True, 'trial_user': False, 'autoplay': False, 'is_background_play': True}",newsletter,773,501.821,0.65
6303,d5ac4ef0-4953-4949-a6f6-e2aebad12ff9,b92fbdd4-ee18-4586-98b2-425d72179745,finish,2026-01-11 18:31:18.764951+00:00,280508.0,web-chrome,"{'country': 'SA', 'city': 'Riyadh', 'language': 'ar', 'user_type': 'registered', 'is_subscribed': True, 'trial_user': False, 'autoplay': False, 'is_background_play': False}",newsletter,773,280.508,0.36
6304,d5ac4ef0-4953-4949-a6f6-e2aebad12ff9,bf21788c-7179-4f26-befe-9e0e8fb77c3c,click,2026-01-11 18:31:18.764960+00:00,,web-safari,"{'country': 'SA', 'city': 'Riyadh', 'language': 'ar', 'user_type': 'registered', 'is_subscribed': True, 'trial_user': False, 'autoplay': False, 'is_background_play': False}",newsletter,773,,
6305,d5ac4ef0-4953-4949-a6f6-e2aebad12ff9,dddf497e-a8b9-4266-a4c2-1389f38ddb94,play,2026-01-11 18:46:18.764969+00:00,,web-chrome,"{'country': 'SA', 'city': 'Riyadh', 'language': 'ar', 'user_type': 'registered', 'is_subscribed': True, 'trial_user': False, 'autoplay': False, 'is_background_play': True}",newsletter,773,,
6306,d5ac4ef0-4953-4949-a6f6-e2aebad12ff9,9f7a56e3-53d4-4028-b7cc-f89beb6b8f2f,click,2026-01-11 18:55:18.764977+00:00,,web-chrome,"{'country': 'SA', 'city': 'Riyadh', 'language': 'ar', 'user_type': 'registered', 'is_subscribed': True, 'trial_user': False, 'autoplay': False, 'is_background_play': True}",newsletter,773,,
6307,d5ac4ef0-4953-4949-a6f6-e2aebad12ff9,97f51d91-4130-43cf-925c-8e8cf47d612d,click,2026-01-11 18:47:18.764986+00:00,,web-chrome,"{'country': 'SA', 'city': 'Riyadh', 'language': 'ar', 'user_type': 'registered', 'is_subscribed': True, 'trial_user': False, 'autoplay': False, 'is_background_play': True}",newsletter,773,,
6308,d5ac4ef0-4953-4949-a6f6-e2aebad12ff9,363e2b69-ccb0-411e-80ef-6cde648cc980,click,2026-01-11 18:08:18.764994+00:00,,android,"{'country': 'SA', 'city': 'Riyadh', 'language': 'ar', 'user_type': 'registered', 'is_subscribed': True, 'trial_user': False, 'autoplay': False, 'is_background_play': True}",newsletter,773,,
6309,d5ac4ef0-4953-4949-a6f6-e2aebad12ff9,228a9072-ed23-4964-88ad-e673c23c1795,click,2026-01-11 18:21:18.765003+00:00,,ios,"{'country': 'SA', 'city': 'Riyadh', 'language': 'ar', 'user_type': 'registered', 'is_subscribed': True, 'trial_user': False, 'autoplay': False, 'is_background_play': False}",newsletter,773,,
6310,d5ac4ef0-4953-4949-a6f6-e2aebad12ff9,f44d13cf-6d89-4bab-a938-a3f55cf78291,click,2026-01-11 18:46:18.765011+00:00,,android,"{'country': 'SA', 'city': 'Riyadh', 'language': 'ar', 'user_type': 'registered', 'is_subscribed': True, 'trial_user': False, 'autoplay': False, 'is_background_play': True}",newsletter,773,,
6311,d5ac4ef0-4953-4949-a6f6-e2aebad12ff9,5b9f84a6-c66f-4cd1-ba02-bb60c9835198,pause,2026-01-11 18:51:18.765020+00:00,12133.0,ios,"{'country': 'SA', 'city': 'Riyadh', 'language': 'ar', 'user_type': 'registered', 'is_subscribed': True, 'trial_user': False, 'autoplay': False, 'is_background_play': True}",newsletter,773,12.133,0.02
6312,d5ac4ef0-4953-4949-a6f6-e2aebad12ff9,02b0cce9-21d7-4710-9979-a30c23f17a13,click,2026-01-11 18:27:18.765029+00:00,,android,"{'country': 'SA', 'city': 'Riyadh', 'language': 'ar', 'user_type': 'registered', 'is_subscribed': True, 'trial_user': False, 'autoplay': False, 'is_background_play': False}",newsletter,773,,
6313,d5ac4ef0-4953-4949-a6f6-e2aebad12ff9,05cde1f7-6f3a-4b93-b88f-c61a1a2cfde2,pause,2026-01-11 18:40:18.765037+00:00,339563.0,android,"{'country': 'SA', 'city': 'Riyadh', 'language': 'ar', 'user_type': 'registered', 'is_subscribed': True, 'trial_user': False, 'autoplay': False, 'is_background_play': False}",newsletter,773,339.563,0.44
6314,d5ac4ef0-4953-4949-a6f6-e2aebad12ff9,93123b04-c9e8-454d-985d-ffaa181fb038,finish,2026-01-11 18:44:18.765046+00:00,504244.0,web-safari,"{'country': 'SA', 'city': 'Riyadh', 'language': 'ar', 'user_type': 'registered', 'is_subscribed': True, 'trial_user': False, 'autoplay': False, 'is_background_play': True}",newsletter,773,504.244,0.65
6315,d5ac4ef0-4953-4949-a6f6-e2aebad12ff9,320b42cb-01f0-49a0-8e05-3618951b0d02,play,2026-01-11 18:41:18.765055+00:00,594382.0,android,"{'country': 'SA', 'city': 'Riyadh', 'language': 'ar', 'user_type': 'registered', 'is_subscribed': True, 'trial_user': False, 'autoplay': False, 'is_background_play': False}",newsletter,773,594.382,0.77
6316,d5ac4ef0-4953-4949-a6f6-e2aebad12ff9,53b757b3-63c6-4e1a-80da-1427f3b7a082,finish,2026-01-11 18:27:18.765064+00:00,130261.0,ios,"{'country': 'SA', 'city': 'Riyadh', 'language': 'ar', 'user_type': 'registered', 'is_subscribed': True, 'trial_user': False, 'autoplay': False, 'is_background_play': False}",newsletter,773,130.261,0.17
6317,d5ac4ef0-4953-4949-a6f6-e2aebad12ff9,95604593-6c93-41d8-9c56-5db6425cca1d,click,2026-01-11 18:47:18.765073+00:00,,web-chrome,"{'country': 'SA', 'city': 'Riyadh', 'language': 'ar', 'user_type': 'registered', 'is_subscribed': True, 'trial_user': False, 'autoplay': False, 'is_background_play': False}",newsletter,773,,
6318,d5ac4ef0-4953-4949-a6f6-e2aebad12ff9,054b1d3c-ba41-4068-88a4-e0b18378ea4f,pause,2026-01-11 18:27:18.765081+00:00,,android,"{'country': 'SA', 'city': 'Riyadh', 'language': 'ar', 'user_type': 'registered', 'is_subscribed': True, 'trial_user': False, 'autoplay': False, 'is_background_play': True}",newsletter,773,,
6319,d5ac4ef0-4953-4949-a6f6-e2aebad12ff9,c100cd8c-785b-4e39-8550-02147aa3488b,finish,2026-01-11 18:03:18.765090+00:00,637107.0,ios,"{'country': 'SA', 'city': 'Riyadh', 'language': 'ar', 'user_type': 'registered', 'is_subscribed': True, 'trial_user': False, 'autoplay': False, 'is_background_play': False}",newsletter,773,637.107,0.82
6320,d5ac4ef0-4953-4949-a6f6-e2aebad12ff9,fb560fbc-280a-4125-8f53-ff84623346f5,pause,2026-01-11 18:26:18.765099+00:00,,android,"{'country': 'SA', 'city': 'Riyadh', 'language': 'ar', 'user_type': 'registered', 'is_subscribed': True, 'trial_user': False, 'autoplay': False, 'is_background_play': False}",newsletter,773,,
6321,62fcfe51-03d3-48ad-83db-517328feff8b,c8a0d5a9-7e73-4208-ac05-cd1fefbe50df,play,2026-01-11 18:30:18.765108+00:00,53714.0,android,"{'country': 'SA', 'city': 'Riyadh', 'language': 'ar', 'user_type': 'registered', 'is_subscribed': True, 'trial_user': False, 'autoplay': False, 'is_background_play': True}",newsletter,407,53.714,0.13
6322,62fcfe51-03d3-48ad-83db-517328feff8b,6b011c79-9ae2-4b7a-a3f0-971db473ea47,play,2026-01-11 18:43:18.765116+00:00,78045.0,web-safari,"{'country': 'SA', 'city': 'Riyadh', 'language': 'ar', 'user_type': 'registered', 'is_subscribed': True, 'trial_user': False, 'autoplay': False, 'is_background_play': False}",newsletter,407,78.045,0.19
6323,62fcfe51-03d3-48ad-83db-517328feff8b,f5371f04-cd0b-4c73-a9c9-e213068ea145,finish,2026-01-11 18:37:18.765125+00:00,48605.0,ios,"{'country': 'SA', 'city': 'Riyadh', 'language': 'ar', 'user_type': 'registered', 'is_subscribed': True, 'trial_user': False, 'autoplay': False, 'is_background_play': False}",newsletter,407,48.605,0.12
6324,62fcfe51-03d3-48ad-83db-517328feff8b,be3c86b5-1d5a-4478-9784-ad02c0521471,pause,2026-01-11 18:28:18.765134+00:00,100324.0,web-chrome,"{'country': 'SA', 'city': 'Riyadh', 'language': 'ar', 'user_type': 'registered', 'is_subscribed': True, 'trial_user': False, 'autoplay': False, 'is_background_play': True}",newsletter,407,100.324,0.25
6325,62fcfe51-03d3-48ad-83db-517328feff8b,1d4a1c39-035c-4c81-9345-b26defd31011,pause,2026-01-11 18:39:18.765143+00:00,218243.0,android,"{'country': 'SA', 'city': 'Riyadh', 'language': 'ar', 'user_type': 'registered', 'is_subscribed': True, 'trial_user': False, 'autoplay': False, 'is_background_play': False}",newsletter,407,218.243,0.54
6326,62fcfe51-03d3-48ad-83db-517328feff8b,3615746a-9764-4784-b15a-abccd94d1478,pause,2026-01-11 18:37:18.765152+00:00,297307.0,ios,"{'country': 'SA', 'city': 'Riyadh', 'language': 'ar', 'user_type': 'registered', 'is_subscribed': True, 'trial_user': False, 'autoplay': False, 'is_background_play': True}",newsletter,407,297.307,0.73
6327,62fcfe51-03d3-48ad-83db-517328feff8b,2c1bf6c5-d90a-4962-8935-5ca35b9c33d0,finish,2026-01-11 18:06:18.765167+00:00,61713.0,web-safari,"{'country': 'SA', 'city': 'Riyadh', 'language': 'ar', 'user_type': 'registered', 'is_subscribed': True, 'trial_user': False, 'autoplay': False, 'is_background_play': True}",newsletter,407,61.713,0.15
6328,62fcfe51-03d3-48ad-83db-517328feff8b,077009fc-a5ec-494a-abb7-524a9671b51a,play,2026-01-11 18:16:18.765176+00:00,131016.0,ios,"{'country': 'SA', 'city': 'Riyadh', 'language': 'ar', 'user_type': 'registered', 'is_subscribed': True, 'trial_user': False, 'autoplay': False, 'is_background_play': True}",newsletter,407,131.016,0.32
6329,62fcfe51-03d3-48ad-83db-517328feff8b,9f88cbe1-cd94-494c-a7f5-529b86451b9a,click,2026-01-11 18:12:18.765185+00:00,,web-chrome,"{'country': 'SA', 'city': 'Riyadh', 'language': 'ar', 'user_type': 'registered', 'is_subscribed': True, 'trial_user': False, 'autoplay': False, 'is_background_play': True}",newsletter,407,,
6330,62fcfe51-03d3-48ad-83db-517328feff8b,371059ae-5583-49a2-a1d3-65f0bd62bda8,play,2026-01-11 18:43:18.765194+00:00,183900.0,web-safari,"{'country': 'SA', 'city': 'Riyadh', 'language': 'ar', 'user_type': 'registered', 'is_subscribed': True, 'trial_user': False, 'autoplay': False, 'is_background_play': True}",newsletter,407,183.9,0.45
6331,62fcfe51-03d3-48ad-83db-517328feff8b,7cbabea3-585b-4ad5-96f1-fb8a65bc3400,play,2026-01-11 18:51:18.765203+00:00,,ios,"{'country': 'SA', 'city': 'Riyadh', 'language': 'ar', 'user_type': 'registered', 'is_subscribed': True, 'trial_user': False, 'autoplay': False, 'is_background_play': True}",newsletter,407,,
6332,62fcfe51-03d3-48ad-83db-517328feff8b,ba62a4bb-59ce-4e55-a654-0da5e1db1812,finish,2026-01-11 17:56:18.765212+00:00,383052.0,web-chrome,"{'country': 'SA', 'city': 'Riyadh', 'language': 'ar', 'user_type': 'registered', 'is_subscribed': True, 'trial_user': False, 'autoplay': False, 'is_background_play': True}",newsletter,407,383.052,0.94
6333,62fcfe51-03d3-48ad-83db-517328feff8b,ca649491-64e6-4127-9994-905a20880e4f,pause,2026-01-11 18:29:18.765221+00:00,197164.0,ios,"{'country': 'SA', 'city': 'Riyadh', 'language': 'ar', 'user_type': 'registered', 'is_subscribed': True, 'trial_user': False, 'autoplay': False, 'is_background_play': True}",newsletter,407,197.164,0.48
6334,62fcfe51-03d3-48ad-83db-517328feff8b,027271ee-7c6c-4fae-b989-9f88de93689c,play,2026-01-11 18:21:18.765230+00:00,375769.0,web-safari,"{'country': 'SA', 'city': 'Riyadh', 'language': 'ar', 'user_type': 'registered', 'is_subscribed': True, 'trial_user': False, 'autoplay': False, 'is_background_play': False}",newsletter,407,375.769,0.92
6335,62fcfe51-03d3-48ad-83db-517328feff8b,dfbcd1b1-bd10-40a2-bd7c-cb197e5286db,play,2026-01-11 18:07:18.765239+00:00,282526.0,android,"{'country': 'SA', 'city': 'Riyadh', 'language': 'ar', 'user_type': 'registered', 'is_subscribed': True, 'trial_user': False, 'autoplay': False, 'is_background_play': True}",newsletter,407,282.526,0.69
6336,62fcfe51-03d3-48ad-83db-517328feff8b,c6a88c6a-fa92-4e42-b39d-ec29a0668be2,play,2026-01-11 18:45:18.765248+00:00,,web-chrome,"{'country': 'SA', 'city': 'Riyadh', 'language': 'ar', 'user_type': 'registered', 'is_subscribed': True, 'trial_user': False, 'autoplay': False, 'is_background_play': True}",newsletter,407,,
6337,62fcfe51-03d3-48ad-83db-517328feff8b,d3aa537a-231c-44e0-b4ed-6345cf9875fe,click,2026-01-11 18:28:18.765257+00:00,,web-safari,"{'country': 'SA', 'city': 'Riyadh', 'language': 'ar', 'user_type': 'registered', 'is_subscribed': True, 'trial_user': False, 'autoplay': False, 'is_background_play': True}",newsletter,407,,
6338,62fcfe51-03d3-48ad-83db-517328feff8b,669c4f21-5198-4002-8eff-d45dfeb19bb1,finish,2026-01-11 18:07:18.765266+00:00,327114.0,ios,"{'country': 'SA', 'city': 'Riyadh', 'language': 'ar', 'user_type': 'registered', 'is_subscribed': True, 'trial_user': False, 'autoplay': False, 'is_background_play': False}",newsletter,407,327.114,0.8
6339,62fcfe51-03d3-48ad-83db-517328feff8b,ee1b5359-2bd6-4709-8a08-570aafe3d115,pause,2026-01-11 18:17:18.765275+00:00,315143.0,web-safari,"{'country': 'SA', 'city': 'Riyadh', 'language': 'ar', 'user_type': 'registered', 'is_subscribed': True, 'trial_user': False, 'autoplay': False, 'is_background_play': True}",newsletter,407,315.143,0.77
6340,62fcfe51-03d3-48ad-83db-517328feff8b,691975d0-26fb-4492-b7b6-c05e1d95aaea,click,2026-01-11 18:36:18.765284+00:00,,web-chrome,"{'country': 'SA', 'city': 'Riyadh', 'language': 'ar', 'user_type': 'registered', 'is_subscribed': True, 'trial_user': False, 'autoplay': False, 'is_background_play': True}",newsletter,407,,
6341,62fcfe51-03d3-48ad-83db-517328feff8b,8fded83a-afb4-4d06-a014-eb91cd46bd72,finish,2026-01-11 18:09:18.765292+00:00,4201.0,web-safari,"{'country': 'SA', 'city': 'Riyadh', 'language': 'ar', 'user_type': 'registered', 'is_subscribed': True, 'trial_user': False, 'autoplay': False, 'is_background_play': False}",newsletter,407,4.201,0.01
6342,62fcfe51-03d3-48ad-83db-517328feff8b,8993c66f-fa71-455c-ba9f-423dc2ee251c,play,2026-01-11 18:10:18.765301+00:00,174831.0,android,"{'country': 'SA', 'city': 'Riyadh', 'language': 'ar', 'user_type': 'registered', 'is_subscribed': True, 'trial_user': False, 'autoplay': False, 'is_background_play': False}",newsletter,407,174.831,0.43
6343,62fcfe51-03d3-48ad-83db-517328feff8b,0f5c4a60-5ec1-4568-b3e2-6bef6542ad23,finish,2026-01-11 17:56:18.765310+00:00,112393.0,web-safari,"{'country': 'SA', 'city': 'Riyadh', 'language': 'ar', 'user_type': 'registered', 'is_subscribed': True, 'trial_user': False, 'autoplay': False, 'is_background_play': True}",newsletter,407,112.393,0.28
6344,62fcfe51-03d3-48ad-83db-517328feff8b,bb7477fd-7eea-497e-bf21-03e6932fadd1,finish,2026-01-11 18:35:18.765319+00:00,,web-safari,"{'country': 'SA', 'city': 'Riyadh', 'language': 'ar', 'user_type': 'registered', 'is_subscribed': True, 'trial_user': False, 'autoplay': False, 'is_background_play': False}",newsletter,407,,
6345,62fcfe51-03d3-48ad-83db-517328feff8b,a5b95818-8fe1-405a-b06a-1e3213874c49,click,2026-01-11 18:52:18.765327+00:00,,android,"{'country': 'SA', 'city': 'Riyadh', 'language': 'ar', 'user_type': 'registered', 'is_subscribed': True, 'trial_user': False, 'autoplay': False, 'is_background_play': False}",newsletter,407,,
6346,62fcfe51-03d3-48ad-83db-517328feff8b,159271ef-b65b-41e5-9ed1-db88e1dd97af,pause,2026-01-11 18:32:18.765336+00:00,210092.0,web-safari,"{'country': 'SA', 'city': 'Riyadh', 'language': 'ar', 'user_type': 'registered', 'is_subscribed': True, 'trial_user': False, 'autoplay': False, 'is_background_play': False}",newsletter,407,210.092,0.52
6347,62fcfe51-03d3-48ad-83db-517328feff8b,c352f998-1297-48cf-9777-cde6a3317a76,click,2026-01-11 18:07:18.765345+00:00,,android,"{'country': 'SA', 'city': 'Riyadh', 'language': 'ar', 'user_type': 'registered', 'is_subscribed': True, 'trial_user': False, 'autoplay': False, 'is_background_play': True}",newsletter,407,,
6348,62fcfe51-03d3-48ad-83db-517328feff8b,5578ac12-68df-446b-90aa-189a679f86d8,play,2026-01-11 17:56:18.765354+00:00,153626.0,android,"{'country': 'SA', 'city': 'Riyadh', 'language': 'ar', 'user_type': 'registered', 'is_subscribed': True, 'trial_user': False, 'autoplay': False, 'is_background_play': True}",newsletter,407,153.626,0.38
6349,62fcfe51-03d3-48ad-83db-517328feff8b,baf173f9-677c-4a47-b802-3c71b174b154,finish,2026-01-11 18:10:18.765362+00:00,301096.0,web-chrome,"{'country': 'SA', 'city': 'Riyadh', 'language': 'ar', 'user_type': 'registered', 'is_subscribed': True, 'trial_user': False, 'autoplay': False, 'is_background_play': True}",newsletter,407,301.096,0.74
6350,62fcfe51-03d3-48ad-83db-517328feff8b,d8b0cb91-4df2-462f-a71c-9951ed57cee6,play,2026-01-11 18:51:18.765372+00:00,202138.0,web-safari,"{'country': 'SA', 'city': 'Riyadh', 'language': 'ar', 'user_type': 'registered', 'is_subscribed': True, 'trial_user': False, 'autoplay': False, 'is_background_play': False}",newsletter,407,202.138,0.5
6351,62fcfe51-03d3-48ad-83db-517328feff8b,6643f696-025d-4644-93c5-ad6933539e24,finish,2026-01-11 18:50:18.765381+00:00,36847.0,ios,"{'country': 'SA', 'city': 'Riyadh', 'language': 'ar', 'user_type': 'registered', 'is_subscribed': True, 'trial_user': False, 'autoplay': False, 'is_background_play': True}",newsletter,407,36.847,0.09
6352,62fcfe51-03d3-48ad-83db-517328feff8b,985b95c7-b79a-490f-8bd4-f4270e5a1e8e,play,2026-01-11 18:53:18.765399+00:00,,web-chrome,"{'country': 'SA', 'city': 'Riyadh', 'language': 'ar', 'user_type': 'registered', 'is_subscribed': True, 'trial_user': False, 'autoplay': False, 'is_background_play': True}",newsletter,407,,
6353,62fcfe51-03d3-48ad-83db-517328feff8b,82895f01-de5b-4a6b-b4cd-61eb02768957,finish,2026-01-11 18:01:18.765408+00:00,165802.0,android,"{'country': 'SA', 'city': 'Riyadh', 'language': 'ar', 'user_type': 'registered', 'is_subscribed': True, 'trial_user': False, 'autoplay': False, 'is_background_play': True}",newsletter,407,165.802,0.41
6354,62fcfe51-03d3-48ad-83db-517328feff8b,ede7ae0e-1813-4c1d-b4ea-85de644483fd,play,2026-01-11 18:10:18.765418+00:00,240796.0,web-safari,"{'country': 'SA', 'city': 'Riyadh', 'language': 'ar', 'user_type': 'registered', 'is_subscribed': True, 'trial_user': False, 'autoplay': False, 'is_background_play': False}",newsletter,407,240.796,0.59
6355,62fcfe51-03d3-48ad-83db-517328feff8b,a03483d6-fac5-4a5f-800c-6d9d20f44847,click,2026-01-11 18:30:18.765427+00:00,,ios,"{'country': 'SA', 'city': 'Riyadh', 'language': 'ar', 'user_type': 'registered', 'is_subscribed': True, 'trial_user': False, 'autoplay': False, 'is_background_play': False}",newsletter,407,,
6356,62fcfe51-03d3-48ad-83db-517328feff8b,faea04ce-90d6-452c-8cb0-133f66286768,click,2026-01-11 18:41:18.765435+00:00,,ios,"{'country': 'SA', 'city': 'Riyadh', 'language': 'ar', 'user_type': 'registered', 'is_subscribed': True, 'trial_user': False, 'autoplay': False, 'is_background_play': True}",newsletter,407,,
6357,62fcfe51-03d3-48ad-83db-517328feff8b,faa9e1b0-4520-4261-9b7f-fb06a3091008,click,2026-01-11 18:47:18.765443+00:00,,web-safari,"{'country': 'SA', 'city': 'Riyadh', 'language': 'ar', 'user_type': 'registered', 'is_subscribed': True, 'trial_user': False, 'autoplay': False, 'is_background_play': True}",newsletter,407,,
6358,62fcfe51-03d3-48ad-83db-517328feff8b,26bb1c45-ebc7-4234-9240-356243e4d24f,play,2026-01-11 17:58:18.765452+00:00,250748.0,web-safari,"{'country': 'SA', 'city': 'Riyadh', 'language': 'ar', 'user_type': 'registered', 'is_subscribed': True, 'trial_user': False, 'autoplay': False, 'is_background_play': False}",newsletter,407,250.748,0.62
6359,62fcfe51-03d3-48ad-83db-517328feff8b,fb3d4807-7ec2-4333-b609-17939c7874b4,play,2026-01-11 18:54:18.765461+00:00,312252.0,web-safari,"{'country': 'SA', 'city': 'Riyadh', 'language': 'ar', 'user_type': 'registered', 'is_subscribed': True, 'trial_user': False, 'autoplay': False, 'is_background_play': False}",newsletter,407,312.252,0.77
6360,62fcfe51-03d3-48ad-83db-517328feff8b,36eb3593-a35a-4dd5-9a68-288641aa287d,pause,2026-01-11 18:36:18.765470+00:00,,android,"{'country': 'SA', 'city': 'Riyadh', 'language': 'ar', 'user_type': 'registered', 'is_subscribed': True, 'trial_user': False, 'autoplay': False, 'is_background_play': True}",newsletter,407,,
6361,35ce4ca9-2f54-4c27-a80f-a9b89b3d63cb,21b6f892-af50-4972-b580-0fea84698a6e,click,2026-01-11 18:21:18.765478+00:00,,android,"{'country': 'SA', 'city': 'Riyadh', 'language': 'ar', 'user_type': 'registered', 'is_subscribed': True, 'trial_user': False, 'autoplay': False, 'is_background_play': True}",newsletter,616,,
6362,35ce4ca9-2f54-4c27-a80f-a9b89b3d63cb,921710b8-7c66-4a8b-9926-37445cb39180,play,2026-01-11 18:09:18.765487+00:00,271776.0,web-safari,"{'country': 'SA', 'city': 'Riyadh', 'language': 'ar', 'user_type': 'registered', 'is_subscribed': True, 'trial_user': False, 'autoplay': False, 'is_background_play': True}",newsletter,616,271.776,0.44
6363,35ce4ca9-2f54-4c27-a80f-a9b89b3d63cb,baba864b-d249-48e3-8fdd-74d193c05322,finish,2026-01-11 18:50:18.765496+00:00,,web-chrome,"{'country': 'SA', 'city': 'Riyadh', 'language': 'ar', 'user_type': 'registered', 'is_subscribed': True, 'trial_user': False, 'autoplay': False, 'is_background_play': False}",newsletter,616,,
6364,35ce4ca9-2f54-4c27-a80f-a9b89b3d63cb,4fe6a67a-64b7-4d45-8f0d-538be5ffa56f,click,2026-01-11 18:07:18.765504+00:00,,ios,"{'country': 'SA', 'city': 'Riyadh', 'language': 'ar', 'user_type': 'registered', 'is_subscribed': True, 'trial_user': False, 'autoplay': False, 'is_background_play': False}",newsletter,616,,
6365,35ce4ca9-2f54-4c27-a80f-a9b89b3d63cb,7e62d736-0123-4411-b847-68de1504e2df,click,2026-01-11 17:59:18.765512+00:00,,ios,"{'country': 'SA', 'city': 'Riyadh', 'language': 'ar', 'user_type': 'registered', 'is_subscribed': True, 'trial_user': False, 'autoplay': False, 'is_background_play': True}",newsletter,616,,
6366,35ce4ca9-2f54-4c27-a80f-a9b89b3d63cb,c1e3d9ec-bc92-4754-9633-6c9577eb3808,click,2026-01-11 18:44:18.765521+00:00,,web-chrome,"{'country': 'SA', 'city': 'Riyadh', 'language': 'ar', 'user_type': 'registered', 'is_subscribed': True, 'trial_user': False, 'autoplay': False, 'is_background_play': True}",newsletter,616,,
6367,35ce4ca9-2f54-4c27-a80f-a9b89b3d63cb,f803b7dc-d274-4af3-8053-a3e003095763,play,2026-01-11 17:56:18.765529+00:00,,ios,"{'country': 'SA', 'city': 'Riyadh', 'language': 'ar', 'user_type': 'registered', 'is_subscribed': True, 'trial_user': False, 'autoplay': False, 'is_background_play': False}",newsletter,616,,
6368,35ce4ca9-2f54-4c27-a80f-a9b89b3d63cb,964c6448-0d1a-415e-9dc2-26253db71f3e,pause,2026-01-11 18:53:18.765538+00:00,506931.0,web-safari,"{'country': 'SA', 'city': 'Riyadh', 'language': 'ar', 'user_type': 'registered', 'is_subscribed': True, 'trial_user': False, 'autoplay': False, 'is_background_play': False}",newsletter,616,506.931,0.82
6369,35ce4ca9-2f54-4c27-a80f-a9b89b3d63cb,c0ba0e15-01d8-4cac-af07-0c1336e6e8e0,click,2026-01-11 18:35:18.765546+00:00,,android,"{'country': 'SA', 'city': 'Riyadh', 'language': 'ar', 'user_type': 'registered', 'is_subscribed': True, 'trial_user': False, 'autoplay': False, 'is_background_play': True}",newsletter,616,,
6370,35ce4ca9-2f54-4c27-a80f-a9b89b3d63cb,3520ddb4-e083-4796-b6cf-08517c702e50,play,2026-01-11 18:49:18.765555+00:00,497107.0,ios,"{'country': 'SA', 'city': 'Riyadh', 'language': 'ar', 'user_type': 'registered', 'is_subscribed': True, 'trial_user': False, 'autoplay': False, 'is_background_play': True}",newsletter,616,497.107,0.81
6371,35ce4ca9-2f54-4c27-a80f-a9b89b3d63cb,27f21519-5ec1-4bba-8106-98273269758f,pause,2026-01-11 17:58:18.765564+00:00,369040.0,ios,"{'country': 'SA', 'city': 'Riyadh', 'language': 'ar', 'user_type': 'registered', 'is_subscribed': True, 'trial_user': False, 'autoplay': False, 'is_background_play': False}",newsletter,616,369.04,0.6
6372,35ce4ca9-2f54-4c27-a80f-a9b89b3d63cb,a1bc9333-a1a7-4d50-a941-e13c9332b6e3,play,2026-01-11 17:59:18.765573+00:00,57251.0,ios,"{'country': 'SA', 'city': 'Riyadh', 'language': 'ar', 'user_type': 'registered', 'is_subscribed': True, 'trial_user': False, 'autoplay': False, 'is_background_play': True}",newsletter,616,57.251,0.09
6373,35ce4ca9-2f54-4c27-a80f-a9b89b3d63cb,aa85408e-1113-4f8a-ba41-cfeffcd61560,click,2026-01-11 18:17:18.765582+00:00,,web-chrome,"{'country': 'SA', 'city': 'Riyadh', 'language': 'ar', 'user_type': 'registered', 'is_subscribed': True, 'trial_user': False, 'autoplay': False, 'is_background_play': True}",newsletter,616,,
6374,35ce4ca9-2f54-4c27-a80f-a9b89b3d63cb,45493c21-f425-4d8f-a809-f665d26ae0ba,pause,2026-01-11 18:28:18.765590+00:00,481305.0,ios,"{'country': 'SA', 'city': 'Riyadh', 'language': 'ar', 'user_type': 'registered', 'is_subscribed': True, 'trial_user': False, 'autoplay': False, 'is_background_play': True}",newsletter,616,481.305,0.78
6375,35ce4ca9-2f54-4c27-a80f-a9b89b3d63cb,055cf25d-e881-4d85-963f-b3606929e03d,pause,2026-01-11 18:51:18.765599+00:00,492496.0,web-chrome,"{'country': 'SA', 'city': 'Riyadh', 'language': 'ar', 'user_type': 'registered', 'is_subscribed': True, 'trial_user': False, 'autoplay': False, 'is_background_play': True}",newsletter,616,492.496,0.8
6376,35ce4ca9-2f54-4c27-a80f-a9b89b3d63cb,3bf2829c-514f-4a36-b934-65eeadf4b565,click,2026-01-11 18:13:18.765608+00:00,,web-safari,"{'country': 'SA', 'city': 'Riyadh', 'language': 'ar', 'user_type': 'registered', 'is_subscribed': True, 'trial_user': False, 'autoplay': False, 'is_background_play': False}",newsletter,616,,
6377,35ce4ca9-2f54-4c27-a80f-a9b89b3d63cb,a29c4fe0-8b24-4b44-aa5b-4ab5168490ee,click,2026-01-11 18:27:18.765622+00:00,,ios,"{'country': 'SA', 'city': 'Riyadh', 'language': 'ar', 'user_type': 'registered', 'is_subscribed': True, 'trial_user': False, 'autoplay': False, 'is_background_play': False}",newsletter,616,,
6378,35ce4ca9-2f54-4c27-a80f-a9b89b3d63cb,0477a2b3-5a07-42de-9f0f-c9c5e992d4d3,play,2026-01-11 18:28:18.765631+00:00,473897.0,web-chrome,"{'country': 'SA', 'city': 'Riyadh', 'language': 'ar', 'user_type': 'registered', 'is_subscribed': True, 'trial_user': False, 'autoplay': False, 'is_background_play': True}",newsletter,616,473.897,0.77
6379,35ce4ca9-2f54-4c27-a80f-a9b89b3d63cb,20ebcbd3-be2f-4c10-80ee-dbf32c57bd9f,pause,2026-01-11 18:53:18.765640+00:00,,web-safari,"{'country': 'SA', 'city': 'Riyadh', 'language': 'ar', 'user_type': 'registered', 'is_subscribed': True, 'trial_user': False, 'autoplay': False, 'is_background_play': True}",newsletter,616,,
6380,35ce4ca9-2f54-4c27-a80f-a9b89b3d63cb,3418946a-766f-4344-b3c4-ddbad2b82094,click,2026-01-11 18:00:18.765649+00:00,,web-safari,"{'country': 'SA', 'city': 'Riyadh', 'language': 'ar', 'user_type': 'registered', 'is_subscribed': True, 'trial_user': False, 'autoplay': False, 'is_background_play': True}",newsletter,616,,
6381,35ce4ca9-2f54-4c27-a80f-a9b89b3d63cb,efc05bc4-0eed-4a0b-beed-72776503cf9c,finish,2026-01-11 18:53:18.765657+00:00,246775.0,web-safari,"{'country': 'SA', 'city': 'Riyadh', 'language': 'ar', 'user_type': 'registered', 'is_subscribed': True, 'trial_user': False, 'autoplay': False, 'is_background_play': False}",newsletter,616,246.775,0.4
6382,35ce4ca9-2f54-4c27-a80f-a9b89b3d63cb,1e3abf05-d939-443d-9820-794228553b7d,pause,2026-01-11 18:36:18.765667+00:00,,android,"{'country': 'SA', 'city': 'Riyadh', 'language': 'ar', 'user_type': 'registered', 'is_subscribed': True, 'trial_user': False, 'autoplay': False, 'is_background_play': True}",newsletter,616,,
6383,35ce4ca9-2f54-4c27-a80f-a9b89b3d63cb,89d460db-d9f3-4e70-a70b-314981409411,pause,2026-01-11 17:58:18.765675+00:00,380451.0,web-chrome,"{'country': 'SA', 'city': 'Riyadh', 'language': 'ar', 'user_type': 'registered', 'is_subscribed': True, 'trial_user': False, 'autoplay': False, 'is_background_play': False}",newsletter,616,380.451,0.62
6384,35ce4ca9-2f54-4c27-a80f-a9b89b3d63cb,aaf4c9b7-a327-4219-9ad1-1829e3958959,pause,2026-01-11 18:42:18.765684+00:00,200323.0,web-chrome,"{'country': 'SA', 'city': 'Riyadh', 'language': 'ar', 'user_type': 'registered', 'is_subscribed': True, 'trial_user': False, 'autoplay': False, 'is_background_play': False}",newsletter,616,200.323,0.33
6385,35ce4ca9-2f54-4c27-a80f-a9b89b3d63cb,cd734a36-f1f3-46ba-87d8-9f4f3a044893,play,2026-01-11 18:05:18.765693+00:00,206165.0,web-chrome,"{'country': 'SA', 'city': 'Riyadh', 'language': 'ar', 'user_type': 'registered', 'is_subscribed': True, 'trial_user': False, 'autoplay': False, 'is_background_play': False}",newsletter,616,206.165,0.33
6386,35ce4ca9-2f54-4c27-a80f-a9b89b3d63cb,6cf9b74f-27cf-4389-915f-2064ec149c29,click,2026-01-11 18:49:18.765702+00:00,,web-safari,"{'country': 'SA', 'city': 'Riyadh', 'language': 'ar', 'user_type': 'registered', 'is_subscribed': True, 'trial_user': False, 'autoplay': False, 'is_background_play': True}",newsletter,616,,
6387,35ce4ca9-2f54-4c27-a80f-a9b89b3d63cb,3f699897-dd4e-4e29-9173-8e1ba19a5c1c,pause,2026-01-11 17:55:18.765710+00:00,226518.0,ios,"{'country': 'SA', 'city': 'Riyadh', 'language': 'ar', 'user_type': 'registered', 'is_subscribed': True, 'trial_user': False, 'autoplay': False, 'is_background_play': True}",newsletter,616,226.518,0.37
6388,35ce4ca9-2f54-4c27-a80f-a9b89b3d63cb,ce0d5f86-b78f-47b7-9710-34f3bd770197,pause,2026-01-11 18:34:18.765719+00:00,583260.0,android,"{'country': 'SA', 'city': 'Riyadh', 'language': 'ar', 'user_type': 'registered', 'is_subscribed': True, 'trial_user': False, 'autoplay': False, 'is_background_play': False}",newsletter,616,583.26,0.95
6389,35ce4ca9-2f54-4c27-a80f-a9b89b3d63cb,d361d1ac-706b-4c08-a76f-5f167064b0de,click,2026-01-11 18:04:18.765728+00:00,,android,"{'country': 'SA', 'city': 'Riyadh', 'language': 'ar', 'user_type': 'registered', 'is_subscribed': True, 'trial_user': False, 'autoplay': False, 'is_background_play': False}",newsletter,616,,
6390,35ce4ca9-2f54-4c27-a80f-a9b89b3d63cb,0b78c653-5af5-4952-9cc1-89dc5b4f8324,pause,2026-01-11 17:56:18.765736+00:00,488830.0,web-safari,"{'country': 'SA', 'city': 'Riyadh', 'language': 'ar', 'user_type': 'registered', 'is_subscribed': True, 'trial_user': False, 'autoplay': False, 'is_background_play': True}",newsletter,616,488.83,0.79
6391,35ce4ca9-2f54-4c27-a80f-a9b89b3d63cb,e37a890c-2f1d-4cfa-9b1c-83da815d0fd8,play,2026-01-11 18:47:18.765745+00:00,,android,"{'country': 'SA', 'city': 'Riyadh', 'language': 'ar', 'user_type': 'registered', 'is_subscribed': True, 'trial_user': False, 'autoplay': False, 'is_background_play': True}",newsletter,616,,
6392,35ce4ca9-2f54-4c27-a80f-a9b89b3d63cb,31e26dbd-9fb5-4208-9ecd-cbba221a42fd,pause,2026-01-11 18:49:18.765753+00:00,575616.0,android,"{'country': 'SA', 'city': 'Riyadh', 'language': 'ar', 'user_type': 'registered', 'is_subscribed': True, 'trial_user': False, 'autoplay': False, 'is_background_play': False}",newsletter,616,575.616,0.93
6393,35ce4ca9-2f54-4c27-a80f-a9b89b3d63cb,3c6d3c00-7e46-472a-b3fc-faddb843732d,finish,2026-01-11 18:18:18.765762+00:00,318383.0,web-chrome,"{'country': 'SA', 'city': 'Riyadh', 'language': 'ar', 'user_type': 'registered', 'is_subscribed': True, 'trial_user': False, 'autoplay': False, 'is_background_play': True}",newsletter,616,318.383,0.52
6394,35ce4ca9-2f54-4c27-a80f-a9b89b3d63cb,e0be8761-6a04-4165-80bb-d0155a9dbb66,play,2026-01-11 18:08:18.765771+00:00,134877.0,android,"{'country': 'SA', 'city': 'Riyadh', 'language': 'ar', 'user_type': 'registered', 'is_subscribed': True, 'trial_user': False, 'autoplay': False, 'is_background_play': True}",newsletter,616,134.877,0.22
6395,35ce4ca9-2f54-4c27-a80f-a9b89b3d63cb,ead3edfa-e9e2-43e5-bac6-a95a4695d734,pause,2026-01-11 18:53:18.765780+00:00,477352.0,web-chrome,"{'country': 'SA', 'city': 'Riyadh', 'language': 'ar', 'user_type': 'registered', 'is_subscribed': True, 'trial_user': False, 'autoplay': False, 'is_background_play': False}",newsletter,616,477.352,0.77
6396,35ce4ca9-2f54-4c27-a80f-a9b89b3d63cb,fb6479d7-d378-469d-a7ed-0c563ba6139a,pause,2026-01-11 18:45:18.765788+00:00,506120.0,android,"{'country': 'SA', 'city': 'Riyadh', 'language': 'ar', 'user_type': 'registered', 'is_subscribed': True, 'trial_user': False, 'autoplay': False, 'is_background_play': False}",newsletter,616,506.12,0.82
6397,35ce4ca9-2f54-4c27-a80f-a9b89b3d63cb,521e9a0c-37a7-46cb-98d9-6d672d67628a,play,2026-01-11 18:49:18.765797+00:00,536255.0,android,"{'country': 'SA', 'city': 'Riyadh', 'language': 'ar', 'user_type': 'registered', 'is_subscribed': True, 'trial_user': False, 'autoplay': False, 'is_background_play': True}",newsletter,616,536.255,0.87
6398,35ce4ca9-2f54-4c27-a80f-a9b89b3d63cb,f9b7c49f-8b43-46d6-84a9-3e26376b13c2,pause,2026-01-11 18:53:18.765806+00:00,213781.0,ios,"{'country': 'SA', 'city': 'Riyadh', 'language': 'ar', 'user_type': 'registered', 'is_subscribed': True, 'trial_user': False, 'autoplay': False, 'is_background_play': False}",newsletter,616,213.781,0.35
6399,35ce4ca9-2f54-4c27-a80f-a9b89b3d63cb,19755f66-d7ae-46fc-a968-0193a5a37f6f,click,2026-01-11 18:07:18.765815+00:00,,web-safari,"{'country': 'SA', 'city': 'Riyadh', 'language': 'ar', 'user_type': 'registered', 'is_subscribed': True, 'trial_user': False, 'autoplay': False, 'is_background_play': False}",newsletter,616,,
6400,35ce4ca9-2f54-4c27-a80f-a9b89b3d63cb,c649ebc6-b5bd-4cbe-b6ed-063567072921,click,2026-01-11 18:23:18.765823+00:00,,android,"{'country': 'SA', 'city': 'Riyadh', 'language': 'ar', 'user_type': 'registered', 'is_subscribed': True, 'trial_user': False, 'autoplay': False, 'is_background_play': True}",newsletter,616,,
6401,f5c096f9-178a-45b7-aede-2500ba553493,163a9591-1038-4c62-a2f8-23f456ad4d13,click,2026-01-11 18:41:18.765832+00:00,,web-safari,"{'country': 'SA', 'city': 'Riyadh', 'language': 'ar', 'user_type': 'registered', 'is_subscribed': True, 'trial_user': False, 'autoplay': False, 'is_background_play': False}",podcast,2899,,
6402,f5c096f9-178a-45b7-aede-2500ba553493,be06691c-5b63-4da8-8b1f-d6ed9b571465,finish,2026-01-11 18:35:18.765847+00:00,1618050.0,android,"{'country': 'SA', 'city': 'Riyadh', 'language': 'ar', 'user_type': 'registered', 'is_subscribed': True, 'trial_user': False, 'autoplay': False, 'is_background_play': False}",podcast,2899,1618.05,0.56
6403,f5c096f9-178a-45b7-aede-2500ba553493,113361bb-d4fd-4555-976d-699579cac53e,finish,2026-01-11 18:41:18.765857+00:00,2596330.0,web-safari,"{'country': 'SA', 'city': 'Riyadh', 'language': 'ar', 'user_type': 'registered', 'is_subscribed': True, 'trial_user': False, 'autoplay': False, 'is_background_play': False}",podcast,2899,2596.33,0.9
6404,f5c096f9-178a-45b7-aede-2500ba553493,434b42d6-1eca-4272-a438-b3800d244c68,play,2026-01-11 17:56:18.765866+00:00,1191314.0,web-chrome,"{'country': 'SA', 'city': 'Riyadh', 'language': 'ar', 'user_type': 'registered', 'is_subscribed': True, 'trial_user': False, 'autoplay': False, 'is_background_play': True}",podcast,2899,1191.314,0.41
6405,f5c096f9-178a-45b7-aede-2500ba553493,41d4dbde-3ac2-4d07-8e9b-9a49eb99a91f,finish,2026-01-11 18:49:18.765875+00:00,2351366.0,ios,"{'country': 'SA', 'city': 'Riyadh', 'language': 'ar', 'user_type': 'registered', 'is_subscribed': True, 'trial_user': False, 'autoplay': False, 'is_background_play': False}",podcast,2899,2351.366,0.81
6406,f5c096f9-178a-45b7-aede-2500ba553493,8f51c582-839a-4de3-b1d7-b84e61e9ece4,pause,2026-01-11 18:00:18.765884+00:00,1885136.0,ios,"{'country': 'SA', 'city': 'Riyadh', 'language': 'ar', 'user_type': 'registered', 'is_subscribed': True, 'trial_user': False, 'autoplay': False, 'is_background_play': False}",podcast,2899,1885.136,0.65
6407,f5c096f9-178a-45b7-aede-2500ba553493,12c5c454-87b4-42df-ba1f-affec2fbb5aa,click,2026-01-11 18:17:18.765893+00:00,,web-chrome,"{'country': 'SA', 'city': 'Riyadh', 'language': 'ar', 'user_type': 'registered', 'is_subscribed': True, 'trial_user': False, 'autoplay': False, 'is_background_play': True}",podcast,2899,,
6408,f5c096f9-178a-45b7-aede-2500ba553493,577dfc9a-3d57-452b-9be6-96e941bb65ae,click,2026-01-11 18:50:18.765902+00:00,,web-chrome,"{'country': 'SA', 'city': 'Riyadh', 'language': 'ar', 'user_type': 'registered', 'is_subscribed': True, 'trial_user': False, 'autoplay': False, 'is_background_play': False}",podcast,2899,,
6409,f5c096f9-178a-45b7-aede-2500ba553493,3e6387a9-7c67-4e2a-88e0-b4e4d563f0e1,pause,2026-01-11 18:22:18.765910+00:00,,ios,"{'country': 'SA', 'city': 'Riyadh', 'language': 'ar', 'user_type': 'registered', 'is_subscribed': True, 'trial_user': False, 'autoplay': False, 'is_background_play': False}",podcast,2899,,
6410,f5c096f9-178a-45b7-aede-2500ba553493,228c192c-ff81-4280-b83f-948c930bccfa,click,2026-01-11 18:04:18.765919+00:00,,web-chrome,"{'country': 'SA', 'city': 'Riyadh', 'language': 'ar', 'user_type': 'registered', 'is_subscribed': True, 'trial_user': False, 'autoplay': False, 'is_background_play': False}",podcast,2899,,
6411,f5c096f9-178a-45b7-aede-2500ba553493,abaf084c-1fb3-41c7-9eb4-449e65379fc8,click,2026-01-11 18:00:18.765927+00:00,,android,"{'country': 'SA', 'city': 'Riyadh', 'language': 'ar', 'user_type': 'registered', 'is_subscribed': True, 'trial_user': False, 'autoplay': False, 'is_background_play': False}",podcast,2899,,
6412,f5c096f9-178a-45b7-aede-2500ba553493,d77ee5e4-7747-497c-af4c-917fa6173045,play,2026-01-11 18:31:18.765936+00:00,351222.0,web-safari,"{'country': 'SA', 'city': 'Riyadh', 'language': 'ar', 'user_type': 'registered', 'is_subscribed': True, 'trial_user': False, 'autoplay': False, 'is_background_play': True}",podcast,2899,351.222,0.12
6413,f5c096f9-178a-45b7-aede-2500ba553493,b1243570-1be2-4100-a64d-33b938d09de7,pause,2026-01-11 18:46:18.765945+00:00,,android,"{'country': 'SA', 'city': 'Riyadh', 'language': 'ar', 'user_type': 'registered', 'is_subscribed': True, 'trial_user': False, 'autoplay': False, 'is_background_play': False}",podcast,2899,,
6414,f5c096f9-178a-45b7-aede-2500ba553493,f84a7b2c-b60e-429f-96ed-613c308a43cc,click,2026-01-11 18:34:18.765954+00:00,,web-chrome,"{'country': 'SA', 'city': 'Riyadh', 'language': 'ar', 'user_type': 'registered', 'is_subscribed': True, 'trial_user': False, 'autoplay': False, 'is_background_play': True}",podcast,2899,,
6415,f5c096f9-178a-45b7-aede-2500ba553493,f5643fe4-3f80-4a55-b0aa-71ec7334678d,play,2026-01-11 18:41:18.765962+00:00,2543216.0,ios,"{'country': 'SA', 'city': 'Riyadh', 'language': 'ar', 'user_type': 'registered', 'is_subscribed': True, 'trial_user': False, 'autoplay': False, 'is_background_play': False}",podcast,2899,2543.216,0.88
6416,f5c096f9-178a-45b7-aede-2500ba553493,3718cb67-0eb6-454e-b91b-ade3d7086552,play,2026-01-11 18:16:18.765971+00:00,,web-safari,"{'country': 'SA', 'city': 'Riyadh', 'language': 'ar', 'user_type': 'registered', 'is_subscribed': True, 'trial_user': False, 'autoplay': False, 'is_background_play': False}",podcast,2899,,
6417,f5c096f9-178a-45b7-aede-2500ba553493,24930d3f-c110-42ad-9675-36c8a8eedd5f,pause,2026-01-11 18:35:18.765980+00:00,1054439.0,web-safari,"{'country': 'SA', 'city': 'Riyadh', 'language': 'ar', 'user_type': 'registered', 'is_subscribed': True, 'trial_user': False, 'autoplay': False, 'is_background_play': False}",podcast,2899,1054.439,0.36
6418,f5c096f9-178a-45b7-aede-2500ba553493,d97e12bc-5d29-4a90-b815-3e714e0fcb36,pause,2026-01-11 18:11:18.765989+00:00,2242294.0,android,"{'country': 'SA', 'city': 'Riyadh', 'language': 'ar', 'user_type': 'registered', 'is_subscribed': True, 'trial_user': False, 'autoplay': False, 'is_background_play': False}",podcast,2899,2242.294,0.77
6419,f5c096f9-178a-45b7-aede-2500ba553493,efe1a67f-6b44-4469-aaf3-0cef35366811,click,2026-01-11 18:27:18.765997+00:00,,web-chrome,"{'country': 'SA', 'city': 'Riyadh', 'language': 'ar', 'user_type': 'registered', 'is_subscribed': True, 'trial_user': False, 'autoplay': False, 'is_background_play': False}",podcast,2899,,
6420,f5c096f9-178a-45b7-aede-2500ba553493,c4268b13-996b-45dc-b7d5-eec669696810,pause,2026-01-11 18:27:18.766006+00:00,650961.0,web-safari,"{'country': 'SA', 'city': 'Riyadh', 'language': 'ar', 'user_type': 'registered', 'is_subscribed': True, 'trial_user': False, 'autoplay': False, 'is_background_play': False}",podcast,2899,650.961,0.22
6421,f5c096f9-178a-45b7-aede-2500ba553493,9cf7912c-8233-4f78-acc1-f0d114d00576,finish,2026-01-11 18:33:18.766015+00:00,2589921.0,android,"{'country': 'SA', 'city': 'Riyadh', 'language': 'ar', 'user_type': 'registered', 'is_subscribed': True, 'trial_user': False, 'autoplay': False, 'is_background_play': True}",podcast,2899,2589.921,0.89
6422,f5c096f9-178a-45b7-aede-2500ba553493,189c4069-dbc9-46ec-a0d9-ad9aa2ef6e8a,finish,2026-01-11 18:43:18.766024+00:00,597321.0,web-chrome,"{'country': 'SA', 'city': 'Riyadh', 'language': 'ar', 'user_type': 'registered', 'is_subscribed': True, 'trial_user': False, 'autoplay': False, 'is_background_play': True}",podcast,2899,597.321,0.21
6423,f5c096f9-178a-45b7-aede-2500ba553493,ba739a74-3dcc-4b79-9ced-b5807c092ff1,play,2026-01-11 18:53:18.766033+00:00,90736.0,web-safari,"{'country': 'SA', 'city': 'Riyadh', 'language': 'ar', 'user_type': 'registered', 'is_subscribed': True, 'trial_user': False, 'autoplay': False, 'is_background_play': False}",podcast,2899,90.736,0.03
6424,f5c096f9-178a-45b7-aede-2500ba553493,dd0cc8d9-9fae-4f3d-bb70-f7196ed781dc,finish,2026-01-11 18:29:18.766042+00:00,2385547.0,ios,"{'country': 'SA', 'city': 'Riyadh', 'language': 'ar', 'user_type': 'registered', 'is_subscribed': True, 'trial_user': False, 'autoplay': False, 'is_background_play': False}",podcast,2899,2385.547,0.82
6425,f5c096f9-178a-45b7-aede-2500ba553493,77b6ec71-35c9-45af-813b-7e2d174a3cfd,finish,2026-01-11 18:41:18.766050+00:00,2217642.0,android,"{'country': 'SA', 'city': 'Riyadh', 'language': 'ar', 'user_type': 'registered', 'is_subscribed': True, 'trial_user': False, 'autoplay': False, 'is_background_play': True}",podcast,2899,2217.642,0.76
6426,f5c096f9-178a-45b7-aede-2500ba553493,96295a7e-aac7-4bad-9103-f78eafa99f9d,click,2026-01-11 18:23:18.766059+00:00,,web-safari,"{'country': 'SA', 'city': 'Riyadh', 'language': 'ar', 'user_type': 'registered', 'is_subscribed': True, 'trial_user': False, 'autoplay': False, 'is_background_play': True}",podcast,2899,,
6427,f5c096f9-178a-45b7-aede-2500ba553493,a61d6258-32a2-4981-89bf-98c5e0ae6078,play,2026-01-11 18:12:18.766073+00:00,1455673.0,android,"{'country': 'SA', 'city': 'Riyadh', 'language': 'ar', 'user_type': 'registered', 'is_subscribed': True, 'trial_user': False, 'autoplay': False, 'is_background_play': True}",podcast,2899,1455.673,0.5
6428,f5c096f9-178a-45b7-aede-2500ba553493,da285de5-1b74-4461-86ac-6aab79ab3f10,finish,2026-01-11 18:25:18.766083+00:00,1685426.0,ios,"{'country': 'SA', 'city': 'Riyadh', 'language': 'ar', 'user_type': 'registered', 'is_subscribed': True, 'trial_user': False, 'autoplay': False, 'is_background_play': True}",podcast,2899,1685.426,0.58
6429,f5c096f9-178a-45b7-aede-2500ba553493,983d2bbc-a3ab-44b9-a98a-1d4f4e6ffc40,finish,2026-01-11 18:45:18.766092+00:00,2194141.0,web-chrome,"{'country': 'SA', 'city': 'Riyadh', 'language': 'ar', 'user_type': 'registered', 'is_subscribed': True, 'trial_user': False, 'autoplay': False, 'is_background_play': True}",podcast,2899,2194.141,0.76
6430,f5c096f9-178a-45b7-aede-2500ba553493,7c821e56-d94f-47d5-8774-ed0bd60a70ac,finish,2026-01-11 18:22:18.766101+00:00,2284630.0,web-safari,"{'country': 'SA', 'city': 'Riyadh', 'language': 'ar', 'user_type': 'registered', 'is_subscribed': True, 'trial_user': False, 'autoplay': False, 'is_background_play': True}",podcast,2899,2284.63,0.79
6431,f5c096f9-178a-45b7-aede-2500ba553493,fdb252ee-7b00-45fb-99cf-6d5b4c3950d4,play,2026-01-11 18:48:18.766110+00:00,,ios,"{'country': 'SA', 'city': 'Riyadh', 'language': 'ar', 'user_type': 'registered', 'is_subscribed': True, 'trial_user': False, 'autoplay': False, 'is_background_play': True}",podcast,2899,,
6432,f5c096f9-178a-45b7-aede-2500ba553493,b15f5647-a3f7-40d5-9eca-f80c346fd0f1,play,2026-01-11 18:31:18.766118+00:00,2773818.0,ios,"{'country': 'SA', 'city': 'Riyadh', 'language': 'ar', 'user_type': 'registered', 'is_subscribed': True, 'trial_user': False, 'autoplay': False, 'is_background_play': False}",podcast,2899,2773.818,0.96
6433,f5c096f9-178a-45b7-aede-2500ba553493,c6590969-4cc2-4ae4-b703-72e26299fba6,click,2026-01-11 18:31:18.766127+00:00,,android,"{'country': 'SA', 'city': 'Riyadh', 'language': 'ar', 'user_type': 'registered', 'is_subscribed': True, 'trial_user': False, 'autoplay': False, 'is_background_play': True}",podcast,2899,,
6434,f5c096f9-178a-45b7-aede-2500ba553493,95176cee-bfa9-4712-b08a-805c355daf0f,pause,2026-01-11 18:48:18.766136+00:00,,ios,"{'country': 'SA', 'city': 'Riyadh', 'language': 'ar', 'user_type': 'registered', 'is_subscribed': True, 'trial_user': False, 'autoplay': False, 'is_background_play': False}",podcast,2899,,
6435,f5c096f9-178a-45b7-aede-2500ba553493,20697631-522f-49e6-a978-c926021f7f91,finish,2026-01-11 18:25:18.766144+00:00,,web-chrome,"{'country': 'SA', 'city': 'Riyadh', 'language': 'ar', 'user_type': 'registered', 'is_subscribed': True, 'trial_user': False, 'autoplay': False, 'is_background_play': True}",podcast,2899,,
6436,f5c096f9-178a-45b7-aede-2500ba553493,40cada7b-a2b7-409e-8987-46ecf7dfc148,click,2026-01-11 18:54:18.766153+00:00,,ios,"{'country': 'SA', 'city': 'Riyadh', 'language': 'ar', 'user_type': 'registered', 'is_subscribed': True, 'trial_user': False, 'autoplay': False, 'is_background_play': True}",podcast,2899,,
6437,f5c096f9-178a-45b7-aede-2500ba553493,09870708-2b26-4ac5-a6d2-fcbff0b42f71,pause,2026-01-11 18:52:18.766161+00:00,,ios,"{'country': 'SA', 'city': 'Riyadh', 'language': 'ar', 'user_type': 'registered', 'is_subscribed': True, 'trial_user': False, 'autoplay': False, 'is_background_play': False}",podcast,2899,,
6438,f5c096f9-178a-45b7-aede-2500ba553493,b8cf5022-dad5-4192-9677-f5be03e2ae05,pause,2026-01-11 18:48:18.766169+00:00,2485817.0,android,"{'country': 'SA', 'city': 'Riyadh', 'language': 'ar', 'user_type': 'registered', 'is_subscribed': True, 'trial_user': False, 'autoplay': False, 'is_background_play': False}",podcast,2899,2485.817,0.86
6439,f5c096f9-178a-45b7-aede-2500ba553493,5670650c-cd6d-4da9-808d-0f8a71025a79,pause,2026-01-11 18:34:18.766178+00:00,2137178.0,ios,"{'country': 'SA', 'city': 'Riyadh', 'language': 'ar', 'user_type': 'registered', 'is_subscribed': True, 'trial_user': False, 'autoplay': False, 'is_background_play': False}",podcast,2899,2137.178,0.74
6440,f5c096f9-178a-45b7-aede-2500ba553493,ccbaeaf2-68f1-44cd-9baa-1e3384002839,finish,2026-01-11 18:23:18.766187+00:00,1085550.0,android,"{'country': 'SA', 'city': 'Riyadh', 'language': 'ar', 'user_type': 'registered', 'is_subscribed': True, 'trial_user': False, 'autoplay': False, 'is_background_play': False}",podcast,2899,1085.55,0.37
6441,ca5f208a-baec-4785-95d3-4bfbc0b82da6,32849ca9-7646-403e-a169-0c2f90edb927,pause,2026-01-11 18:54:18.766196+00:00,763095.0,web-safari,"{'country': 'SA', 'city': 'Riyadh', 'language': 'ar', 'user_type': 'registered', 'is_subscribed': True, 'trial_user': False, 'autoplay': False, 'is_background_play': False}",video,1031,763.095,0.74
6442,ca5f208a-baec-4785-95d3-4bfbc0b82da6,66a49998-64d4-4ff7-b51d-858c4ef1dbd0,pause,2026-01-11 18:36:18.766206+00:00,701769.0,android,"{'country': 'SA', 'city': 'Riyadh', 'language': 'ar', 'user_type': 'registered', 'is_subscribed': True, 'trial_user': False, 'autoplay': False, 'is_background_play': True}",video,1031,701.769,0.68
6443,ca5f208a-baec-4785-95d3-4bfbc0b82da6,8c4b9660-1442-49e3-a6b1-136bcedf2122,play,2026-01-11 18:18:18.766216+00:00,539701.0,android,"{'country': 'SA', 'city': 'Riyadh', 'language': 'ar', 'user_type': 'registered', 'is_subscribed': True, 'trial_user': False, 'autoplay': False, 'is_background_play': False}",video,1031,539.701,0.52
6444,ca5f208a-baec-4785-95d3-4bfbc0b82da6,58ede3e4-cf55-45eb-9037-9986a1bb8785,finish,2026-01-11 18:14:18.766227+00:00,1030173.0,web-safari,"{'country': 'SA', 'city': 'Riyadh', 'language': 'ar', 'user_type': 'registered', 'is_subscribed': True, 'trial_user': False, 'autoplay': False, 'is_background_play': True}",video,1031,1030.173,1.0
6445,ca5f208a-baec-4785-95d3-4bfbc0b82da6,64b897f9-acca-45ba-a70d-b193b99bb490,pause,2026-01-11 18:38:18.766237+00:00,797546.0,android,"{'country': 'SA', 'city': 'Riyadh', 'language': 'ar', 'user_type': 'registered', 'is_subscribed': True, 'trial_user': False, 'autoplay': False, 'is_background_play': False}",video,1031,797.546,0.77
6446,ca5f208a-baec-4785-95d3-4bfbc0b82da6,b2191db5-17bb-4b29-a1a2-6649f761a0b8,finish,2026-01-11 18:30:18.766246+00:00,588819.0,web-safari,"{'country': 'SA', 'city': 'Riyadh', 'language': 'ar', 'user_type': 'registered', 'is_subscribed': True, 'trial_user': False, 'autoplay': False, 'is_background_play': False}",video,1031,588.819,0.57
6447,ca5f208a-baec-4785-95d3-4bfbc0b82da6,cf8a3e2a-4edb-4507-8644-c00aabb95790,click,2026-01-11 18:43:18.766255+00:00,,web-chrome,"{'country': 'SA', 'city': 'Riyadh', 'language': 'ar', 'user_type': 'registered', 'is_subscribed': True, 'trial_user': False, 'autoplay': False, 'is_background_play': True}",video,1031,,
6448,ca5f208a-baec-4785-95d3-4bfbc0b82da6,6ed0a431-39c8-4202-9d7a-262cd7e414f3,click,2026-01-11 18:27:18.766264+00:00,,android,"{'country': 'SA', 'city': 'Riyadh', 'language': 'ar', 'user_type': 'registered', 'is_subscribed': True, 'trial_user': False, 'autoplay': False, 'is_background_play': True}",video,1031,,
6449,ca5f208a-baec-4785-95d3-4bfbc0b82da6,492be16b-0900-4262-824e-8531bdffe29a,click,2026-01-11 18:00:18.766272+00:00,,web-chrome,"{'country': 'SA', 'city': 'Riyadh', 'language': 'ar', 'user_type': 'registered', 'is_subscribed': True, 'trial_user': False, 'autoplay': False, 'is_background_play': True}",video,1031,,
6450,ca5f208a-baec-4785-95d3-4bfbc0b82da6,9a42640c-24dc-4f44-867a-2a7b3abd9881,pause,2026-01-11 18:40:18.766281+00:00,567516.0,android,"{'country': 'SA', 'city': 'Riyadh', 'language': 'ar', 'user_type': 'registered', 'is_subscribed': True, 'trial_user': False, 'autoplay': False, 'is_background_play': True}",video,1031,567.516,0.55
6451,ca5f208a-baec-4785-95d3-4bfbc0b82da6,f5fbadb6-c4eb-47a7-b6e1-6c1c75b27231,finish,2026-01-11 18:51:18.766290+00:00,50476.0,web-safari,"{'country': 'SA', 'city': 'Riyadh', 'language': 'ar', 'user_type': 'registered', 'is_subscribed': True, 'trial_user': False, 'autoplay': False, 'is_background_play': True}",video,1031,50.476,0.05
6452,ca5f208a-baec-4785-95d3-4bfbc0b82da6,4dafb368-a072-434a-82ff-48fe7c8265f3,click,2026-01-11 18:39:18.766306+00:00,,web-chrome,"{'country': 'SA', 'city': 'Riyadh', 'language': 'ar', 'user_type': 'registered', 'is_subscribed': True, 'trial_user': False, 'autoplay': False, 'is_background_play': True}",video,1031,,
6453,ca5f208a-baec-4785-95d3-4bfbc0b82da6,571c620f-285b-462c-9514-078741f358df,play,2026-01-11 18:54:18.766315+00:00,1021881.0,web-safari,"{'country': 'SA', 'city': 'Riyadh', 'language': 'ar', 'user_type': 'registered', 'is_subscribed': True, 'trial_user': False, 'autoplay': False, 'is_background_play': True}",video,1031,1021.881,0.99
6454,ca5f208a-baec-4785-95d3-4bfbc0b82da6,5427cd50-52b2-4999-9317-5a3991672c30,pause,2026-01-11 18:04:18.766324+00:00,1850.0,web-chrome,"{'country': 'SA', 'city': 'Riyadh', 'language': 'ar', 'user_type': 'registered', 'is_subscribed': True, 'trial_user': False, 'autoplay': False, 'is_background_play': True}",video,1031,1.85,0.0
6455,ca5f208a-baec-4785-95d3-4bfbc0b82da6,bb286110-0e95-4ad1-bfea-e196f7562fd6,pause,2026-01-11 18:25:18.766333+00:00,562588.0,web-chrome,"{'country': 'SA', 'city': 'Riyadh', 'language': 'ar', 'user_type': 'registered', 'is_subscribed': True, 'trial_user': False, 'autoplay': False, 'is_background_play': True}",video,1031,562.588,0.55
6456,ca5f208a-baec-4785-95d3-4bfbc0b82da6,67c957a2-a0bc-44c1-a95c-5bdb49e5a56e,play,2026-01-11 18:15:18.766342+00:00,499558.0,android,"{'country': 'SA', 'city': 'Riyadh', 'language': 'ar', 'user_type': 'registered', 'is_subscribed': True, 'trial_user': False, 'autoplay': False, 'is_background_play': True}",video,1031,499.558,0.48
6457,ca5f208a-baec-4785-95d3-4bfbc0b82da6,bd1dc4ac-3de3-4fca-a14b-896dc25f5732,finish,2026-01-11 18:17:18.766351+00:00,888916.0,ios,"{'country': 'SA', 'city': 'Riyadh', 'language': 'ar', 'user_type': 'registered', 'is_subscribed': True, 'trial_user': False, 'autoplay': False, 'is_background_play': False}",video,1031,888.916,0.86
6458,ca5f208a-baec-4785-95d3-4bfbc0b82da6,1188fbb0-53ae-432b-8cff-4cb9194e55ac,play,2026-01-11 18:34:18.766360+00:00,335764.0,ios,"{'country': 'SA', 'city': 'Riyadh', 'language': 'ar', 'user_type': 'registered', 'is_subscribed': True, 'trial_user': False, 'autoplay': False, 'is_background_play': False}",video,1031,335.764,0.33
6459,ca5f208a-baec-4785-95d3-4bfbc0b82da6,8172ed63-c0c2-408d-9f96-d1a77e8a6cd8,play,2026-01-11 18:14:18.766369+00:00,283824.0,ios,"{'country': 'SA', 'city': 'Riyadh', 'language': 'ar', 'user_type': 'registered', 'is_subscribed': True, 'trial_user': False, 'autoplay': False, 'is_background_play': False}",video,1031,283.824,0.28
6460,ca5f208a-baec-4785-95d3-4bfbc0b82da6,42bcb2f6-6aab-4e29-ace2-98ea697fa9a1,click,2026-01-11 18:28:18.766378+00:00,,ios,"{'country': 'SA', 'city': 'Riyadh', 'language': 'ar', 'user_type': 'registered', 'is_subscribed': True, 'trial_user': False, 'autoplay': False, 'is_background_play': False}",video,1031,,
6461,ca5f208a-baec-4785-95d3-4bfbc0b82da6,831e89cc-65ea-4768-8388-059188cacaef,play,2026-01-11 18:22:18.766386+00:00,383802.0,web-safari,"{'country': 'SA', 'city': 'Riyadh', 'language': 'ar', 'user_type': 'registered', 'is_subscribed': True, 'trial_user': False, 'autoplay': False, 'is_background_play': True}",video,1031,383.802,0.37
6462,ca5f208a-baec-4785-95d3-4bfbc0b82da6,c0dc9ebc-17a9-4fa1-bdff-a9ed41dd8497,pause,2026-01-11 18:34:18.766396+00:00,879192.0,android,"{'country': 'SA', 'city': 'Riyadh', 'language': 'ar', 'user_type': 'registered', 'is_subscribed': True, 'trial_user': False, 'autoplay': False, 'is_background_play': True}",video,1031,879.192,0.85
6463,ca5f208a-baec-4785-95d3-4bfbc0b82da6,3e8361f2-3eb5-4a15-a575-70740ae17924,pause,2026-01-11 18:10:18.766404+00:00,271758.0,android,"{'country': 'SA', 'city': 'Riyadh', 'language': 'ar', 'user_type': 'registered', 'is_subscribed': True, 'trial_user': False, 'autoplay': False, 'is_background_play': True}",video,1031,271.758,0.26
6464,ca5f208a-baec-4785-95d3-4bfbc0b82da6,df313379-1c52-481e-ae0f-bf511060982f,finish,2026-01-11 18:25:18.766413+00:00,535096.0,ios,"{'country': 'SA', 'city': 'Riyadh', 'language': 'ar', 'user_type': 'registered', 'is_subscribed': True, 'trial_user': False, 'autoplay': False, 'is_background_play': True}",video,1031,535.096,0.52
6465,ca5f208a-baec-4785-95d3-4bfbc0b82da6,9c3cf638-5ec6-4952-9311-89ce93562ca3,pause,2026-01-11 18:03:18.766422+00:00,659247.0,web-chrome,"{'country': 'SA', 'city': 'Riyadh', 'language': 'ar', 'user_type': 'registered', 'is_subscribed': True, 'trial_user': False, 'autoplay': False, 'is_background_play': False}",video,1031,659.247,0.64
6466,ca5f208a-baec-4785-95d3-4bfbc0b82da6,4d183171-55b5-4ac1-a009-2ec61838bed9,finish,2026-01-11 18:38:18.766431+00:00,502230.0,web-safari,"{'country': 'SA', 'city': 'Riyadh', 'language': 'ar', 'user_type': 'registered', 'is_subscribed': True, 'trial_user': False, 'autoplay': False, 'is_background_play': True}",video,1031,502.23,0.49
6467,ca5f208a-baec-4785-95d3-4bfbc0b82da6,c03c8701-30bb-4bcb-b7a0-18ac90f78121,play,2026-01-11 18:16:18.766440+00:00,602173.0,android,"{'country': 'SA', 'city': 'Riyadh', 'language': 'ar', 'user_type': 'registered', 'is_subscribed': True, 'trial_user': False, 'autoplay': False, 'is_background_play': False}",video,1031,602.173,0.58
6468,ca5f208a-baec-4785-95d3-4bfbc0b82da6,78bb808e-f5e0-4ddf-8f69-cb53e139673a,pause,2026-01-11 18:27:18.766449+00:00,807974.0,web-safari,"{'country': 'SA', 'city': 'Riyadh', 'language': 'ar', 'user_type': 'registered', 'is_subscribed': True, 'trial_user': False, 'autoplay': False, 'is_background_play': True}",video,1031,807.974,0.78
6469,ca5f208a-baec-4785-95d3-4bfbc0b82da6,8236b9ae-1179-4ab1-a2af-4b9dd3bf7a6c,pause,2026-01-11 18:29:18.766458+00:00,,ios,"{'country': 'SA', 'city': 'Riyadh', 'language': 'ar', 'user_type': 'registered', 'is_subscribed': True, 'trial_user': False, 'autoplay': False, 'is_background_play': False}",video,1031,,
6470,ca5f208a-baec-4785-95d3-4bfbc0b82da6,a2b4003c-10c6-4197-967a-82864a3fc252,play,2026-01-11 18:39:18.766466+00:00,446429.0,web-safari,"{'country': 'SA', 'city': 'Riyadh', 'language': 'ar', 'user_type': 'registered', 'is_subscribed': True, 'trial_user': False, 'autoplay': False, 'is_background_play': True}",video,1031,446.429,0.43
6471,ca5f208a-baec-4785-95d3-4bfbc0b82da6,e545c1e7-ab5e-451d-aeb1-191346b23cca,pause,2026-01-11 18:37:18.766475+00:00,225473.0,web-chrome,"{'country': 'SA', 'city': 'Riyadh', 'language': 'ar', 'user_type': 'registered', 'is_subscribed': True, 'trial_user': False, 'autoplay': False, 'is_background_play': False}",video,1031,225.473,0.22
6472,ca5f208a-baec-4785-95d3-4bfbc0b82da6,4db4c078-7f8e-4a79-a63f-7d151230ec6e,play,2026-01-11 18:26:18.766484+00:00,398979.0,web-safari,"{'country': 'SA', 'city': 'Riyadh', 'language': 'ar', 'user_type': 'registered', 'is_subscribed': True, 'trial_user': False, 'autoplay': False, 'is_background_play': False}",video,1031,398.979,0.39
6473,ca5f208a-baec-4785-95d3-4bfbc0b82da6,0732178f-b495-4108-b0fb-1b117dc176a4,pause,2026-01-11 18:14:18.766493+00:00,659749.0,web-safari,"{'country': 'SA', 'city': 'Riyadh', 'language': 'ar', 'user_type': 'registered', 'is_subscribed': True, 'trial_user': False, 'autoplay': False, 'is_background_play': True}",video,1031,659.749,0.64
6474,ca5f208a-baec-4785-95d3-4bfbc0b82da6,3f2c42a5-0c61-40a4-a77d-6626519aad7d,click,2026-01-11 18:26:18.766502+00:00,,ios,"{'country': 'SA', 'city': 'Riyadh', 'language': 'ar', 'user_type': 'registered', 'is_subscribed': True, 'trial_user': False, 'autoplay': False, 'is_background_play': True}",video,1031,,
6475,ca5f208a-baec-4785-95d3-4bfbc0b82da6,1a96e136-187d-46ac-877e-dbea4bea043d,play,2026-01-11 18:47:18.766510+00:00,449091.0,web-chrome,"{'country': 'SA', 'city': 'Riyadh', 'language': 'ar', 'user_type': 'registered', 'is_subscribed': True, 'trial_user': False, 'autoplay': False, 'is_background_play': True}",video,1031,449.091,0.44
6476,ca5f208a-baec-4785-95d3-4bfbc0b82da6,a980dbbf-abb7-4d8c-991d-aae92542ef44,pause,2026-01-11 18:01:18.766519+00:00,,web-chrome,"{'country': 'SA', 'city': 'Riyadh', 'language': 'ar', 'user_type': 'registered', 'is_subscribed': True, 'trial_user': False, 'autoplay': False, 'is_background_play': True}",video,1031,,
6477,ca5f208a-baec-4785-95d3-4bfbc0b82da6,503bf0db-3d35-45a2-9f68-551b44740604,play,2026-01-11 18:49:18.766533+00:00,,android,"{'country': 'SA', 'city': 'Riyadh', 'language': 'ar', 'user_type': 'registered', 'is_subscribed': True, 'trial_user': False, 'autoplay': False, 'is_background_play': False}",video,1031,,
6478,ca5f208a-baec-4785-95d3-4bfbc0b82da6,c73e62f4-c18b-4c7b-8895-3da8dda105ea,pause,2026-01-11 18:55:18.766542+00:00,160267.0,web-safari,"{'country': 'SA', 'city': 'Riyadh', 'language': 'ar', 'user_type': 'registered', 'is_subscribed': True, 'trial_user': False, 'autoplay': False, 'is_background_play': True}",video,1031,160.267,0.16
6479,ca5f208a-baec-4785-95d3-4bfbc0b82da6,5e2b10e7-dd6d-4147-8289-72606e441dfa,play,2026-01-11 18:10:18.766551+00:00,379524.0,web-chrome,"{'country': 'SA', 'city': 'Riyadh', 'language': 'ar', 'user_type': 'registered', 'is_subscribed': True, 'trial_user': False, 'autoplay': False, 'is_background_play': False}",video,1031,379.524,0.37
6480,ca5f208a-baec-4785-95d3-4bfbc0b82da6,be5c8854-42bd-497d-9928-3aa48b3e5218,pause,2026-01-11 18:20:18.766560+00:00,674214.0,web-safari,"{'country': 'SA', 'city': 'Riyadh', 'language': 'ar', 'user_type': 'registered', 'is_subscribed': True, 'trial_user': False, 'autoplay': False, 'is_background_play': False}",video,1031,674.214,0.65
6481,a2f61b30-3ca5-40ec-8db1-096a715e5f0b,8340fecd-2d3a-496c-a7e4-6a6396856523,pause,2026-01-11 18:08:18.766569+00:00,29400.0,web-chrome,"{'country': 'SA', 'city': 'Riyadh', 'language': 'ar', 'user_type': 'registered', 'is_subscribed': True, 'trial_user': False, 'autoplay': False, 'is_background_play': True}",newsletter,574,29.4,0.05
6482,a2f61b30-3ca5-40ec-8db1-096a715e5f0b,8fe2e2db-a0f3-4ca0-9aba-496aaafdd08c,play,2026-01-11 18:23:18.766578+00:00,382539.0,ios,"{'country': 'SA', 'city': 'Riyadh', 'language': 'ar', 'user_type': 'registered', 'is_subscribed': True, 'trial_user': False, 'autoplay': False, 'is_background_play': False}",newsletter,574,382.539,0.67
6483,a2f61b30-3ca5-40ec-8db1-096a715e5f0b,f7e8a0fa-699c-41b5-80ba-81413628324c,play,2026-01-11 18:35:18.766587+00:00,224887.0,ios,"{'country': 'SA', 'city': 'Riyadh', 'language': 'ar', 'user_type': 'registered', 'is_subscribed': True, 'trial_user': False, 'autoplay': False, 'is_background_play': True}",newsletter,574,224.887,0.39
6484,a2f61b30-3ca5-40ec-8db1-096a715e5f0b,f5a24e27-e9af-45f1-8f20-2efd8adb8dc0,pause,2026-01-11 18:28:18.766596+00:00,83988.0,android,"{'country': 'SA', 'city': 'Riyadh', 'language': 'ar', 'user_type': 'registered', 'is_subscribed': True, 'trial_user': False, 'autoplay': False, 'is_background_play': False}",newsletter,574,83.988,0.15
6485,a2f61b30-3ca5-40ec-8db1-096a715e5f0b,8f15e7e5-0a2f-4d0e-9727-e5c99dd317cd,play,2026-01-11 18:27:18.766605+00:00,476829.0,web-safari,"{'country': 'SA', 'city': 'Riyadh', 'language': 'ar', 'user_type': 'registered', 'is_subscribed': True, 'trial_user': False, 'autoplay': False, 'is_background_play': True}",newsletter,574,476.829,0.83
6486,a2f61b30-3ca5-40ec-8db1-096a715e5f0b,eb81f7b8-3e27-4c49-96ea-f864d57abf7e,finish,2026-01-11 18:15:18.766614+00:00,295718.0,web-chrome,"{'country': 'SA', 'city': 'Riyadh', 'language': 'ar', 'user_type': 'registered', 'is_subscribed': True, 'trial_user': False, 'autoplay': False, 'is_background_play': False}",newsletter,574,295.718,0.52
6487,a2f61b30-3ca5-40ec-8db1-096a715e5f0b,79ac85cb-3ea2-4dc7-bb5e-abdbf5c898f1,pause,2026-01-11 18:11:18.766623+00:00,466981.0,web-chrome,"{'country': 'SA', 'city': 'Riyadh', 'language': 'ar', 'user_type': 'registered', 'is_subscribed': True, 'trial_user': False, 'autoplay': False, 'is_background_play': True}",newsletter,574,466.981,0.81
6488,a2f61b30-3ca5-40ec-8db1-096a715e5f0b,ce472a7f-df04-4d37-8c6c-f0d1efad6a3c,finish,2026-01-11 18:26:18.766632+00:00,,ios,"{'country': 'SA', 'city': 'Riyadh', 'language': 'ar', 'user_type': 'registered', 'is_subscribed': True, 'trial_user': False, 'autoplay': False, 'is_background_play': True}",newsletter,574,,
6489,a2f61b30-3ca5-40ec-8db1-096a715e5f0b,2cfaa855-42cb-4d6a-8fe1-566b1d99289a,click,2026-01-11 18:17:18.766640+00:00,,web-chrome,"{'country': 'SA', 'city': 'Riyadh', 'language': 'ar', 'user_type': 'registered', 'is_subscribed': True, 'trial_user': False, 'autoplay': False, 'is_background_play': True}",newsletter,574,,
6490,a2f61b30-3ca5-40ec-8db1-096a715e5f0b,dcc04f77-f212-4cdd-b075-0d532cb7cdab,pause,2026-01-11 18:41:18.766648+00:00,254362.0,web-chrome,"{'country': 'SA', 'city': 'Riyadh', 'language': 'ar', 'user_type': 'registered', 'is_subscribed': True, 'trial_user': False, 'autoplay': False, 'is_background_play': True}",newsletter,574,254.362,0.44
6491,a2f61b30-3ca5-40ec-8db1-096a715e5f0b,4a4c2aa0-a1cd-49b6-b52c-c5e9dec3128c,play,2026-01-11 18:50:18.766657+00:00,,android,"{'country': 'SA', 'city': 'Riyadh', 'language': 'ar', 'user_type': 'registered', 'is_subscribed': True, 'trial_user': False, 'autoplay': False, 'is_background_play': True}",newsletter,574,,
6492,a2f61b30-3ca5-40ec-8db1-096a715e5f0b,8b8a8bb2-71bd-4439-86c7-186683de1ce6,play,2026-01-11 18:08:18.766666+00:00,510624.0,android,"{'country': 'SA', 'city': 'Riyadh', 'language': 'ar', 'user_type': 'registered', 'is_subscribed': True, 'trial_user': False, 'autoplay': False, 'is_background_play': False}",newsletter,574,510.624,0.89
6493,a2f61b30-3ca5-40ec-8db1-096a715e5f0b,79e49e9d-4154-426f-876b-d7cec43b898f,pause,2026-01-11 18:39:18.766675+00:00,89891.0,ios,"{'country': 'SA', 'city': 'Riyadh', 'language': 'ar', 'user_type': 'registered', 'is_subscribed': True, 'trial_user': False, 'autoplay': False, 'is_background_play': True}",newsletter,574,89.891,0.16
6494,a2f61b30-3ca5-40ec-8db1-096a715e5f0b,f7932a9f-a37b-496d-995e-293afd47be65,pause,2026-01-11 17:58:18.766683+00:00,402686.0,android,"{'country': 'SA', 'city': 'Riyadh', 'language': 'ar', 'user_type': 'registered', 'is_subscribed': True, 'trial_user': False, 'autoplay': False, 'is_background_play': True}",newsletter,574,402.686,0.7
6495,a2f61b30-3ca5-40ec-8db1-096a715e5f0b,c9933822-a79a-4afc-b48b-5031d56dd5cf,finish,2026-01-11 18:02:18.766692+00:00,,web-safari,"{'country': 'SA', 'city': 'Riyadh', 'language': 'ar', 'user_type': 'registered', 'is_subscribed': True, 'trial_user': False, 'autoplay': False, 'is_background_play': False}",newsletter,574,,
6496,a2f61b30-3ca5-40ec-8db1-096a715e5f0b,d47450e6-5d7b-46ec-8f70-c6b1e3ac6b68,finish,2026-01-11 18:09:18.766701+00:00,473654.0,ios,"{'country': 'SA', 'city': 'Riyadh', 'language': 'ar', 'user_type': 'registered', 'is_subscribed': True, 'trial_user': False, 'autoplay': False, 'is_background_play': False}",newsletter,574,473.654,0.83
6497,a2f61b30-3ca5-40ec-8db1-096a715e5f0b,2d7b3ef4-d1ea-4cdd-b945-62db07addce4,finish,2026-01-11 18:18:18.766710+00:00,,android,"{'country': 'SA', 'city': 'Riyadh', 'language': 'ar', 'user_type': 'registered', 'is_subscribed': True, 'trial_user': False, 'autoplay': False, 'is_background_play': False}",newsletter,574,,
6498,a2f61b30-3ca5-40ec-8db1-096a715e5f0b,fad8b3f2-b780-4a6a-99e6-97128db5d424,click,2026-01-11 18:21:18.766718+00:00,,android,"{'country': 'SA', 'city': 'Riyadh', 'language': 'ar', 'user_type': 'registered', 'is_subscribed': True, 'trial_user': False, 'autoplay': False, 'is_background_play': True}",newsletter,574,,
6499,a2f61b30-3ca5-40ec-8db1-096a715e5f0b,539cfc74-2f76-4f97-8d13-82354e1e8b36,play,2026-01-11 18:22:18.766727+00:00,442954.0,web-chrome,"{'country': 'SA', 'city': 'Riyadh', 'language': 'ar', 'user_type': 'registered', 'is_subscribed': True, 'trial_user': False, 'autoplay': False, 'is_background_play': False}",newsletter,574,442.954,0.77
6500,a2f61b30-3ca5-40ec-8db1-096a715e5f0b,17784617-e19e-4f9a-be69-08cf924a5001,play,2026-01-11 18:31:18.766736+00:00,191946.0,ios,"{'country': 'SA', 'city': 'Riyadh', 'language': 'ar', 'user_type': 'registered', 'is_subscribed': True, 'trial_user': False, 'autoplay': False, 'is_background_play': True}",newsletter,574,191.946,0.33
6501,a2f61b30-3ca5-40ec-8db1-096a715e5f0b,3b05ad73-5995-4db0-82ba-277296d2df3f,click,2026-01-11 18:00:18.766745+00:00,,android,"{'country': 'SA', 'city': 'Riyadh', 'language': 'ar', 'user_type': 'registered', 'is_subscribed': True, 'trial_user': False, 'autoplay': False, 'is_background_play': True}",newsletter,574,,
6502,a2f61b30-3ca5-40ec-8db1-096a715e5f0b,f70b2e53-e8e4-44a4-8af0-a94cefe87ed4,pause,2026-01-11 18:08:18.766759+00:00,274131.0,ios,"{'country': 'SA', 'city': 'Riyadh', 'language': 'ar', 'user_type': 'registered', 'is_subscribed': True, 'trial_user': False, 'autoplay': False, 'is_background_play': True}",newsletter,574,274.131,0.48
6503,a2f61b30-3ca5-40ec-8db1-096a715e5f0b,6d75cef1-1502-4158-b350-49549fcc039f,click,2026-01-11 18:22:18.766769+00:00,,web-chrome,"{'country': 'SA', 'city': 'Riyadh', 'language': 'ar', 'user_type': 'registered', 'is_subscribed': True, 'trial_user': False, 'autoplay': False, 'is_background_play': False}",newsletter,574,,
6504,a2f61b30-3ca5-40ec-8db1-096a715e5f0b,bd7eefec-f39d-4fcd-9c1d-4f9d86c4e833,click,2026-01-11 17:55:18.766777+00:00,,web-safari,"{'country': 'SA', 'city': 'Riyadh', 'language': 'ar', 'user_type': 'registered', 'is_subscribed': True, 'trial_user': False, 'autoplay': False, 'is_background_play': True}",newsletter,574,,
6505,a2f61b30-3ca5-40ec-8db1-096a715e5f0b,02e2bcc9-3b43-4105-a8aa-b8fa35d2cd4f,finish,2026-01-11 17:57:18.766786+00:00,293722.0,android,"{'country': 'SA', 'city': 'Riyadh', 'language': 'ar', 'user_type': 'registered', 'is_subscribed': True, 'trial_user': False, 'autoplay': False, 'is_background_play': True}",newsletter,574,293.722,0.51
6506,a2f61b30-3ca5-40ec-8db1-096a715e5f0b,ac930f94-6c01-464e-8d82-61d85b234285,pause,2026-01-11 18:26:18.766795+00:00,122382.0,ios,"{'country': 'SA', 'city': 'Riyadh', 'language': 'ar', 'user_type': 'registered', 'is_subscribed': True, 'trial_user': False, 'autoplay': False, 'is_background_play': False}",newsletter,574,122.382,0.21
6507,a2f61b30-3ca5-40ec-8db1-096a715e5f0b,2de4eb35-0fdc-4688-a102-d4fe40c55dad,pause,2026-01-11 18:38:18.766805+00:00,,ios,"{'country': 'SA', 'city': 'Riyadh', 'language': 'ar', 'user_type': 'registered', 'is_subscribed': True, 'trial_user': False, 'autoplay': False, 'is_background_play': False}",newsletter,574,,
6508,a2f61b30-3ca5-40ec-8db1-096a715e5f0b,cf274f90-89bb-4d1c-81c5-122014e7718b,finish,2026-01-11 18:05:18.766813+00:00,111517.0,web-safari,"{'country': 'SA', 'city': 'Riyadh', 'language': 'ar', 'user_type': 'registered', 'is_subscribed': True, 'trial_user': False, 'autoplay': False, 'is_background_play': True}",newsletter,574,111.517,0.19
6509,a2f61b30-3ca5-40ec-8db1-096a715e5f0b,bea740f8-2012-427e-bd95-ad161c73fc86,click,2026-01-11 18:43:18.766822+00:00,,web-chrome,"{'country': 'SA', 'city': 'Riyadh', 'language': 'ar', 'user_type': 'registered', 'is_subscribed': True, 'trial_user': False, 'autoplay': False, 'is_background_play': True}",newsletter,574,,
6510,a2f61b30-3ca5-40ec-8db1-096a715e5f0b,ce798847-930a-4363-bbb1-6ef93c17088e,finish,2026-01-11 18:43:18.766830+00:00,526937.0,android,"{'country': 'SA', 'city': 'Riyadh', 'language': 'ar', 'user_type': 'registered', 'is_subscribed': True, 'trial_user': False, 'autoplay': False, 'is_background_play': False}",newsletter,574,526.937,0.92
6511,a2f61b30-3ca5-40ec-8db1-096a715e5f0b,58383f91-012f-466b-b4da-33b867841025,pause,2026-01-11 18:28:18.766840+00:00,293994.0,web-chrome,"{'country': 'SA', 'city': 'Riyadh', 'language': 'ar', 'user_type': 'registered', 'is_subscribed': True, 'trial_user': False, 'autoplay': False, 'is_background_play': True}",newsletter,574,293.994,0.51
6512,a2f61b30-3ca5-40ec-8db1-096a715e5f0b,a0b882cf-ec07-4a85-b859-bed3f72e5ad7,finish,2026-01-11 18:29:18.766849+00:00,85234.0,web-chrome,"{'country': 'SA', 'city': 'Riyadh', 'language': 'ar', 'user_type': 'registered', 'is_subscribed': True, 'trial_user': False, 'autoplay': False, 'is_background_play': True}",newsletter,574,85.234,0.15
6513,a2f61b30-3ca5-40ec-8db1-096a715e5f0b,5f3caa4d-b710-4807-be92-f7e3b2b3d241,pause,2026-01-11 18:38:18.766858+00:00,521142.0,web-chrome,"{'country': 'SA', 'city': 'Riyadh', 'language': 'ar', 'user_type': 'registered', 'is_subscribed': True, 'trial_user': False, 'autoplay': False, 'is_background_play': True}",newsletter,574,521.142,0.91
6514,a2f61b30-3ca5-40ec-8db1-096a715e5f0b,84ce770b-5f34-4380-a503-74144db4d7a4,play,2026-01-11 18:39:18.766867+00:00,283510.0,web-safari,"{'country': 'SA', 'city': 'Riyadh', 'language': 'ar', 'user_type': 'registered', 'is_subscribed': True, 'trial_user': False, 'autoplay': False, 'is_background_play': False}",newsletter,574,283.51,0.49
6515,a2f61b30-3ca5-40ec-8db1-096a715e5f0b,ff0c0981-41c0-46b8-a4c4-1aa76b4d307a,finish,2026-01-11 18:40:18.766876+00:00,297676.0,web-chrome,"{'country': 'SA', 'city': 'Riyadh', 'language': 'ar', 'user_type': 'registered', 'is_subscribed': True, 'trial_user': False, 'autoplay': False, 'is_background_play': True}",newsletter,574,297.676,0.52
6516,a2f61b30-3ca5-40ec-8db1-096a715e5f0b,9d6b0916-0dd9-44f1-9085-8a45d7273582,finish,2026-01-11 17:57:18.766885+00:00,,web-chrome,"{'country': 'SA', 'city': 'Riyadh', 'language': 'ar', 'user_type': 'registered', 'is_subscribed': True, 'trial_user': False, 'autoplay': False, 'is_background_play': False}",newsletter,574,,
6517,a2f61b30-3ca5-40ec-8db1-096a715e5f0b,720f700d-3ac5-413a-a115-5044a115166e,click,2026-01-11 18:44:18.766893+00:00,,web-chrome,"{'country': 'SA', 'city': 'Riyadh', 'language': 'ar', 'user_type': 'registered', 'is_subscribed': True, 'trial_user': False, 'autoplay': False, 'is_background_play': True}",newsletter,574,,
6518,a2f61b30-3ca5-40ec-8db1-096a715e5f0b,e235d01e-3e54-4088-882b-3635086f5774,click,2026-01-11 18:28:18.766902+00:00,,web-chrome,"{'country': 'SA', 'city': 'Riyadh', 'language': 'ar', 'user_type': 'registered', 'is_subscribed': True, 'trial_user': False, 'autoplay': False, 'is_background_play': False}",newsletter,574,,
6519,a2f61b30-3ca5-40ec-8db1-096a715e5f0b,c2fc05c1-7c2a-4893-a3c4-cea91444180d,play,2026-01-11 18:42:18.766910+00:00,,web-chrome,"{'country': 'SA', 'city': 'Riyadh', 'language': 'ar', 'user_type': 'registered', 'is_subscribed': True, 'trial_user': False, 'autoplay': False, 'is_background_play': False}",newsletter,574,,
6520,a2f61b30-3ca5-40ec-8db1-096a715e5f0b,8b7d0817-6554-4aba-a41b-c3860392e5ca,pause,2026-01-11 18:54:18.766919+00:00,76569.0,web-safari,"{'country': 'SA', 'city': 'Riyadh', 'language': 'ar', 'user_type': 'registered', 'is_subscribed': True, 'trial_user': False, 'autoplay': False, 'is_background_play': True}",newsletter,574,76.569,0.13
6521,97613e31-f6aa-4be5-9576-4b2eddf7440b,7cbde387-c9c5-4c6c-9b7d-771a91ce4859,pause,2026-01-11 18:01:18.766928+00:00,207929.0,web-chrome,"{'country': 'SA', 'city': 'Riyadh', 'language': 'ar', 'user_type': 'registered', 'is_subscribed': True, 'trial_user': False, 'autoplay': False, 'is_background_play': False}",podcast,2580,207.929,0.08
6522,97613e31-f6aa-4be5-9576-4b2eddf7440b,bf5e6a99-b588-4b2b-b9e9-290e06e16bb5,finish,2026-01-11 18:10:18.766937+00:00,1666977.0,web-safari,"{'country': 'SA', 'city': 'Riyadh', 'language': 'ar', 'user_type': 'registered', 'is_subscribed': True, 'trial_user': False, 'autoplay': False, 'is_background_play': True}",podcast,2580,1666.977,0.65
6523,97613e31-f6aa-4be5-9576-4b2eddf7440b,fd90a294-31fc-450a-a06e-ec760fa4600a,play,2026-01-11 18:48:18.766946+00:00,1945518.0,web-safari,"{'country': 'SA', 'city': 'Riyadh', 'language': 'ar', 'user_type': 'registered', 'is_subscribed': True, 'trial_user': False, 'autoplay': False, 'is_background_play': False}",podcast,2580,1945.518,0.75
6524,97613e31-f6aa-4be5-9576-4b2eddf7440b,d18ed0a0-478f-4075-a937-25b3b09c9ed7,play,2026-01-11 18:45:18.766955+00:00,1602449.0,android,"{'country': 'SA', 'city': 'Riyadh', 'language': 'ar', 'user_type': 'registered', 'is_subscribed': True, 'trial_user': False, 'autoplay': False, 'is_background_play': True}",podcast,2580,1602.449,0.62
6525,97613e31-f6aa-4be5-9576-4b2eddf7440b,4e13e513-3350-4da5-9492-270d9a51c8c8,pause,2026-01-11 18:26:18.766964+00:00,,web-chrome,"{'country': 'SA', 'city': 'Riyadh', 'language': 'ar', 'user_type': 'registered', 'is_subscribed': True, 'trial_user': False, 'autoplay': False, 'is_background_play': True}",podcast,2580,,
6526,97613e31-f6aa-4be5-9576-4b2eddf7440b,067d9ecb-6494-45f7-befd-38a5b2637bb7,pause,2026-01-11 18:03:18.766973+00:00,1682166.0,web-safari,"{'country': 'SA', 'city': 'Riyadh', 'language': 'ar', 'user_type': 'registered', 'is_subscribed': True, 'trial_user': False, 'autoplay': False, 'is_background_play': False}",podcast,2580,1682.166,0.65
6527,97613e31-f6aa-4be5-9576-4b2eddf7440b,fc396ff5-754e-4007-a495-fd785ea0cf7b,click,2026-01-11 18:32:18.766988+00:00,,web-chrome,"{'country': 'SA', 'city': 'Riyadh', 'language': 'ar', 'user_type': 'registered', 'is_subscribed': True, 'trial_user': False, 'autoplay': False, 'is_background_play': True}",podcast,2580,,
6528,97613e31-f6aa-4be5-9576-4b2eddf7440b,d9b9e214-5856-4937-8cfb-76ce8178df3b,finish,2026-01-11 18:34:18.766997+00:00,2035767.0,android,"{'country': 'SA', 'city': 'Riyadh', 'language': 'ar', 'user_type': 'registered', 'is_subscribed': True, 'trial_user': False, 'autoplay': False, 'is_background_play': False}",podcast,2580,2035.767,0.79
6529,97613e31-f6aa-4be5-9576-4b2eddf7440b,ebfe711a-814d-40f8-bbca-99db010a8ea8,play,2026-01-11 17:58:18.767006+00:00,91770.0,web-chrome,"{'country': 'SA', 'city': 'Riyadh', 'language': 'ar', 'user_type': 'registered', 'is_subscribed': True, 'trial_user': False, 'autoplay': False, 'is_background_play': False}",podcast,2580,91.77,0.04
6530,97613e31-f6aa-4be5-9576-4b2eddf7440b,9a026cff-4306-4a54-b9ac-c4a00c4a736c,click,2026-01-11 18:54:18.767015+00:00,,android,"{'country': 'SA', 'city': 'Riyadh', 'language': 'ar', 'user_type': 'registered', 'is_subscribed': True, 'trial_user': False, 'autoplay': False, 'is_background_play': True}",podcast,2580,,
6531,97613e31-f6aa-4be5-9576-4b2eddf7440b,349ff2b5-351c-4fcf-a465-73ac22989758,pause,2026-01-11 18:48:18.767024+00:00,2443116.0,web-safari,"{'country': 'SA', 'city': 'Riyadh', 'language': 'ar', 'user_type': 'registered', 'is_subscribed': True, 'trial_user': False, 'autoplay': False, 'is_background_play': True}",podcast,2580,2443.116,0.95
6532,97613e31-f6aa-4be5-9576-4b2eddf7440b,045d530f-7a3c-43b0-be8b-61e78ed91923,pause,2026-01-11 18:14:18.767033+00:00,1717693.0,android,"{'country': 'SA', 'city': 'Riyadh', 'language': 'ar', 'user_type': 'registered', 'is_subscribed': True, 'trial_user': False, 'autoplay': False, 'is_background_play': False}",podcast,2580,1717.693,0.67
6533,97613e31-f6aa-4be5-9576-4b2eddf7440b,f5b448a5-796c-45f2-b80e-62482fc715ca,click,2026-01-11 18:51:18.767042+00:00,,ios,"{'country': 'SA', 'city': 'Riyadh', 'language': 'ar', 'user_type': 'registered', 'is_subscribed': True, 'trial_user': False, 'autoplay': False, 'is_background_play': False}",podcast,2580,,
6534,97613e31-f6aa-4be5-9576-4b2eddf7440b,e9247d68-7055-4d87-940e-10efe3e64c56,play,2026-01-11 18:05:18.767051+00:00,2559421.0,ios,"{'country': 'SA', 'city': 'Riyadh', 'language': 'ar', 'user_type': 'registered', 'is_subscribed': True, 'trial_user': False, 'autoplay': False, 'is_background_play': False}",podcast,2580,2559.421,0.99
6535,97613e31-f6aa-4be5-9576-4b2eddf7440b,ccb844aa-326e-4585-b776-cac1441b4657,click,2026-01-11 18:24:18.767060+00:00,,web-safari,"{'country': 'SA', 'city': 'Riyadh', 'language': 'ar', 'user_type': 'registered', 'is_subscribed': True, 'trial_user': False, 'autoplay': False, 'is_background_play': True}",podcast,2580,,
6536,97613e31-f6aa-4be5-9576-4b2eddf7440b,2d3a0d9a-1519-454d-9803-08931dfe7b44,pause,2026-01-11 18:43:18.767068+00:00,255040.0,ios,"{'country': 'SA', 'city': 'Riyadh', 'language': 'ar', 'user_type': 'registered', 'is_subscribed': True, 'trial_user': False, 'autoplay': False, 'is_background_play': True}",podcast,2580,255.04,0.1
6537,97613e31-f6aa-4be5-9576-4b2eddf7440b,2f4034da-67bb-43a0-a68f-81bb91739dff,finish,2026-01-11 18:54:18.767077+00:00,1821752.0,android,"{'country': 'SA', 'city': 'Riyadh', 'language': 'ar', 'user_type': 'registered', 'is_subscribed': True, 'trial_user': False, 'autoplay': False, 'is_background_play': True}",podcast,2580,1821.752,0.71
6538,97613e31-f6aa-4be5-9576-4b2eddf7440b,249bacb1-3e2e-44a1-82c0-99b1346de33f,play,2026-01-11 18:43:18.767086+00:00,,web-chrome,"{'country': 'SA', 'city': 'Riyadh', 'language': 'ar', 'user_type': 'registered', 'is_subscribed': True, 'trial_user': False, 'autoplay': False, 'is_background_play': True}",podcast,2580,,
6539,97613e31-f6aa-4be5-9576-4b2eddf7440b,00a79f03-eba6-4da8-b4da-cce8a9eaee38,finish,2026-01-11 18:30:18.767095+00:00,,web-chrome,"{'country': 'SA', 'city': 'Riyadh', 'language': 'ar', 'user_type': 'registered', 'is_subscribed': True, 'trial_user': False, 'autoplay': False, 'is_background_play': False}",podcast,2580,,
6540,97613e31-f6aa-4be5-9576-4b2eddf7440b,3ce1ce70-1f5e-4082-9e37-8a0d22b7957d,finish,2026-01-11 17:59:18.767103+00:00,2364936.0,android,"{'country': 'SA', 'city': 'Riyadh', 'language': 'ar', 'user_type': 'registered', 'is_subscribed': True, 'trial_user': False, 'autoplay': False, 'is_background_play': False}",podcast,2580,2364.936,0.92
6541,97613e31-f6aa-4be5-9576-4b2eddf7440b,490a3e99-cd4a-4090-a071-bd94a1fe2fe7,play,2026-01-11 17:59:18.767113+00:00,2170072.0,ios,"{'country': 'SA', 'city': 'Riyadh', 'language': 'ar', 'user_type': 'registered', 'is_subscribed': True, 'trial_user': False, 'autoplay': False, 'is_background_play': True}",podcast,2580,2170.072,0.84
6542,97613e31-f6aa-4be5-9576-4b2eddf7440b,e593aecc-8af7-432f-94b1-7d25e3a55720,play,2026-01-11 18:28:18.767122+00:00,2339475.0,ios,"{'country': 'SA', 'city': 'Riyadh', 'language': 'ar', 'user_type': 'registered', 'is_subscribed': True, 'trial_user': False, 'autoplay': False, 'is_background_play': False}",podcast,2580,2339.475,0.91
6543,97613e31-f6aa-4be5-9576-4b2eddf7440b,3d1188f1-95fa-435d-a937-d690eaa0b109,play,2026-01-11 18:14:18.767130+00:00,597735.0,ios,"{'country': 'SA', 'city': 'Riyadh', 'language': 'ar', 'user_type': 'registered', 'is_subscribed': True, 'trial_user': False, 'autoplay': False, 'is_background_play': False}",podcast,2580,597.735,0.23
6544,97613e31-f6aa-4be5-9576-4b2eddf7440b,8b03144a-8b22-4a69-acc3-d199d44ceb82,click,2026-01-11 18:42:18.767139+00:00,,android,"{'country': 'SA', 'city': 'Riyadh', 'language': 'ar', 'user_type': 'registered', 'is_subscribed': True, 'trial_user': False, 'autoplay': False, 'is_background_play': False}",podcast,2580,,
6545,97613e31-f6aa-4be5-9576-4b2eddf7440b,8d2423cc-779e-44b3-b3e6-e4db953ded03,play,2026-01-11 18:24:18.767148+00:00,2534694.0,android,"{'country': 'SA', 'city': 'Riyadh', 'language': 'ar', 'user_type': 'registered', 'is_subscribed': True, 'trial_user': False, 'autoplay': False, 'is_background_play': True}",podcast,2580,2534.694,0.98
6546,97613e31-f6aa-4be5-9576-4b2eddf7440b,9cb6d667-c631-4fa9-8b9e-abf4a47a8d9f,pause,2026-01-11 17:58:18.767156+00:00,2144517.0,web-safari,"{'country': 'SA', 'city': 'Riyadh', 'language': 'ar', 'user_type': 'registered', 'is_subscribed': True, 'trial_user': False, 'autoplay': False, 'is_background_play': False}",podcast,2580,2144.517,0.83
6547,97613e31-f6aa-4be5-9576-4b2eddf7440b,f1365e85-57ae-4039-bc7b-5fa71d4190e9,play,2026-01-11 18:08:18.767165+00:00,,web-safari,"{'country': 'SA', 'city': 'Riyadh', 'language': 'ar', 'user_type': 'registered', 'is_subscribed': True, 'trial_user': False, 'autoplay': False, 'is_background_play': True}",podcast,2580,,
6548,97613e31-f6aa-4be5-9576-4b2eddf7440b,ef3ab30e-94d8-44a7-b023-48a6f1396bef,play,2026-01-11 18:15:18.767174+00:00,2462616.0,web-safari,"{'country': 'SA', 'city': 'Riyadh', 'language': 'ar', 'user_type': 'registered', 'is_subscribed': True, 'trial_user': False, 'autoplay': False, 'is_background_play': True}",podcast,2580,2462.616,0.95
6549,97613e31-f6aa-4be5-9576-4b2eddf7440b,52233b2d-addd-4568-83cd-f8f1d60ab3aa,click,2026-01-11 18:49:18.767183+00:00,,ios,"{'country': 'SA', 'city': 'Riyadh', 'language': 'ar', 'user_type': 'registered', 'is_subscribed': True, 'trial_user': False, 'autoplay': False, 'is_background_play': True}",podcast,2580,,
6550,97613e31-f6aa-4be5-9576-4b2eddf7440b,33dc8b6a-070b-4ac5-9812-2527bb4af2d8,finish,2026-01-11 18:19:18.767191+00:00,1653907.0,web-chrome,"{'country': 'SA', 'city': 'Riyadh', 'language': 'ar', 'user_type': 'registered', 'is_subscribed': True, 'trial_user': False, 'autoplay': False, 'is_background_play': False}",podcast,2580,1653.907,0.64
6551,97613e31-f6aa-4be5-9576-4b2eddf7440b,7ca42b7f-0605-4829-b869-471249e5aaa4,pause,2026-01-11 18:09:18.767201+00:00,1602071.0,ios,"{'country': 'SA', 'city': 'Riyadh', 'language': 'ar', 'user_type': 'registered', 'is_subscribed': True, 'trial_user': False, 'autoplay': False, 'is_background_play': True}",podcast,2580,1602.071,0.62
6552,97613e31-f6aa-4be5-9576-4b2eddf7440b,807da04e-348a-410f-bdc7-149ef168b315,pause,2026-01-11 18:48:18.767217+00:00,1600714.0,web-safari,"{'country': 'SA', 'city': 'Riyadh', 'language': 'ar', 'user_type': 'registered', 'is_subscribed': True, 'trial_user': False, 'autoplay': False, 'is_background_play': True}",podcast,2580,1600.714,0.62
6553,97613e31-f6aa-4be5-9576-4b2eddf7440b,96337258-8847-4f9f-a771-a2326f01169f,pause,2026-01-11 18:30:18.767226+00:00,1612485.0,web-safari,"{'country': 'SA', 'city': 'Riyadh', 'language': 'ar', 'user_type': 'registered', 'is_subscribed': True, 'trial_user': False, 'autoplay': False, 'is_background_play': False}",podcast,2580,1612.485,0.62
6554,97613e31-f6aa-4be5-9576-4b2eddf7440b,658a5812-0bd9-4638-99f7-2ef0b1625810,play,2026-01-11 18:24:18.767236+00:00,1248151.0,ios,"{'country': 'SA', 'city': 'Riyadh', 'language': 'ar', 'user_type': 'registered', 'is_subscribed': True, 'trial_user': False, 'autoplay': False, 'is_background_play': False}",podcast,2580,1248.151,0.48
6555,97613e31-f6aa-4be5-9576-4b2eddf7440b,109e7c30-199c-488b-b028-e728f274bca2,click,2026-01-11 18:29:18.767245+00:00,,ios,"{'country': 'SA', 'city': 'Riyadh', 'language': 'ar', 'user_type': 'registered', 'is_subscribed': True, 'trial_user': False, 'autoplay': False, 'is_background_play': True}",podcast,2580,,
6556,97613e31-f6aa-4be5-9576-4b2eddf7440b,ad6cfffe-e199-4163-b0e4-634d2eb9f439,play,2026-01-11 18:45:18.767253+00:00,,android,"{'country': 'SA', 'city': 'Riyadh', 'language': 'ar', 'user_type': 'registered', 'is_subscribed': True, 'trial_user': False, 'autoplay': False, 'is_background_play': False}",podcast,2580,,
6557,97613e31-f6aa-4be5-9576-4b2eddf7440b,9757e736-3830-4302-8a5d-0b8bcc199fdd,pause,2026-01-11 18:39:18.767262+00:00,,web-safari,"{'country': 'SA', 'city': 'Riyadh', 'language': 'ar', 'user_type': 'registered', 'is_subscribed': True, 'trial_user': False, 'autoplay': False, 'is_background_play': True}",podcast,2580,,
6558,97613e31-f6aa-4be5-9576-4b2eddf7440b,35c40819-64e5-45af-8973-730d1672a2bb,click,2026-01-11 18:16:18.767270+00:00,,web-safari,"{'country': 'SA', 'city': 'Riyadh', 'language': 'ar', 'user_type': 'registered', 'is_subscribed': True, 'trial_user': False, 'autoplay': False, 'is_background_play': False}",podcast,2580,,
6559,97613e31-f6aa-4be5-9576-4b2eddf7440b,aab50d0d-3a7a-4ac5-bb70-d8921a5a5bc0,play,2026-01-11 18:43:18.767279+00:00,1648585.0,android,"{'country': 'SA', 'city': 'Riyadh', 'language': 'ar', 'user_type': 'registered', 'is_subscribed': True, 'trial_user': False, 'autoplay': False, 'is_background_play': True}",podcast,2580,1648.585,0.64
6560,97613e31-f6aa-4be5-9576-4b2eddf7440b,3fcdb6a0-544a-4765-a4a6-9908e148ef06,play,2026-01-11 18:42:18.767288+00:00,2164249.0,web-safari,"{'country': 'SA', 'city': 'Riyadh', 'language': 'ar', 'user_type': 'registered', 'is_subscribed': True, 'trial_user': False, 'autoplay': False, 'is_background_play': False}",podcast,2580,2164.249,0.84
6561,48aacd11-3cbe-41ad-8b13-3fc90fa526b8,7f236a6e-9a03-4a08-afa0-4babe99fc1f3,finish,2026-01-11 18:34:18.767307+00:00,,ios,"{'country': 'SA', 'city': 'Riyadh', 'language': 'ar', 'user_type': 'registered', 'is_subscribed': True, 'trial_user': False, 'autoplay': False, 'is_background_play': False}",video,806,,
6562,48aacd11-3cbe-41ad-8b13-3fc90fa526b8,8559fc10-c2ed-4a7c-a18b-13845e65b3ef,play,2026-01-11 18:10:18.767317+00:00,624270.0,web-safari,"{'country': 'SA', 'city': 'Riyadh', 'language': 'ar', 'user_type': 'registered', 'is_subscribed': True, 'trial_user': False, 'autoplay': False, 'is_background_play': False}",video,806,624.27,0.77
6563,48aacd11-3cbe-41ad-8b13-3fc90fa526b8,b49f5e64-7238-41bb-9c15-7bad70151e70,finish,2026-01-11 18:26:18.767326+00:00,683745.0,ios,"{'country': 'SA', 'city': 'Riyadh', 'language': 'ar', 'user_type': 'registered', 'is_subscribed': True, 'trial_user': False, 'autoplay': False, 'is_background_play': False}",video,806,683.745,0.85
6564,48aacd11-3cbe-41ad-8b13-3fc90fa526b8,970054b2-dca7-4520-a884-f5d7359bc727,finish,2026-01-11 18:02:18.767336+00:00,31946.0,web-chrome,"{'country': 'SA', 'city': 'Riyadh', 'language': 'ar', 'user_type': 'registered', 'is_subscribed': True, 'trial_user': False, 'autoplay': False, 'is_background_play': False}",video,806,31.946,0.04
6565,48aacd11-3cbe-41ad-8b13-3fc90fa526b8,62f97b18-0d8f-4e35-bb46-4f668d97e401,click,2026-01-11 18:31:18.767345+00:00,,web-safari,"{'country': 'SA', 'city': 'Riyadh', 'language': 'ar', 'user_type': 'registered', 'is_subscribed': True, 'trial_user': False, 'autoplay': False, 'is_background_play': True}",video,806,,
6566,48aacd11-3cbe-41ad-8b13-3fc90fa526b8,024018a0-f9fe-4585-9275-7b6908f4489a,pause,2026-01-11 18:00:18.767354+00:00,223998.0,android,"{'country': 'SA', 'city': 'Riyadh', 'language': 'ar', 'user_type': 'registered', 'is_subscribed': True, 'trial_user': False, 'autoplay': False, 'is_background_play': True}",video,806,223.998,0.28
6567,48aacd11-3cbe-41ad-8b13-3fc90fa526b8,1df3cdaf-c0a6-4d93-a220-5aff171cee09,finish,2026-01-11 18:49:18.767363+00:00,20065.0,android,"{'country': 'SA', 'city': 'Riyadh', 'language': 'ar', 'user_type': 'registered', 'is_subscribed': True, 'trial_user': False, 'autoplay': False, 'is_background_play': False}",video,806,20.065,0.02
6568,48aacd11-3cbe-41ad-8b13-3fc90fa526b8,02bb0603-a494-461b-a990-b47e64481ca8,click,2026-01-11 18:54:18.767372+00:00,,web-chrome,"{'country': 'SA', 'city': 'Riyadh', 'language': 'ar', 'user_type': 'registered', 'is_subscribed': True, 'trial_user': False, 'autoplay': False, 'is_background_play': True}",video,806,,
6569,48aacd11-3cbe-41ad-8b13-3fc90fa526b8,d29d7db4-23e6-46cf-b301-3699e9e9f257,play,2026-01-11 18:09:18.767381+00:00,,android,"{'country': 'SA', 'city': 'Riyadh', 'language': 'ar', 'user_type': 'registered', 'is_subscribed': True, 'trial_user': False, 'autoplay': False, 'is_background_play': True}",video,806,,
6570,48aacd11-3cbe-41ad-8b13-3fc90fa526b8,0ca959c9-b078-49e6-bc81-de608af1b8f0,click,2026-01-11 18:28:18.767390+00:00,,ios,"{'country': 'SA', 'city': 'Riyadh', 'language': 'ar', 'user_type': 'registered', 'is_subscribed': True, 'trial_user': False, 'autoplay': False, 'is_background_play': True}",video,806,,
6571,48aacd11-3cbe-41ad-8b13-3fc90fa526b8,57b05dc5-8b77-4a98-9abc-73500e61e256,finish,2026-01-11 18:28:18.767399+00:00,58583.0,web-safari,"{'country': 'SA', 'city': 'Riyadh', 'language': 'ar', 'user_type': 'registered', 'is_subscribed': True, 'trial_user': False, 'autoplay': False, 'is_background_play': False}",video,806,58.583,0.07
6572,48aacd11-3cbe-41ad-8b13-3fc90fa526b8,76e705ce-1700-4b03-ba79-a18cb97f56d3,play,2026-01-11 18:40:18.767408+00:00,625826.0,ios,"{'country': 'SA', 'city': 'Riyadh', 'language': 'ar', 'user_type': 'registered', 'is_subscribed': True, 'trial_user': False, 'autoplay': False, 'is_background_play': False}",video,806,625.826,0.78
6573,48aacd11-3cbe-41ad-8b13-3fc90fa526b8,684e33be-26c7-4583-9a0e-19e2fccdc1c7,play,2026-01-11 18:08:18.767417+00:00,68517.0,ios,"{'country': 'SA', 'city': 'Riyadh', 'language': 'ar', 'user_type': 'registered', 'is_subscribed': True, 'trial_user': False, 'autoplay': False, 'is_background_play': True}",video,806,68.517,0.09
6574,48aacd11-3cbe-41ad-8b13-3fc90fa526b8,9102144a-103f-48b1-8bd9-b00803034c49,click,2026-01-11 17:59:18.767426+00:00,,android,"{'country': 'SA', 'city': 'Riyadh', 'language': 'ar', 'user_type': 'registered', 'is_subscribed': True, 'trial_user': False, 'autoplay': False, 'is_background_play': True}",video,806,,
6575,48aacd11-3cbe-41ad-8b13-3fc90fa526b8,e97e3a5c-1a87-4d61-bcc6-9b6f0e8ebca4,pause,2026-01-11 18:19:18.767434+00:00,,web-chrome,"{'country': 'SA', 'city': 'Riyadh', 'language': 'ar', 'user_type': 'registered', 'is_subscribed': True, 'trial_user': False, 'autoplay': False, 'is_background_play': True}",video,806,,
6576,48aacd11-3cbe-41ad-8b13-3fc90fa526b8,e88601d1-e371-4c95-b278-77e9eead4de0,pause,2026-01-11 17:58:18.767442+00:00,144528.0,ios,"{'country': 'SA', 'city': 'Riyadh', 'language': 'ar', 'user_type': 'registered', 'is_subscribed': True, 'trial_user': False, 'autoplay': False, 'is_background_play': True}",video,806,144.528,0.18
6577,48aacd11-3cbe-41ad-8b13-3fc90fa526b8,16aa14f5-aa2b-4dd5-abfa-22a9ab4cca94,click,2026-01-11 18:39:18.767461+00:00,,ios,"{'country': 'SA', 'city': 'Riyadh', 'language': 'ar', 'user_type': 'registered', 'is_subscribed': True, 'trial_user': False, 'autoplay': False, 'is_background_play': False}",video,806,,
6578,48aacd11-3cbe-41ad-8b13-3fc90fa526b8,4830e8a2-4335-43c8-a67a-5145e532786d,pause,2026-01-11 18:42:18.767470+00:00,740959.0,web-safari,"{'country': 'SA', 'city': 'Riyadh', 'language': 'ar', 'user_type': 'registered', 'is_subscribed': True, 'trial_user': False, 'autoplay': False, 'is_background_play': True}",video,806,740.959,0.92
6579,48aacd11-3cbe-41ad-8b13-3fc90fa526b8,a8339f1e-9481-497d-86a1-a7d5ee1ff98e,play,2026-01-11 18:28:18.767479+00:00,341263.0,web-chrome,"{'country': 'SA', 'city': 'Riyadh', 'language': 'ar', 'user_type': 'registered', 'is_subscribed': True, 'trial_user': False, 'autoplay': False, 'is_background_play': False}",video,806,341.263,0.42
6580,48aacd11-3cbe-41ad-8b13-3fc90fa526b8,cad5f829-1904-4f98-ad32-cacf23cccf8b,click,2026-01-11 18:49:18.767488+00:00,,web-chrome,"{'country': 'SA', 'city': 'Riyadh', 'language': 'ar', 'user_type': 'registered', 'is_subscribed': True, 'trial_user': False, 'autoplay': False, 'is_background_play': True}",video,806,,
6581,48aacd11-3cbe-41ad-8b13-3fc90fa526b8,8aa5da1a-28d6-4b14-83ed-6e5fd2a246bc,finish,2026-01-11 18:22:18.767497+00:00,630423.0,web-chrome,"{'country': 'SA', 'city': 'Riyadh', 'language': 'ar', 'user_type': 'registered', 'is_subscribed': True, 'trial_user': False, 'autoplay': False, 'is_background_play': False}",video,806,630.423,0.78
6582,48aacd11-3cbe-41ad-8b13-3fc90fa526b8,a67d200a-9534-43f4-b964-ea0736935d32,pause,2026-01-11 18:44:18.767505+00:00,725895.0,web-safari,"{'country': 'SA', 'city': 'Riyadh', 'language': 'ar', 'user_type': 'registered', 'is_subscribed': True, 'trial_user': False, 'autoplay': False, 'is_background_play': True}",video,806,725.895,0.9
6583,48aacd11-3cbe-41ad-8b13-3fc90fa526b8,b5a5708f-7ef5-4ef7-bf31-b36ca7504bbf,play,2026-01-11 18:25:18.767514+00:00,577735.0,web-chrome,"{'country': 'SA', 'city': 'Riyadh', 'language': 'ar', 'user_type': 'registered', 'is_subscribed': True, 'trial_user': False, 'autoplay': False, 'is_background_play': False}",video,806,577.735,0.72
6584,48aacd11-3cbe-41ad-8b13-3fc90fa526b8,b5ea0cba-6017-4dd1-9996-44d95997b1e9,play,2026-01-11 18:40:18.767524+00:00,191779.0,ios,"{'country': 'SA', 'city': 'Riyadh', 'language': 'ar', 'user_type': 'registered', 'is_subscribed': True, 'trial_user': False, 'autoplay': False, 'is_background_play': True}",video,806,191.779,0.24
6585,48aacd11-3cbe-41ad-8b13-3fc90fa526b8,50781db2-4e8d-4202-84e1-881d12106ac9,finish,2026-01-11 18:34:18.767532+00:00,570259.0,web-chrome,"{'country': 'SA', 'city': 'Riyadh', 'language': 'ar', 'user_type': 'registered', 'is_subscribed': True, 'trial_user': False, 'autoplay': False, 'is_background_play': True}",video,806,570.259,0.71
6586,48aacd11-3cbe-41ad-8b13-3fc90fa526b8,0c819ec3-d1e0-49b0-ac38-db8f86222178,pause,2026-01-11 18:13:18.767541+00:00,672928.0,web-chrome,"{'country': 'SA', 'city': 'Riyadh', 'language': 'ar', 'user_type': 'registered', 'is_subscribed': True, 'trial_user': False, 'autoplay': False, 'is_background_play': False}",video,806,672.928,0.83
6587,48aacd11-3cbe-41ad-8b13-3fc90fa526b8,73167952-95a9-4aee-aea4-f56c6bbe5332,pause,2026-01-11 18:50:18.767550+00:00,398505.0,ios,"{'country': 'SA', 'city': 'Riyadh', 'language': 'ar', 'user_type': 'registered', 'is_subscribed': True, 'trial_user': False, 'autoplay': False, 'is_background_play': True}",video,806,398.505,0.49
6588,48aacd11-3cbe-41ad-8b13-3fc90fa526b8,791d0c69-c0be-4b7a-882d-57c1d48b1f3a,pause,2026-01-11 18:55:18.767559+00:00,17620.0,ios,"{'country': 'SA', 'city': 'Riyadh', 'language': 'ar', 'user_type': 'registered', 'is_subscribed': True, 'trial_user': False, 'autoplay': False, 'is_background_play': True}",video,806,17.62,0.02
6589,48aacd11-3cbe-41ad-8b13-3fc90fa526b8,1c7ddbd0-7b94-4354-86be-858f541cd71f,click,2026-01-11 18:12:18.767568+00:00,,web-chrome,"{'country': 'SA', 'city': 'Riyadh', 'language': 'ar', 'user_type': 'registered', 'is_subscribed': True, 'trial_user': False, 'autoplay': False, 'is_background_play': True}",video,806,,
6590,48aacd11-3cbe-41ad-8b13-3fc90fa526b8,fef0e7d9-44a3-4001-b943-71e9ebef1fd9,finish,2026-01-11 18:24:18.767577+00:00,,web-chrome,"{'country': 'SA', 'city': 'Riyadh', 'language': 'ar', 'user_type': 'registered', 'is_subscribed': True, 'trial_user': False, 'autoplay': False, 'is_background_play': False}",video,806,,
6591,48aacd11-3cbe-41ad-8b13-3fc90fa526b8,1f8a86ef-9c0b-4dbb-a156-dc6d13b07709,pause,2026-01-11 18:19:18.767585+00:00,,android,"{'country': 'SA', 'city': 'Riyadh', 'language': 'ar', 'user_type': 'registered', 'is_subscribed': True, 'trial_user': False, 'autoplay': False, 'is_background_play': True}",video,806,,
6592,48aacd11-3cbe-41ad-8b13-3fc90fa526b8,7a0d484f-127f-4e8d-853d-a8c7c67957a6,pause,2026-01-11 18:04:18.767593+00:00,,ios,"{'country': 'SA', 'city': 'Riyadh', 'language': 'ar', 'user_type': 'registered', 'is_subscribed': True, 'trial_user': False, 'autoplay': False, 'is_background_play': True}",video,806,,
6593,48aacd11-3cbe-41ad-8b13-3fc90fa526b8,1d02980b-392d-42f4-ab1f-2094cff9bd93,click,2026-01-11 18:12:18.767602+00:00,,web-chrome,"{'country': 'SA', 'city': 'Riyadh', 'language': 'ar', 'user_type': 'registered', 'is_subscribed': True, 'trial_user': False, 'autoplay': False, 'is_background_play': False}",video,806,,
6594,48aacd11-3cbe-41ad-8b13-3fc90fa526b8,930c8fc7-f742-4231-9147-c9455d06ad23,finish,2026-01-11 17:59:18.767610+00:00,198683.0,web-chrome,"{'country': 'SA', 'city': 'Riyadh', 'language': 'ar', 'user_type': 'registered', 'is_subscribed': True, 'trial_user': False, 'autoplay': False, 'is_background_play': False}",video,806,198.683,0.25
6595,48aacd11-3cbe-41ad-8b13-3fc90fa526b8,53bf3ae5-b63d-460f-b56f-34e649d7868d,play,2026-01-11 18:23:18.767619+00:00,607319.0,web-safari,"{'country': 'SA', 'city': 'Riyadh', 'language': 'ar', 'user_type': 'registered', 'is_subscribed': True, 'trial_user': False, 'autoplay': False, 'is_background_play': False}",video,806,607.319,0.75
6596,48aacd11-3cbe-41ad-8b13-3fc90fa526b8,1146b592-32a6-441a-bc88-43d8e510bb24,play,2026-01-11 17:56:18.767629+00:00,,android,"{'country': 'SA', 'city': 'Riyadh', 'language': 'ar', 'user_type': 'registered', 'is_subscribed': True, 'trial_user': False, 'autoplay': False, 'is_background_play': False}",video,806,,
6597,48aacd11-3cbe-41ad-8b13-3fc90fa526b8,c8b7dc4e-facc-4673-a486-83b4a1212a7e,pause,2026-01-11 18:39:18.767637+00:00,213114.0,web-safari,"{'country': 'SA', 'city': 'Riyadh', 'language': 'ar', 'user_type': 'registered', 'is_subscribed': True, 'trial_user': False, 'autoplay': False, 'is_background_play': False}",video,806,213.114,0.26
6598,48aacd11-3cbe-41ad-8b13-3fc90fa526b8,9dde1a8b-431f-4556-9abf-754d63c7a4cd,pause,2026-01-11 18:25:18.767646+00:00,553243.0,ios,"{'country': 'SA', 'city': 'Riyadh', 'language': 'ar', 'user_type': 'registered', 'is_subscribed': True, 'trial_user': False, 'autoplay': False, 'is_background_play': True}",video,806,553.243,0.69
6599,48aacd11-3cbe-41ad-8b13-3fc90fa526b8,9745b6fc-2ca4-4265-a6cc-03adf5466148,pause,2026-01-11 18:13:18.767655+00:00,576758.0,web-chrome,"{'country': 'SA', 'city': 'Riyadh', 'language': 'ar', 'user_type': 'registered', 'is_subscribed': True, 'trial_user': False, 'autoplay': False, 'is_background_play': False}",video,806,576.758,0.72
6600,48aacd11-3cbe-41ad-8b13-3fc90fa526b8,fb92ef3e-cfdc-45bc-a916-4db4b7da6077,pause,2026-01-11 18:45:18.767664+00:00,354474.0,web-safari,"{'country': 'SA', 'city': 'Riyadh', 'language': 'ar', 'user_type': 'registered', 'is_subscribed': True, 'trial_user': False, 'autoplay': False, 'is_background_play': True}",video,806,354.474,0.44
6601,609cc519-5728-43fe-b25d-8515bc439839,a3a27b46-7819-45c9-8726-84542f9489cc,finish,2026-01-11 18:50:18.767673+00:00,,web-safari,"{'country': 'SA', 'city': 'Riyadh', 'language': 'ar', 'user_type': 'registered', 'is_subscribed': True, 'trial_user': False, 'autoplay': False, 'is_background_play': True}",newsletter,614,,
6602,609cc519-5728-43fe-b25d-8515bc439839,56086624-29fa-4166-bfc2-088328aeb0de,play,2026-01-11 18:52:18.767688+00:00,220168.0,android,"{'country': 'SA', 'city': 'Riyadh', 'language': 'ar', 'user_type': 'registered', 'is_subscribed': True, 'trial_user': False, 'autoplay': False, 'is_background_play': False}",newsletter,614,220.168,0.36
6603,609cc519-5728-43fe-b25d-8515bc439839,cd879685-3bab-4dcf-95d8-1f305e37ee00,pause,2026-01-11 18:45:18.767697+00:00,590938.0,web-safari,"{'country': 'SA', 'city': 'Riyadh', 'language': 'ar', 'user_type': 'registered', 'is_subscribed': True, 'trial_user': False, 'autoplay': False, 'is_background_play': True}",newsletter,614,590.938,0.96
6604,609cc519-5728-43fe-b25d-8515bc439839,ee2f6aa9-b6fa-4e8a-a743-067c06354d23,play,2026-01-11 18:53:18.767707+00:00,216160.0,web-chrome,"{'country': 'SA', 'city': 'Riyadh', 'language': 'ar', 'user_type': 'registered', 'is_subscribed': True, 'trial_user': False, 'autoplay': False, 'is_background_play': True}",newsletter,614,216.16,0.35
6605,609cc519-5728-43fe-b25d-8515bc439839,dcec9e7f-6772-4608-8c18-5ba29f9ad82b,pause,2026-01-11 18:16:18.767715+00:00,335128.0,ios,"{'country': 'SA', 'city': 'Riyadh', 'language': 'ar', 'user_type': 'registered', 'is_subscribed': True, 'trial_user': False, 'autoplay': False, 'is_background_play': False}",newsletter,614,335.128,0.55
6606,609cc519-5728-43fe-b25d-8515bc439839,0446a838-7bd5-4315-a15c-897cefc3ad50,play,2026-01-11 18:10:18.767724+00:00,,ios,"{'country': 'SA', 'city': 'Riyadh', 'language': 'ar', 'user_type': 'registered', 'is_subscribed': True, 'trial_user': False, 'autoplay': False, 'is_background_play': True}",newsletter,614,,
6607,609cc519-5728-43fe-b25d-8515bc439839,050408e0-ff56-406c-8023-f29288296ab1,finish,2026-01-11 17:59:18.767733+00:00,4348.0,web-chrome,"{'country': 'SA', 'city': 'Riyadh', 'language': 'ar', 'user_type': 'registered', 'is_subscribed': True, 'trial_user': False, 'autoplay': False, 'is_background_play': False}",newsletter,614,4.348,0.01
6608,609cc519-5728-43fe-b25d-8515bc439839,2b614180-3517-46fb-a7a7-38fd84a93e20,finish,2026-01-11 18:12:18.767744+00:00,399998.0,web-safari,"{'country': 'SA', 'city': 'Riyadh', 'language': 'ar', 'user_type': 'registered', 'is_subscribed': True, 'trial_user': False, 'autoplay': False, 'is_background_play': True}",newsletter,614,399.998,0.65
6609,609cc519-5728-43fe-b25d-8515bc439839,d5e604c7-7976-45e0-a5b9-5af3491c105a,play,2026-01-11 18:54:18.767755+00:00,503045.0,web-safari,"{'country': 'SA', 'city': 'Riyadh', 'language': 'ar', 'user_type': 'registered', 'is_subscribed': True, 'trial_user': False, 'autoplay': False, 'is_background_play': False}",newsletter,614,503.045,0.82
6610,609cc519-5728-43fe-b25d-8515bc439839,7f101f64-ee6b-4a46-95d8-53321ef3b8a9,play,2026-01-11 18:07:18.767764+00:00,566528.0,ios,"{'country': 'SA', 'city': 'Riyadh', 'language': 'ar', 'user_type': 'registered', 'is_subscribed': True, 'trial_user': False, 'autoplay': False, 'is_background_play': True}",newsletter,614,566.528,0.92
6611,609cc519-5728-43fe-b25d-8515bc439839,12ab6e1d-6aff-474f-a112-7870ec108a4f,play,2026-01-11 18:38:18.767773+00:00,49816.0,android,"{'country': 'SA', 'city': 'Riyadh', 'language': 'ar', 'user_type': 'registered', 'is_subscribed': True, 'trial_user': False, 'autoplay': False, 'is_background_play': True}",newsletter,614,49.816,0.08
6612,609cc519-5728-43fe-b25d-8515bc439839,baf1365f-2871-483e-8724-cd4c1a46f2f0,pause,2026-01-11 18:53:18.767782+00:00,257332.0,web-safari,"{'country': 'SA', 'city': 'Riyadh', 'language': 'ar', 'user_type': 'registered', 'is_subscribed': True, 'trial_user': False, 'autoplay': False, 'is_background_play': True}",newsletter,614,257.332,0.42
6613,609cc519-5728-43fe-b25d-8515bc439839,7c7e7222-d1e3-4d04-b9a6-ee307acdf854,click,2026-01-11 18:47:18.767792+00:00,,web-safari,"{'country': 'SA', 'city': 'Riyadh', 'language': 'ar', 'user_type': 'registered', 'is_subscribed': True, 'trial_user': False, 'autoplay': False, 'is_background_play': False}",newsletter,614,,
6614,609cc519-5728-43fe-b25d-8515bc439839,ac12664b-958b-4901-b20e-e7a2c6e224c9,click,2026-01-11 18:23:18.767800+00:00,,android,"{'country': 'SA', 'city': 'Riyadh', 'language': 'ar', 'user_type': 'registered', 'is_subscribed': True, 'trial_user': False, 'autoplay': False, 'is_background_play': True}",newsletter,614,,
6615,609cc519-5728-43fe-b25d-8515bc439839,2870a850-8a79-470e-afe2-3ab866380cee,pause,2026-01-11 18:44:18.767811+00:00,536402.0,web-chrome,"{'country': 'SA', 'city': 'Riyadh', 'language': 'ar', 'user_type': 'registered', 'is_subscribed': True, 'trial_user': False, 'autoplay': False, 'is_background_play': True}",newsletter,614,536.402,0.87
6616,609cc519-5728-43fe-b25d-8515bc439839,d85cf70d-570e-4654-95ef-38e0a2d3a5d4,click,2026-01-11 18:27:18.767822+00:00,,android,"{'country': 'SA', 'city': 'Riyadh', 'language': 'ar', 'user_type': 'registered', 'is_subscribed': True, 'trial_user': False, 'autoplay': False, 'is_background_play': False}",newsletter,614,,
6617,609cc519-5728-43fe-b25d-8515bc439839,b9e8965f-7194-4c2f-b244-8487656a8489,click,2026-01-11 18:41:18.767833+00:00,,android,"{'country': 'SA', 'city': 'Riyadh', 'language': 'ar', 'user_type': 'registered', 'is_subscribed': True, 'trial_user': False, 'autoplay': False, 'is_background_play': True}",newsletter,614,,
6618,609cc519-5728-43fe-b25d-8515bc439839,daac1ce2-f8ee-455e-a123-53f0ec8be5cf,click,2026-01-11 18:21:18.767844+00:00,,web-chrome,"{'country': 'SA', 'city': 'Riyadh', 'language': 'ar', 'user_type': 'registered', 'is_subscribed': True, 'trial_user': False, 'autoplay': False, 'is_background_play': False}",newsletter,614,,
6619,609cc519-5728-43fe-b25d-8515bc439839,54c3f101-7692-4429-ba56-05589c0c962a,finish,2026-01-11 18:16:18.767854+00:00,405663.0,ios,"{'country': 'SA', 'city': 'Riyadh', 'language': 'ar', 'user_type': 'registered', 'is_subscribed': True, 'trial_user': False, 'autoplay': False, 'is_background_play': True}",newsletter,614,405.663,0.66
6620,609cc519-5728-43fe-b25d-8515bc439839,b60910f1-1ab1-44f6-951d-2052b5ccad4c,click,2026-01-11 18:01:18.767864+00:00,,web-safari,"{'country': 'SA', 'city': 'Riyadh', 'language': 'ar', 'user_type': 'registered', 'is_subscribed': True, 'trial_user': False, 'autoplay': False, 'is_background_play': False}",newsletter,614,,
6621,609cc519-5728-43fe-b25d-8515bc439839,42101b9e-825f-498c-bce8-fcfa26c51080,finish,2026-01-11 18:40:18.767872+00:00,34169.0,web-safari,"{'country': 'SA', 'city': 'Riyadh', 'language': 'ar', 'user_type': 'registered', 'is_subscribed': True, 'trial_user': False, 'autoplay': False, 'is_background_play': False}",newsletter,614,34.169,0.06
6622,609cc519-5728-43fe-b25d-8515bc439839,417654df-9fc4-47a9-9414-447771bc56d0,finish,2026-01-11 18:51:18.767881+00:00,411960.0,web-chrome,"{'country': 'SA', 'city': 'Riyadh', 'language': 'ar', 'user_type': 'registered', 'is_subscribed': True, 'trial_user': False, 'autoplay': False, 'is_background_play': False}",newsletter,614,411.96,0.67
6623,609cc519-5728-43fe-b25d-8515bc439839,ae9ea13c-2fa9-4cc9-a16d-f9af34152290,play,2026-01-11 17:57:18.767890+00:00,35173.0,web-safari,"{'country': 'SA', 'city': 'Riyadh', 'language': 'ar', 'user_type': 'registered', 'is_subscribed': True, 'trial_user': False, 'autoplay': False, 'is_background_play': True}",newsletter,614,35.173,0.06
6624,609cc519-5728-43fe-b25d-8515bc439839,ad647954-b4e5-425c-b200-d86b0b6a7fc9,play,2026-01-11 18:19:18.767899+00:00,318041.0,android,"{'country': 'SA', 'city': 'Riyadh', 'language': 'ar', 'user_type': 'registered', 'is_subscribed': True, 'trial_user': False, 'autoplay': False, 'is_background_play': True}",newsletter,614,318.041,0.52
6625,609cc519-5728-43fe-b25d-8515bc439839,5d6eedbd-e133-4a45-af2e-48d0cec0ccd4,play,2026-01-11 18:08:18.767908+00:00,,web-safari,"{'country': 'SA', 'city': 'Riyadh', 'language': 'ar', 'user_type': 'registered', 'is_subscribed': True, 'trial_user': False, 'autoplay': False, 'is_background_play': True}",newsletter,614,,
6626,609cc519-5728-43fe-b25d-8515bc439839,005e46ed-f939-421a-957c-7584cbadcc9c,pause,2026-01-11 18:13:18.767917+00:00,200528.0,web-chrome,"{'country': 'SA', 'city': 'Riyadh', 'language': 'ar', 'user_type': 'registered', 'is_subscribed': True, 'trial_user': False, 'autoplay': False, 'is_background_play': False}",newsletter,614,200.528,0.33
6627,609cc519-5728-43fe-b25d-8515bc439839,2616feba-32c0-4dbb-970c-6da63de4d8e8,click,2026-01-11 18:19:18.767932+00:00,,ios,"{'country': 'SA', 'city': 'Riyadh', 'language': 'ar', 'user_type': 'registered', 'is_subscribed': True, 'trial_user': False, 'autoplay': False, 'is_background_play': False}",newsletter,614,,
6628,609cc519-5728-43fe-b25d-8515bc439839,f5e5542f-df13-4a1d-84ed-74327272c0af,pause,2026-01-11 18:25:18.767941+00:00,489825.0,ios,"{'country': 'SA', 'city': 'Riyadh', 'language': 'ar', 'user_type': 'registered', 'is_subscribed': True, 'trial_user': False, 'autoplay': False, 'is_background_play': True}",newsletter,614,489.825,0.8
6629,609cc519-5728-43fe-b25d-8515bc439839,e608bc9b-6188-4e20-9662-e746946fa61d,pause,2026-01-11 18:47:18.767951+00:00,286695.0,ios,"{'country': 'SA', 'city': 'Riyadh', 'language': 'ar', 'user_type': 'registered', 'is_subscribed': True, 'trial_user': False, 'autoplay': False, 'is_background_play': False}",newsletter,614,286.695,0.47
6630,609cc519-5728-43fe-b25d-8515bc439839,47364a5a-ebfd-417b-b2eb-429df6d48d2e,play,2026-01-11 18:42:18.767960+00:00,312607.0,ios,"{'country': 'SA', 'city': 'Riyadh', 'language': 'ar', 'user_type': 'registered', 'is_subscribed': True, 'trial_user': False, 'autoplay': False, 'is_background_play': True}",newsletter,614,312.607,0.51
6631,609cc519-5728-43fe-b25d-8515bc439839,edeb0b3a-7218-45b5-b53f-345bad21009a,play,2026-01-11 18:39:18.767969+00:00,25243.0,ios,"{'country': 'SA', 'city': 'Riyadh', 'language': 'ar', 'user_type': 'registered', 'is_subscribed': True, 'trial_user': False, 'autoplay': False, 'is_background_play': True}",newsletter,614,25.243,0.04
6632,609cc519-5728-43fe-b25d-8515bc439839,a6ed6f5b-413c-40f1-b26a-b4419664a82f,finish,2026-01-11 18:08:18.767978+00:00,612079.0,web-safari,"{'country': 'SA', 'city': 'Riyadh', 'language': 'ar', 'user_type': 'registered', 'is_subscribed': True, 'trial_user': False, 'autoplay': False, 'is_background_play': True}",newsletter,614,612.079,1.0
6633,609cc519-5728-43fe-b25d-8515bc439839,6691c6b4-8d0a-49a7-8cea-f6229997ce9f,finish,2026-01-11 18:54:18.767988+00:00,178245.0,web-chrome,"{'country': 'SA', 'city': 'Riyadh', 'language': 'ar', 'user_type': 'registered', 'is_subscribed': True, 'trial_user': False, 'autoplay': False, 'is_background_play': False}",newsletter,614,178.245,0.29
6634,609cc519-5728-43fe-b25d-8515bc439839,56edd448-3346-4ba4-b0db-9846772c739e,pause,2026-01-11 17:55:18.767997+00:00,307840.0,web-chrome,"{'country': 'SA', 'city': 'Riyadh', 'language': 'ar', 'user_type': 'registered', 'is_subscribed': True, 'trial_user': False, 'autoplay': False, 'is_background_play': False}",newsletter,614,307.84,0.5
6635,609cc519-5728-43fe-b25d-8515bc439839,4b06ef85-b1ac-4c22-b0e8-57bd9a7aaa3f,finish,2026-01-11 18:52:18.768006+00:00,530252.0,ios,"{'country': 'SA', 'city': 'Riyadh', 'language': 'ar', 'user_type': 'registered', 'is_subscribed': True, 'trial_user': False, 'autoplay': False, 'is_background_play': False}",newsletter,614,530.252,0.86
6636,609cc519-5728-43fe-b25d-8515bc439839,4165c933-c7e3-4213-aae3-d3a9069e2284,pause,2026-01-11 18:50:18.768016+00:00,51373.0,android,"{'country': 'SA', 'city': 'Riyadh', 'language': 'ar', 'user_type': 'registered', 'is_subscribed': True, 'trial_user': False, 'autoplay': False, 'is_background_play': False}",newsletter,614,51.373,0.08
6637,609cc519-5728-43fe-b25d-8515bc439839,9308dc77-b2bd-4bd4-9a60-f1a7fb70ad5a,finish,2026-01-11 18:33:18.768025+00:00,246878.0,web-safari,"{'country': 'SA', 'city': 'Riyadh', 'language': 'ar', 'user_type': 'registered', 'is_subscribed': True, 'trial_user': False, 'autoplay': False, 'is_background_play': True}",newsletter,614,246.878,0.4
6638,609cc519-5728-43fe-b25d-8515bc439839,a9475ff7-ce0f-448c-8c45-e40df732eab3,pause,2026-01-11 18:46:18.768034+00:00,,ios,"{'country': 'SA', 'city': 'Riyadh', 'language': 'ar', 'user_type': 'registered', 'is_subscribed': True, 'trial_user': False, 'autoplay': False, 'is_background_play': False}",newsletter,614,,
6639,609cc519-5728-43fe-b25d-8515bc439839,ec9d13f6-d5b3-4f00-8492-8322969a3105,play,2026-01-11 18:02:18.768043+00:00,500189.0,web-chrome,"{'country': 'SA', 'city': 'Riyadh', 'language': 'ar', 'user_type': 'registered', 'is_subscribed': True, 'trial_user': False, 'autoplay': False, 'is_background_play': False}",newsletter,614,500.189,0.81
6640,609cc519-5728-43fe-b25d-8515bc439839,89d2e2b7-7aab-4879-a626-7785ec5c81ac,pause,2026-01-11 18:23:18.768054+00:00,79223.0,web-safari,"{'country': 'SA', 'city': 'Riyadh', 'language': 'ar', 'user_type': 'registered', 'is_subscribed': True, 'trial_user': False, 'autoplay': False, 'is_background_play': False}",newsletter,614,79.223,0.13
6641,693708ce-5056-4915-b0f6-ad922a7febf7,9cb2646a-793b-4323-8463-76a2a3e9a596,play,2026-01-11 18:23:18.768066+00:00,36962.0,android,"{'country': 'SA', 'city': 'Riyadh', 'language': 'ar', 'user_type': 'registered', 'is_subscribed': True, 'trial_user': False, 'autoplay': False, 'is_background_play': False}",video,865,36.962,0.04
6642,693708ce-5056-4915-b0f6-ad922a7febf7,6436045d-d6eb-4743-b07c-59de7c0b4d4c,pause,2026-01-11 18:42:18.768077+00:00,461668.0,web-safari,"{'country': 'SA', 'city': 'Riyadh', 'language': 'ar', 'user_type': 'registered', 'is_subscribed': True, 'trial_user': False, 'autoplay': False, 'is_background_play': True}",video,865,461.668,0.53
6643,693708ce-5056-4915-b0f6-ad922a7febf7,0cec3590-556f-4168-8b40-cf5b51cb3a9f,click,2026-01-11 18:43:18.768086+00:00,,web-safari,"{'country': 'SA', 'city': 'Riyadh', 'language': 'ar', 'user_type': 'registered', 'is_subscribed': True, 'trial_user': False, 'autoplay': False, 'is_background_play': True}",video,865,,
6644,693708ce-5056-4915-b0f6-ad922a7febf7,bdf2a0b8-c915-49ca-b78f-ce4df5d68c00,pause,2026-01-11 18:13:18.768095+00:00,664625.0,web-chrome,"{'country': 'SA', 'city': 'Riyadh', 'language': 'ar', 'user_type': 'registered', 'is_subscribed': True, 'trial_user': False, 'autoplay': False, 'is_background_play': True}",video,865,664.625,0.77
6645,693708ce-5056-4915-b0f6-ad922a7febf7,e1d94b3c-c61b-43d1-99da-4d91d32b1728,finish,2026-01-11 18:20:18.768104+00:00,770680.0,web-safari,"{'country': 'SA', 'city': 'Riyadh', 'language': 'ar', 'user_type': 'registered', 'is_subscribed': True, 'trial_user': False, 'autoplay': False, 'is_background_play': True}",video,865,770.68,0.89
6646,693708ce-5056-4915-b0f6-ad922a7febf7,d94c7b7b-1be4-40be-bb32-3c60ff6e0c7f,finish,2026-01-11 18:55:18.768113+00:00,472076.0,ios,"{'country': 'SA', 'city': 'Riyadh', 'language': 'ar', 'user_type': 'registered', 'is_subscribed': True, 'trial_user': False, 'autoplay': False, 'is_background_play': False}",video,865,472.076,0.55
6647,693708ce-5056-4915-b0f6-ad922a7febf7,160885fc-30b9-4b99-951e-5eab5a94221c,play,2026-01-11 18:39:18.768122+00:00,362174.0,web-chrome,"{'country': 'SA', 'city': 'Riyadh', 'language': 'ar', 'user_type': 'registered', 'is_subscribed': True, 'trial_user': False, 'autoplay': False, 'is_background_play': False}",video,865,362.174,0.42
6648,693708ce-5056-4915-b0f6-ad922a7febf7,cc5f211c-6b3e-4ec9-be23-19a5f50a42ca,pause,2026-01-11 18:29:18.768131+00:00,238508.0,android,"{'country': 'SA', 'city': 'Riyadh', 'language': 'ar', 'user_type': 'registered', 'is_subscribed': True, 'trial_user': False, 'autoplay': False, 'is_background_play': False}",video,865,238.508,0.28
6649,693708ce-5056-4915-b0f6-ad922a7febf7,86e38461-49b1-436b-b501-774dd82e1356,click,2026-01-11 18:26:18.768139+00:00,,android,"{'country': 'SA', 'city': 'Riyadh', 'language': 'ar', 'user_type': 'registered', 'is_subscribed': True, 'trial_user': False, 'autoplay': False, 'is_background_play': True}",video,865,,
6650,693708ce-5056-4915-b0f6-ad922a7febf7,e7bdf647-29c9-436a-942a-019bf812e639,play,2026-01-11 18:42:18.768148+00:00,858222.0,android,"{'country': 'SA', 'city': 'Riyadh', 'language': 'ar', 'user_type': 'registered', 'is_subscribed': True, 'trial_user': False, 'autoplay': False, 'is_background_play': True}",video,865,858.222,0.99
6651,693708ce-5056-4915-b0f6-ad922a7febf7,641e22a0-8d80-46f0-acbd-cdb039d6cdc9,click,2026-01-11 18:05:18.768157+00:00,,web-chrome,"{'country': 'SA', 'city': 'Riyadh', 'language': 'ar', 'user_type': 'registered', 'is_subscribed': True, 'trial_user': False, 'autoplay': False, 'is_background_play': False}",video,865,,
6652,693708ce-5056-4915-b0f6-ad922a7febf7,7141bbe2-b964-4c0c-85f8-9edd129e9bdb,click,2026-01-11 18:49:18.768172+00:00,,web-safari,"{'country': 'SA', 'city': 'Riyadh', 'language': 'ar', 'user_type': 'registered', 'is_subscribed': True, 'trial_user': False, 'autoplay': False, 'is_background_play': True}",video,865,,
6653,693708ce-5056-4915-b0f6-ad922a7febf7,5ac38a6d-f464-4703-9239-60ac0e8c1a7d,play,2026-01-11 17:55:18.768181+00:00,372811.0,android,"{'country': 'SA', 'city': 'Riyadh', 'language': 'ar', 'user_type': 'registered', 'is_subscribed': True, 'trial_user': False, 'autoplay': False, 'is_background_play': False}",video,865,372.811,0.43
6654,693708ce-5056-4915-b0f6-ad922a7febf7,403b5373-fd7a-40ed-ae2e-d2bd3b197bfd,play,2026-01-11 18:19:18.768190+00:00,664514.0,web-chrome,"{'country': 'SA', 'city': 'Riyadh', 'language': 'ar', 'user_type': 'registered', 'is_subscribed': True, 'trial_user': False, 'autoplay': False, 'is_background_play': False}",video,865,664.514,0.77
6655,693708ce-5056-4915-b0f6-ad922a7febf7,ee29b79f-ce02-4f8e-b8ee-cea017ac3950,pause,2026-01-11 17:58:18.768199+00:00,,web-safari,"{'country': 'SA', 'city': 'Riyadh', 'language': 'ar', 'user_type': 'registered', 'is_subscribed': True, 'trial_user': False, 'autoplay': False, 'is_background_play': False}",video,865,,
6656,693708ce-5056-4915-b0f6-ad922a7febf7,ff9e3013-fb7c-4bbc-81ff-d52e1c8eb718,click,2026-01-11 18:30:18.768207+00:00,,web-chrome,"{'country': 'SA', 'city': 'Riyadh', 'language': 'ar', 'user_type': 'registered', 'is_subscribed': True, 'trial_user': False, 'autoplay': False, 'is_background_play': True}",video,865,,
6657,693708ce-5056-4915-b0f6-ad922a7febf7,ca5494b4-d4d6-430d-a06f-c08a9eb2a071,click,2026-01-11 18:22:18.768216+00:00,,android,"{'country': 'SA', 'city': 'Riyadh', 'language': 'ar', 'user_type': 'registered', 'is_subscribed': True, 'trial_user': False, 'autoplay': False, 'is_background_play': True}",video,865,,
6658,693708ce-5056-4915-b0f6-ad922a7febf7,f8c9c8a8-f46c-4b1d-b0eb-7649c940884c,play,2026-01-11 18:31:18.768224+00:00,296087.0,web-safari,"{'country': 'SA', 'city': 'Riyadh', 'language': 'ar', 'user_type': 'registered', 'is_subscribed': True, 'trial_user': False, 'autoplay': False, 'is_background_play': False}",video,865,296.087,0.34
6659,693708ce-5056-4915-b0f6-ad922a7febf7,f70acbae-b854-474c-bae9-d109ac98e6ef,finish,2026-01-11 17:56:18.768233+00:00,,web-safari,"{'country': 'SA', 'city': 'Riyadh', 'language': 'ar', 'user_type': 'registered', 'is_subscribed': True, 'trial_user': False, 'autoplay': False, 'is_background_play': False}",video,865,,
6660,693708ce-5056-4915-b0f6-ad922a7febf7,e393bbb7-22a5-4e0b-9037-095b82b7ddaf,finish,2026-01-11 17:55:18.768242+00:00,562561.0,android,"{'country': 'SA', 'city': 'Riyadh', 'language': 'ar', 'user_type': 'registered', 'is_subscribed': True, 'trial_user': False, 'autoplay': False, 'is_background_play': True}",video,865,562.561,0.65
6661,693708ce-5056-4915-b0f6-ad922a7febf7,a04c8a3a-66e5-4093-bc32-7d2a3c61fd46,click,2026-01-11 18:51:18.768250+00:00,,android,"{'country': 'SA', 'city': 'Riyadh', 'language': 'ar', 'user_type': 'registered', 'is_subscribed': True, 'trial_user': False, 'autoplay': False, 'is_background_play': True}",video,865,,
6662,693708ce-5056-4915-b0f6-ad922a7febf7,f4ea8819-49ba-4bc3-8d82-3b45ff0121da,finish,2026-01-11 18:09:18.768259+00:00,,web-safari,"{'country': 'SA', 'city': 'Riyadh', 'language': 'ar', 'user_type': 'registered', 'is_subscribed': True, 'trial_user': False, 'autoplay': False, 'is_background_play': False}",video,865,,
6663,693708ce-5056-4915-b0f6-ad922a7febf7,81c3b033-3eb1-4955-a1f6-2681e9da4595,click,2026-01-11 17:57:18.768267+00:00,,ios,"{'country': 'SA', 'city': 'Riyadh', 'language': 'ar', 'user_type': 'registered', 'is_subscribed': True, 'trial_user': False, 'autoplay': False, 'is_background_play': False}",video,865,,
6664,693708ce-5056-4915-b0f6-ad922a7febf7,ce8e3498-9abf-480d-aef1-01e091edf082,finish,2026-01-11 18:13:18.768276+00:00,557689.0,android,"{'country': 'SA', 'city': 'Riyadh', 'language': 'ar', 'user_type': 'registered', 'is_subscribed': True, 'trial_user': False, 'autoplay': False, 'is_background_play': True}",video,865,557.689,0.64
6665,693708ce-5056-4915-b0f6-ad922a7febf7,672f51e9-d4e9-4dbe-8d74-471bed391ed0,click,2026-01-11 18:08:18.768285+00:00,,web-safari,"{'country': 'SA', 'city': 'Riyadh', 'language': 'ar', 'user_type': 'registered', 'is_subscribed': True, 'trial_user': False, 'autoplay': False, 'is_background_play': True}",video,865,,
6666,693708ce-5056-4915-b0f6-ad922a7febf7,4d6ec7f1-8679-4b63-a433-b542c5d41c77,play,2026-01-11 17:58:18.768293+00:00,276343.0,web-chrome,"{'country': 'SA', 'city': 'Riyadh', 'language': 'ar', 'user_type': 'registered', 'is_subscribed': True, 'trial_user': False, 'autoplay': False, 'is_background_play': False}",video,865,276.343,0.32
6667,693708ce-5056-4915-b0f6-ad922a7febf7,8438786e-10c6-4f4f-b416-2e9afc92aa87,pause,2026-01-11 18:09:18.768303+00:00,289137.0,android,"{'country': 'SA', 'city': 'Riyadh', 'language': 'ar', 'user_type': 'registered', 'is_subscribed': True, 'trial_user': False, 'autoplay': False, 'is_background_play': True}",video,865,289.137,0.33
6668,693708ce-5056-4915-b0f6-ad922a7febf7,7a74bf9f-9e26-42c3-bbdd-2833b5076768,play,2026-01-11 18:11:18.768312+00:00,185192.0,web-chrome,"{'country': 'SA', 'city': 'Riyadh', 'language': 'ar', 'user_type': 'registered', 'is_subscribed': True, 'trial_user': False, 'autoplay': False, 'is_background_play': True}",video,865,185.192,0.21
6669,693708ce-5056-4915-b0f6-ad922a7febf7,0904c6fc-2818-4623-88c8-47e007e0fd87,finish,2026-01-11 18:21:18.768321+00:00,374064.0,web-safari,"{'country': 'SA', 'city': 'Riyadh', 'language': 'ar', 'user_type': 'registered', 'is_subscribed': True, 'trial_user': False, 'autoplay': False, 'is_background_play': False}",video,865,374.064,0.43
6670,693708ce-5056-4915-b0f6-ad922a7febf7,76e035d9-61f2-4e9c-bb5a-9e67a3dc0f58,click,2026-01-11 18:38:18.768330+00:00,,android,"{'country': 'SA', 'city': 'Riyadh', 'language': 'ar', 'user_type': 'registered', 'is_subscribed': True, 'trial_user': False, 'autoplay': False, 'is_background_play': True}",video,865,,
6671,693708ce-5056-4915-b0f6-ad922a7febf7,1438ed41-3b5b-49b6-b175-0018b712b069,click,2026-01-11 18:00:18.768339+00:00,,android,"{'country': 'SA', 'city': 'Riyadh', 'language': 'ar', 'user_type': 'registered', 'is_subscribed': True, 'trial_user': False, 'autoplay': False, 'is_background_play': False}",video,865,,
6672,693708ce-5056-4915-b0f6-ad922a7febf7,d46a4fc3-23ba-4ae2-8472-3e94ea8d9571,play,2026-01-11 18:17:18.768347+00:00,426592.0,android,"{'country': 'SA', 'city': 'Riyadh', 'language': 'ar', 'user_type': 'registered', 'is_subscribed': True, 'trial_user': False, 'autoplay': False, 'is_background_play': True}",video,865,426.592,0.49
6673,693708ce-5056-4915-b0f6-ad922a7febf7,d127c406-3c24-4e89-82ef-06f0f952011f,finish,2026-01-11 18:55:18.768356+00:00,74127.0,ios,"{'country': 'SA', 'city': 'Riyadh', 'language': 'ar', 'user_type': 'registered', 'is_subscribed': True, 'trial_user': False, 'autoplay': False, 'is_background_play': False}",video,865,74.127,0.09
6674,693708ce-5056-4915-b0f6-ad922a7febf7,2b95afef-bcc6-4858-9d60-1ad8d5783fee,pause,2026-01-11 18:12:18.768365+00:00,114002.0,ios,"{'country': 'SA', 'city': 'Riyadh', 'language': 'ar', 'user_type': 'registered', 'is_subscribed': True, 'trial_user': False, 'autoplay': False, 'is_background_play': False}",video,865,114.002,0.13
6675,693708ce-5056-4915-b0f6-ad922a7febf7,8b7e353e-c215-47e1-92db-f8ba74a6e262,finish,2026-01-11 17:58:18.768374+00:00,,web-chrome,"{'country': 'SA', 'city': 'Riyadh', 'language': 'ar', 'user_type': 'registered', 'is_subscribed': True, 'trial_user': False, 'autoplay': False, 'is_background_play': True}",video,865,,
6676,693708ce-5056-4915-b0f6-ad922a7febf7,b3eb9ba5-e9ca-4a22-afb7-565d3688002f,play,2026-01-11 18:20:18.768383+00:00,783575.0,android,"{'country': 'SA', 'city': 'Riyadh', 'language': 'ar', 'user_type': 'registered', 'is_subscribed': True, 'trial_user': False, 'autoplay': False, 'is_background_play': True}",video,865,783.575,0.91
6677,693708ce-5056-4915-b0f6-ad922a7febf7,09589413-4fe1-4985-bc10-1b44980d2651,click,2026-01-11 18:11:18.768397+00:00,,web-chrome,"{'country': 'SA', 'city': 'Riyadh', 'language': 'ar', 'user_type': 'registered', 'is_subscribed': True, 'trial_user': False, 'autoplay': False, 'is_background_play': True}",video,865,,
6678,693708ce-5056-4915-b0f6-ad922a7febf7,666475ae-f7e7-4bb6-991b-0038fe288124,play,2026-01-11 18:44:18.768406+00:00,,ios,"{'country': 'SA', 'city': 'Riyadh', 'language': 'ar', 'user_type': 'registered', 'is_subscribed': True, 'trial_user': False, 'autoplay': False, 'is_background_play': True}",video,865,,
6679,693708ce-5056-4915-b0f6-ad922a7febf7,7c47d562-30d9-4057-ab25-20f6871b8ac7,pause,2026-01-11 18:31:18.768415+00:00,,ios,"{'country': 'SA', 'city': 'Riyadh', 'language': 'ar', 'user_type': 'registered', 'is_subscribed': True, 'trial_user': False, 'autoplay': False, 'is_background_play': False}",video,865,,
6680,693708ce-5056-4915-b0f6-ad922a7febf7,f82dd656-305b-4932-a80f-fe7941c0f8ec,play,2026-01-11 18:28:18.768424+00:00,460019.0,ios,"{'country': 'SA', 'city': 'Riyadh', 'language': 'ar', 'user_type': 'registered', 'is_subscribed': True, 'trial_user': False, 'autoplay': False, 'is_background_play': False}",video,865,460.019,0.53
6681,55d2098b-7c7b-443a-9001-cc5d70b55b8d,4b36b2bb-fbcd-4b0d-afde-3f87a40bd5a0,click,2026-01-11 18:38:18.768433+00:00,,web-chrome,"{'country': 'SA', 'city': 'Riyadh', 'language': 'ar', 'user_type': 'registered', 'is_subscribed': True, 'trial_user': False, 'autoplay': False, 'is_background_play': True}",podcast,3425,,
6682,55d2098b-7c7b-443a-9001-cc5d70b55b8d,e6508881-5c76-41c6-b02a-c7f34232bf41,play,2026-01-11 18:37:18.768441+00:00,1743967.0,web-safari,"{'country': 'SA', 'city': 'Riyadh', 'language': 'ar', 'user_type': 'registered', 'is_subscribed': True, 'trial_user': False, 'autoplay': False, 'is_background_play': True}",podcast,3425,1743.967,0.51
6683,55d2098b-7c7b-443a-9001-cc5d70b55b8d,abb50d32-bca2-4077-ab94-c621e6ba68e6,finish,2026-01-11 18:54:18.768450+00:00,,web-safari,"{'country': 'SA', 'city': 'Riyadh', 'language': 'ar', 'user_type': 'registered', 'is_subscribed': True, 'trial_user': False, 'autoplay': False, 'is_background_play': False}",podcast,3425,,
6684,55d2098b-7c7b-443a-9001-cc5d70b55b8d,e9b1c466-301e-4a06-8dc3-687c551598ef,click,2026-01-11 18:06:18.768459+00:00,,web-chrome,"{'country': 'SA', 'city': 'Riyadh', 'language': 'ar', 'user_type': 'registered', 'is_subscribed': True, 'trial_user': False, 'autoplay': False, 'is_background_play': False}",podcast,3425,,
6685,55d2098b-7c7b-443a-9001-cc5d70b55b8d,b9e105ec-3e8e-4331-bad7-9aecf164180e,click,2026-01-11 18:13:18.768467+00:00,,android,"{'country': 'SA', 'city': 'Riyadh', 'language': 'ar', 'user_type': 'registered', 'is_subscribed': True, 'trial_user': False, 'autoplay': False, 'is_background_play': False}",podcast,3425,,
6686,55d2098b-7c7b-443a-9001-cc5d70b55b8d,cd6bb6d4-cc66-4185-87a0-4d900eb6e2e6,finish,2026-01-11 18:25:18.768476+00:00,1380657.0,android,"{'country': 'SA', 'city': 'Riyadh', 'language': 'ar', 'user_type': 'registered', 'is_subscribed': True, 'trial_user': False, 'autoplay': False, 'is_background_play': True}",podcast,3425,1380.657,0.4
6687,55d2098b-7c7b-443a-9001-cc5d70b55b8d,dddd48fb-d84d-4499-9d1d-64a5f8277845,play,2026-01-11 18:12:18.768485+00:00,234027.0,web-safari,"{'country': 'SA', 'city': 'Riyadh', 'language': 'ar', 'user_type': 'registered', 'is_subscribed': True, 'trial_user': False, 'autoplay': False, 'is_background_play': False}",podcast,3425,234.027,0.07
6688,55d2098b-7c7b-443a-9001-cc5d70b55b8d,94c603d4-5183-4df8-8bb8-719d279eec22,click,2026-01-11 18:24:18.768493+00:00,,web-chrome,"{'country': 'SA', 'city': 'Riyadh', 'language': 'ar', 'user_type': 'registered', 'is_subscribed': True, 'trial_user': False, 'autoplay': False, 'is_background_play': True}",podcast,3425,,
6689,55d2098b-7c7b-443a-9001-cc5d70b55b8d,c1cb3de0-b97d-4b75-baf9-a86d79d5e238,finish,2026-01-11 18:35:18.768502+00:00,,android,"{'country': 'SA', 'city': 'Riyadh', 'language': 'ar', 'user_type': 'registered', 'is_subscribed': True, 'trial_user': False, 'autoplay': False, 'is_background_play': True}",podcast,3425,,
6690,55d2098b-7c7b-443a-9001-cc5d70b55b8d,49765e49-4a8b-412b-8128-550f9bc532ad,play,2026-01-11 18:50:18.768511+00:00,,ios,"{'country': 'SA', 'city': 'Riyadh', 'language': 'ar', 'user_type': 'registered', 'is_subscribed': True, 'trial_user': False, 'autoplay': False, 'is_background_play': False}",podcast,3425,,
6691,55d2098b-7c7b-443a-9001-cc5d70b55b8d,6e27ae1d-dc76-4234-b2a0-a9c4b54c0694,click,2026-01-11 17:55:18.768519+00:00,,android,"{'country': 'SA', 'city': 'Riyadh', 'language': 'ar', 'user_type': 'registered', 'is_subscribed': True, 'trial_user': False, 'autoplay': False, 'is_background_play': False}",podcast,3425,,
6692,55d2098b-7c7b-443a-9001-cc5d70b55b8d,74eee7ac-d108-4282-9f9c-af8ddcdec0f9,click,2026-01-11 18:53:18.768527+00:00,,web-chrome,"{'country': 'SA', 'city': 'Riyadh', 'language': 'ar', 'user_type': 'registered', 'is_subscribed': True, 'trial_user': False, 'autoplay': False, 'is_background_play': False}",podcast,3425,,
6693,55d2098b-7c7b-443a-9001-cc5d70b55b8d,062e9a00-dd3f-45b9-a186-a983e2c1bc7c,click,2026-01-11 17:55:18.768536+00:00,,ios,"{'country': 'SA', 'city': 'Riyadh', 'language': 'ar', 'user_type': 'registered', 'is_subscribed': True, 'trial_user': False, 'autoplay': False, 'is_background_play': True}",podcast,3425,,
6694,55d2098b-7c7b-443a-9001-cc5d70b55b8d,feca619a-2918-46f4-820f-d92e1c36a97c,pause,2026-01-11 17:57:18.768544+00:00,2302870.0,web-chrome,"{'country': 'SA', 'city': 'Riyadh', 'language': 'ar', 'user_type': 'registered', 'is_subscribed': True, 'trial_user': False, 'autoplay': False, 'is_background_play': False}",podcast,3425,2302.87,0.67
6695,55d2098b-7c7b-443a-9001-cc5d70b55b8d,c94ee40d-0168-4d15-9e5b-bfaf264e0a7d,finish,2026-01-11 17:59:18.768553+00:00,740763.0,android,"{'country': 'SA', 'city': 'Riyadh', 'language': 'ar', 'user_type': 'registered', 'is_subscribed': True, 'trial_user': False, 'autoplay': False, 'is_background_play': False}",podcast,3425,740.763,0.22
6696,55d2098b-7c7b-443a-9001-cc5d70b55b8d,7c91c810-df09-4f10-8923-245d4f10e490,pause,2026-01-11 18:45:18.768562+00:00,199352.0,android,"{'country': 'SA', 'city': 'Riyadh', 'language': 'ar', 'user_type': 'registered', 'is_subscribed': True, 'trial_user': False, 'autoplay': False, 'is_background_play': False}",podcast,3425,199.352,0.06
6697,55d2098b-7c7b-443a-9001-cc5d70b55b8d,21034c5f-145d-41d7-9dcf-a1eef19edcd0,finish,2026-01-11 18:24:18.768571+00:00,256243.0,ios,"{'country': 'SA', 'city': 'Riyadh', 'language': 'ar', 'user_type': 'registered', 'is_subscribed': True, 'trial_user': False, 'autoplay': False, 'is_background_play': True}",podcast,3425,256.243,0.07
6698,55d2098b-7c7b-443a-9001-cc5d70b55b8d,b8956c3f-617b-4e72-9f8a-774d04495c91,pause,2026-01-11 18:00:18.768580+00:00,1337997.0,web-safari,"{'country': 'SA', 'city': 'Riyadh', 'language': 'ar', 'user_type': 'registered', 'is_subscribed': True, 'trial_user': False, 'autoplay': False, 'is_background_play': True}",podcast,3425,1337.997,0.39
6699,55d2098b-7c7b-443a-9001-cc5d70b55b8d,12322b9e-5812-4dc5-b111-cb86e276a5bd,finish,2026-01-11 18:44:18.768589+00:00,,web-chrome,"{'country': 'SA', 'city': 'Riyadh', 'language': 'ar', 'user_type': 'registered', 'is_subscribed': True, 'trial_user': False, 'autoplay': False, 'is_background_play': True}",podcast,3425,,
6700,55d2098b-7c7b-443a-9001-cc5d70b55b8d,fd69dcc0-f4b2-4944-b97a-5389fc1d47a3,finish,2026-01-11 18:25:18.768598+00:00,,ios,"{'country': 'SA', 'city': 'Riyadh', 'language': 'ar', 'user_type': 'registered', 'is_subscribed': True, 'trial_user': False, 'autoplay': False, 'is_background_play': True}",podcast,3425,,
6701,55d2098b-7c7b-443a-9001-cc5d70b55b8d,7d04bc8b-f521-456a-aeab-1e029e1bafdf,play,2026-01-11 18:29:18.768606+00:00,2264544.0,android,"{'country': 'SA', 'city': 'Riyadh', 'language': 'ar', 'user_type': 'registered', 'is_subscribed': True, 'trial_user': False, 'autoplay': False, 'is_background_play': False}",podcast,3425,2264.544,0.66
6702,55d2098b-7c7b-443a-9001-cc5d70b55b8d,a513c911-05e7-455b-9408-dc0a47441433,play,2026-01-11 18:21:18.768622+00:00,,web-chrome,"{'country': 'SA', 'city': 'Riyadh', 'language': 'ar', 'user_type': 'registered', 'is_subscribed': True, 'trial_user': False, 'autoplay': False, 'is_background_play': False}",podcast,3425,,
6703,55d2098b-7c7b-443a-9001-cc5d70b55b8d,df583278-aa4e-4444-9257-8829a38c86a4,click,2026-01-11 18:29:18.768631+00:00,,web-safari,"{'country': 'SA', 'city': 'Riyadh', 'language': 'ar', 'user_type': 'registered', 'is_subscribed': True, 'trial_user': False, 'autoplay': False, 'is_background_play': True}",podcast,3425,,
6704,55d2098b-7c7b-443a-9001-cc5d70b55b8d,cd9419b3-c521-49f9-b7e7-8076a19624bf,finish,2026-01-11 18:13:18.768640+00:00,2349889.0,web-chrome,"{'country': 'SA', 'city': 'Riyadh', 'language': 'ar', 'user_type': 'registered', 'is_subscribed': True, 'trial_user': False, 'autoplay': False, 'is_background_play': True}",podcast,3425,2349.889,0.69
6705,55d2098b-7c7b-443a-9001-cc5d70b55b8d,c5ad84ff-f09d-439e-9e5c-442d94ba30a7,finish,2026-01-11 18:16:18.768649+00:00,1607309.0,android,"{'country': 'SA', 'city': 'Riyadh', 'language': 'ar', 'user_type': 'registered', 'is_subscribed': True, 'trial_user': False, 'autoplay': False, 'is_background_play': False}",podcast,3425,1607.309,0.47
6706,55d2098b-7c7b-443a-9001-cc5d70b55b8d,e58995af-2111-4160-8ed0-d4d64c9605aa,play,2026-01-11 18:34:18.768658+00:00,530512.0,web-safari,"{'country': 'SA', 'city': 'Riyadh', 'language': 'ar', 'user_type': 'registered', 'is_subscribed': True, 'trial_user': False, 'autoplay': False, 'is_background_play': False}",podcast,3425,530.512,0.15
6707,55d2098b-7c7b-443a-9001-cc5d70b55b8d,21c03dae-3451-4a85-ac6f-0d17e471c55d,play,2026-01-11 18:49:18.768667+00:00,3243191.0,ios,"{'country': 'SA', 'city': 'Riyadh', 'language': 'ar', 'user_type': 'registered', 'is_subscribed': True, 'trial_user': False, 'autoplay': False, 'is_background_play': False}",podcast,3425,3243.191,0.95
6708,55d2098b-7c7b-443a-9001-cc5d70b55b8d,8f2f94c2-848b-4d68-ae15-7f3d4358c182,pause,2026-01-11 18:49:18.768676+00:00,1858610.0,web-chrome,"{'country': 'SA', 'city': 'Riyadh', 'language': 'ar', 'user_type': 'registered', 'is_subscribed': True, 'trial_user': False, 'autoplay': False, 'is_background_play': True}",podcast,3425,1858.61,0.54
6709,55d2098b-7c7b-443a-9001-cc5d70b55b8d,aaeb42b5-b962-46c4-a5d1-cb5aa1f05f8e,finish,2026-01-11 18:34:18.768685+00:00,,android,"{'country': 'SA', 'city': 'Riyadh', 'language': 'ar', 'user_type': 'registered', 'is_subscribed': True, 'trial_user': False, 'autoplay': False, 'is_background_play': True}",podcast,3425,,
6710,55d2098b-7c7b-443a-9001-cc5d70b55b8d,a80eb370-be1b-4b98-877c-4e6a94b62b65,pause,2026-01-11 18:10:18.768693+00:00,2324824.0,ios,"{'country': 'SA', 'city': 'Riyadh', 'language': 'ar', 'user_type': 'registered', 'is_subscribed': True, 'trial_user': False, 'autoplay': False, 'is_background_play': False}",podcast,3425,2324.824,0.68
6711,55d2098b-7c7b-443a-9001-cc5d70b55b8d,73d1ebff-9cef-4308-b251-94c3817f933c,click,2026-01-11 18:27:18.768702+00:00,,ios,"{'country': 'SA', 'city': 'Riyadh', 'language': 'ar', 'user_type': 'registered', 'is_subscribed': True, 'trial_user': False, 'autoplay': False, 'is_background_play': False}",podcast,3425,,
6712,55d2098b-7c7b-443a-9001-cc5d70b55b8d,37a95021-5cac-4e96-94b1-850bd8389843,play,2026-01-11 18:52:18.768711+00:00,1221685.0,android,"{'country': 'SA', 'city': 'Riyadh', 'language': 'ar', 'user_type': 'registered', 'is_subscribed': True, 'trial_user': False, 'autoplay': False, 'is_background_play': True}",podcast,3425,1221.685,0.36
6713,55d2098b-7c7b-443a-9001-cc5d70b55b8d,17ad3b91-1847-49ce-af13-e10497293f5e,pause,2026-01-11 18:46:18.768719+00:00,255612.0,android,"{'country': 'SA', 'city': 'Riyadh', 'language': 'ar', 'user_type': 'registered', 'is_subscribed': True, 'trial_user': False, 'autoplay': False, 'is_background_play': False}",podcast,3425,255.612,0.07
6714,55d2098b-7c7b-443a-9001-cc5d70b55b8d,75386205-85c9-4eb1-b097-ca16e58f01e3,click,2026-01-11 18:33:18.768729+00:00,,web-safari,"{'country': 'SA', 'city': 'Riyadh', 'language': 'ar', 'user_type': 'registered', 'is_subscribed': True, 'trial_user': False, 'autoplay': False, 'is_background_play': True}",podcast,3425,,
6715,55d2098b-7c7b-443a-9001-cc5d70b55b8d,bcb21ae3-11b5-4e0f-86af-0b875b14f30d,click,2026-01-11 18:44:18.768737+00:00,,web-chrome,"{'country': 'SA', 'city': 'Riyadh', 'language': 'ar', 'user_type': 'registered', 'is_subscribed': True, 'trial_user': False, 'autoplay': False, 'is_background_play': True}",podcast,3425,,
6716,55d2098b-7c7b-443a-9001-cc5d70b55b8d,3f1fbff9-ff22-45d1-8b4f-dc8eb377b9c2,pause,2026-01-11 18:20:18.768746+00:00,110996.0,web-safari,"{'country': 'SA', 'city': 'Riyadh', 'language': 'ar', 'user_type': 'registered', 'is_subscribed': True, 'trial_user': False, 'autoplay': False, 'is_background_play': True}",podcast,3425,110.996,0.03
6717,55d2098b-7c7b-443a-9001-cc5d70b55b8d,260da9c6-ab8a-476a-82ff-c4ca10b23a35,finish,2026-01-11 18:13:18.768755+00:00,1728912.0,android,"{'country': 'SA', 'city': 'Riyadh', 'language': 'ar', 'user_type': 'registered', 'is_subscribed': True, 'trial_user': False, 'autoplay': False, 'is_background_play': False}",podcast,3425,1728.912,0.5
6718,55d2098b-7c7b-443a-9001-cc5d70b55b8d,f5d0a2d0-2cbb-41bc-8ff7-9c5a5805cc99,pause,2026-01-11 18:33:18.768763+00:00,1630133.0,web-safari,"{'country': 'SA', 'city': 'Riyadh', 'language': 'ar', 'user_type': 'registered', 'is_subscribed': True, 'trial_user': False, 'autoplay': False, 'is_background_play': True}",podcast,3425,1630.133,0.48
6719,55d2098b-7c7b-443a-9001-cc5d70b55b8d,33657af7-bdb3-481b-91db-5f659419d0b3,pause,2026-01-11 18:11:18.768772+00:00,1705334.0,web-safari,"{'country': 'SA', 'city': 'Riyadh', 'language': 'ar', 'user_type': 'registered', 'is_subscribed': True, 'trial_user': False, 'autoplay': False, 'is_background_play': True}",podcast,3425,1705.334,0.5
6720,55d2098b-7c7b-443a-9001-cc5d70b55b8d,3df075f9-71fd-48d2-adbd-73fe583f64ab,finish,2026-01-11 18:23:18.768781+00:00,1429098.0,android,"{'country': 'SA', 'city': 'Riyadh', 'language': 'ar', 'user_type': 'registered', 'is_subscribed': True, 'trial_user': False, 'autoplay': False, 'is_background_play': True}",podcast,3425,1429.098,0.42
6721,e1a356cb-72f2-4a10-8e72-840e71c5be7a,5af28600-dc70-41ab-9cc3-635a1cb242fc,finish,2026-01-11 18:16:18.768790+00:00,423034.0,ios,"{'country': 'SA', 'city': 'Riyadh', 'language': 'ar', 'user_type': 'registered', 'is_subscribed': True, 'trial_user': False, 'autoplay': False, 'is_background_play': True}",podcast,2131,423.034,0.2
6722,e1a356cb-72f2-4a10-8e72-840e71c5be7a,8b418276-1f2b-4398-a42a-33a39178f504,pause,2026-01-11 18:06:18.768799+00:00,908146.0,web-safari,"{'country': 'SA', 'city': 'Riyadh', 'language': 'ar', 'user_type': 'registered', 'is_subscribed': True, 'trial_user': False, 'autoplay': False, 'is_background_play': False}",podcast,2131,908.146,0.43
6723,e1a356cb-72f2-4a10-8e72-840e71c5be7a,db1f4d55-34e2-4a52-a43d-7464cc02d49a,finish,2026-01-11 18:21:18.768808+00:00,1793560.0,android,"{'country': 'SA', 'city': 'Riyadh', 'language': 'ar', 'user_type': 'registered', 'is_subscribed': True, 'trial_user': False, 'autoplay': False, 'is_background_play': True}",podcast,2131,1793.56,0.84
6724,e1a356cb-72f2-4a10-8e72-840e71c5be7a,517823d0-fa9a-4a9f-b589-80237f1aa48d,finish,2026-01-11 18:26:18.768817+00:00,,web-safari,"{'country': 'SA', 'city': 'Riyadh', 'language': 'ar', 'user_type': 'registered', 'is_subscribed': True, 'trial_user': False, 'autoplay': False, 'is_background_play': False}",podcast,2131,,
6725,e1a356cb-72f2-4a10-8e72-840e71c5be7a,bb961450-2746-45ae-b07d-57d2616cd15b,click,2026-01-11 18:05:18.768825+00:00,,ios,"{'country': 'SA', 'city': 'Riyadh', 'language': 'ar', 'user_type': 'registered', 'is_subscribed': True, 'trial_user': False, 'autoplay': False, 'is_background_play': False}",podcast,2131,,
6726,e1a356cb-72f2-4a10-8e72-840e71c5be7a,2e55caed-074e-481a-8809-05df8e7c6ed7,finish,2026-01-11 18:16:18.768833+00:00,743936.0,android,"{'country': 'SA', 'city': 'Riyadh', 'language': 'ar', 'user_type': 'registered', 'is_subscribed': True, 'trial_user': False, 'autoplay': False, 'is_background_play': True}",podcast,2131,743.936,0.35
6727,e1a356cb-72f2-4a10-8e72-840e71c5be7a,1457d696-bac2-43d6-ad4c-9c0a8f252169,play,2026-01-11 18:35:18.768848+00:00,,ios,"{'country': 'SA', 'city': 'Riyadh', 'language': 'ar', 'user_type': 'registered', 'is_subscribed': True, 'trial_user': False, 'autoplay': False, 'is_background_play': False}",podcast,2131,,
6728,e1a356cb-72f2-4a10-8e72-840e71c5be7a,31753714-e904-4f8a-8c86-4967fbd68c83,click,2026-01-11 18:22:18.768857+00:00,,web-chrome,"{'country': 'SA', 'city': 'Riyadh', 'language': 'ar', 'user_type': 'registered', 'is_subscribed': True, 'trial_user': False, 'autoplay': False, 'is_background_play': False}",podcast,2131,,
6729,e1a356cb-72f2-4a10-8e72-840e71c5be7a,95460692-6937-44c8-be90-ac7e21ea21b3,finish,2026-01-11 18:45:18.768866+00:00,1050168.0,web-chrome,"{'country': 'SA', 'city': 'Riyadh', 'language': 'ar', 'user_type': 'registered', 'is_subscribed': True, 'trial_user': False, 'autoplay': False, 'is_background_play': True}",podcast,2131,1050.168,0.49
6730,e1a356cb-72f2-4a10-8e72-840e71c5be7a,2968c122-a6cc-43d2-b6f7-eedcdca3d557,pause,2026-01-11 18:17:18.768875+00:00,684432.0,ios,"{'country': 'SA', 'city': 'Riyadh', 'language': 'ar', 'user_type': 'registered', 'is_subscribed': True, 'trial_user': False, 'autoplay': False, 'is_background_play': False}",podcast,2131,684.432,0.32
6731,e1a356cb-72f2-4a10-8e72-840e71c5be7a,4aa143ad-4634-4db3-9550-9624957abefc,finish,2026-01-11 18:05:18.768883+00:00,1035715.0,android,"{'country': 'SA', 'city': 'Riyadh', 'language': 'ar', 'user_type': 'registered', 'is_subscribed': True, 'trial_user': False, 'autoplay': False, 'is_background_play': True}",podcast,2131,1035.715,0.49
6732,e1a356cb-72f2-4a10-8e72-840e71c5be7a,5fd9375c-e91a-4184-9acd-b02f43f20f5b,play,2026-01-11 18:12:18.768892+00:00,1748082.0,web-chrome,"{'country': 'SA', 'city': 'Riyadh', 'language': 'ar', 'user_type': 'registered', 'is_subscribed': True, 'trial_user': False, 'autoplay': False, 'is_background_play': False}",podcast,2131,1748.082,0.82
6733,e1a356cb-72f2-4a10-8e72-840e71c5be7a,17cca486-776b-4d12-927e-3f0fc3c90bde,finish,2026-01-11 18:44:18.768901+00:00,,web-chrome,"{'country': 'SA', 'city': 'Riyadh', 'language': 'ar', 'user_type': 'registered', 'is_subscribed': True, 'trial_user': False, 'autoplay': False, 'is_background_play': True}",podcast,2131,,
6734,e1a356cb-72f2-4a10-8e72-840e71c5be7a,c53eb4fe-4ec2-471a-b055-2870f81585b2,click,2026-01-11 18:27:18.768910+00:00,,web-chrome,"{'country': 'SA', 'city': 'Riyadh', 'language': 'ar', 'user_type': 'registered', 'is_subscribed': True, 'trial_user': False, 'autoplay': False, 'is_background_play': True}",podcast,2131,,
6735,e1a356cb-72f2-4a10-8e72-840e71c5be7a,85a3e94c-bd68-4969-8023-0d6c427352c7,finish,2026-01-11 18:51:18.768918+00:00,437431.0,ios,"{'country': 'SA', 'city': 'Riyadh', 'language': 'ar', 'user_type': 'registered', 'is_subscribed': True, 'trial_user': False, 'autoplay': False, 'is_background_play': False}",podcast,2131,437.431,0.21
6736,e1a356cb-72f2-4a10-8e72-840e71c5be7a,e31a1981-0a41-4e02-85a1-9f6f7db76204,finish,2026-01-11 18:34:18.768927+00:00,499182.0,ios,"{'country': 'SA', 'city': 'Riyadh', 'language': 'ar', 'user_type': 'registered', 'is_subscribed': True, 'trial_user': False, 'autoplay': False, 'is_background_play': False}",podcast,2131,499.182,0.23
6737,e1a356cb-72f2-4a10-8e72-840e71c5be7a,3eacde1c-eebe-49f7-8dc8-31d463de093e,play,2026-01-11 18:38:18.768936+00:00,1939662.0,ios,"{'country': 'SA', 'city': 'Riyadh', 'language': 'ar', 'user_type': 'registered', 'is_subscribed': True, 'trial_user': False, 'autoplay': False, 'is_background_play': False}",podcast,2131,1939.662,0.91
6738,e1a356cb-72f2-4a10-8e72-840e71c5be7a,82d3fcef-dc3d-462b-aa7e-07381f7903bb,finish,2026-01-11 18:20:18.768945+00:00,2120683.0,android,"{'country': 'SA', 'city': 'Riyadh', 'language': 'ar', 'user_type': 'registered', 'is_subscribed': True, 'trial_user': False, 'autoplay': False, 'is_background_play': False}",podcast,2131,2120.683,1.0
6739,e1a356cb-72f2-4a10-8e72-840e71c5be7a,a2a5704a-895b-4242-8e72-5aa56daeac3c,pause,2026-01-11 18:23:18.768953+00:00,,web-safari,"{'country': 'SA', 'city': 'Riyadh', 'language': 'ar', 'user_type': 'registered', 'is_subscribed': True, 'trial_user': False, 'autoplay': False, 'is_background_play': True}",podcast,2131,,
6740,e1a356cb-72f2-4a10-8e72-840e71c5be7a,6c9faaa1-cbc2-43a9-9ee2-a115652117eb,play,2026-01-11 18:48:18.768962+00:00,1447790.0,web-chrome,"{'country': 'SA', 'city': 'Riyadh', 'language': 'ar', 'user_type': 'registered', 'is_subscribed': True, 'trial_user': False, 'autoplay': False, 'is_background_play': False}",podcast,2131,1447.79,0.68
6741,e1a356cb-72f2-4a10-8e72-840e71c5be7a,80fadf80-92d9-4f87-846b-a8b7bae5be04,pause,2026-01-11 18:05:18.768971+00:00,1334864.0,web-chrome,"{'country': 'SA', 'city': 'Riyadh', 'language': 'ar', 'user_type': 'registered', 'is_subscribed': True, 'trial_user': False, 'autoplay': False, 'is_background_play': False}",podcast,2131,1334.864,0.63
6742,e1a356cb-72f2-4a10-8e72-840e71c5be7a,ec16ecbf-bf12-4d55-bebd-0a46fa6e0247,click,2026-01-11 18:06:18.768980+00:00,,ios,"{'country': 'SA', 'city': 'Riyadh', 'language': 'ar', 'user_type': 'registered', 'is_subscribed': True, 'trial_user': False, 'autoplay': False, 'is_background_play': True}",podcast,2131,,
6743,e1a356cb-72f2-4a10-8e72-840e71c5be7a,ded25910-1bf0-4a5f-977f-9932f32d73fa,click,2026-01-11 18:41:18.768989+00:00,,web-chrome,"{'country': 'SA', 'city': 'Riyadh', 'language': 'ar', 'user_type': 'registered', 'is_subscribed': True, 'trial_user': False, 'autoplay': False, 'is_background_play': False}",podcast,2131,,
6744,e1a356cb-72f2-4a10-8e72-840e71c5be7a,2179cba3-432e-4e37-b766-796459c72281,play,2026-01-11 18:02:18.768999+00:00,1682766.0,web-chrome,"{'country': 'SA', 'city': 'Riyadh', 'language': 'ar', 'user_type': 'registered', 'is_subscribed': True, 'trial_user': False, 'autoplay': False, 'is_background_play': False}",podcast,2131,1682.766,0.79
6745,e1a356cb-72f2-4a10-8e72-840e71c5be7a,6fcf3978-7af1-4872-8d56-545e14b1512e,click,2026-01-11 18:50:18.769010+00:00,,ios,"{'country': 'SA', 'city': 'Riyadh', 'language': 'ar', 'user_type': 'registered', 'is_subscribed': True, 'trial_user': False, 'autoplay': False, 'is_background_play': False}",podcast,2131,,
6746,e1a356cb-72f2-4a10-8e72-840e71c5be7a,7bc63251-fa90-4293-8e54-3c88b5f21da4,finish,2026-01-11 18:50:18.769019+00:00,21456.0,ios,"{'country': 'SA', 'city': 'Riyadh', 'language': 'ar', 'user_type': 'registered', 'is_subscribed': True, 'trial_user': False, 'autoplay': False, 'is_background_play': False}",podcast,2131,21.456,0.01
6747,e1a356cb-72f2-4a10-8e72-840e71c5be7a,2092da4a-5d15-4217-a04d-3a7ed7fa341f,click,2026-01-11 18:43:18.769028+00:00,,android,"{'country': 'SA', 'city': 'Riyadh', 'language': 'ar', 'user_type': 'registered', 'is_subscribed': True, 'trial_user': False, 'autoplay': False, 'is_background_play': False}",podcast,2131,,
6748,e1a356cb-72f2-4a10-8e72-840e71c5be7a,6d221c0d-24a1-4b45-b468-fdb3fa91f020,finish,2026-01-11 18:16:18.769037+00:00,1998303.0,android,"{'country': 'SA', 'city': 'Riyadh', 'language': 'ar', 'user_type': 'registered', 'is_subscribed': True, 'trial_user': False, 'autoplay': False, 'is_background_play': True}",podcast,2131,1998.303,0.94
6749,e1a356cb-72f2-4a10-8e72-840e71c5be7a,06226e3f-f67b-44b1-8462-18098a4e12de,pause,2026-01-11 18:01:18.769046+00:00,,ios,"{'country': 'SA', 'city': 'Riyadh', 'language': 'ar', 'user_type': 'registered', 'is_subscribed': True, 'trial_user': False, 'autoplay': False, 'is_background_play': False}",podcast,2131,,
6750,e1a356cb-72f2-4a10-8e72-840e71c5be7a,20cf80cd-95af-4849-aa9f-7a697bc0904b,pause,2026-01-11 18:48:18.769054+00:00,,ios,"{'country': 'SA', 'city': 'Riyadh', 'language': 'ar', 'user_type': 'registered', 'is_subscribed': True, 'trial_user': False, 'autoplay': False, 'is_background_play': True}",podcast,2131,,
6751,e1a356cb-72f2-4a10-8e72-840e71c5be7a,bfb349d0-665c-44a2-bf2e-e69fe17071ce,pause,2026-01-11 18:10:18.769063+00:00,1889950.0,ios,"{'country': 'SA', 'city': 'Riyadh', 'language': 'ar', 'user_type': 'registered', 'is_subscribed': True, 'trial_user': False, 'autoplay': False, 'is_background_play': True}",podcast,2131,1889.95,0.89
6752,e1a356cb-72f2-4a10-8e72-840e71c5be7a,af25f596-b3d4-486e-bd23-75edf643c306,click,2026-01-11 18:00:18.769078+00:00,,web-chrome,"{'country': 'SA', 'city': 'Riyadh', 'language': 'ar', 'user_type': 'registered', 'is_subscribed': True, 'trial_user': False, 'autoplay': False, 'is_background_play': False}",podcast,2131,,
6753,e1a356cb-72f2-4a10-8e72-840e71c5be7a,976b56f9-5423-4e91-905f-51ba4b894d77,finish,2026-01-11 18:54:18.769087+00:00,1228860.0,ios,"{'country': 'SA', 'city': 'Riyadh', 'language': 'ar', 'user_type': 'registered', 'is_subscribed': True, 'trial_user': False, 'autoplay': False, 'is_background_play': True}",podcast,2131,1228.86,0.58
6754,e1a356cb-72f2-4a10-8e72-840e71c5be7a,4fa1edf4-a0ee-432b-886c-b3a447d50f17,play,2026-01-11 18:43:18.769097+00:00,1530022.0,web-safari,"{'country': 'SA', 'city': 'Riyadh', 'language': 'ar', 'user_type': 'registered', 'is_subscribed': True, 'trial_user': False, 'autoplay': False, 'is_background_play': False}",podcast,2131,1530.022,0.72
6755,e1a356cb-72f2-4a10-8e72-840e71c5be7a,e41f3172-d99f-457c-a2ad-28d8a1a526e0,pause,2026-01-11 18:50:18.769106+00:00,441771.0,web-safari,"{'country': 'SA', 'city': 'Riyadh', 'language': 'ar', 'user_type': 'registered', 'is_subscribed': True, 'trial_user': False, 'autoplay': False, 'is_background_play': True}",podcast,2131,441.771,0.21
6756,e1a356cb-72f2-4a10-8e72-840e71c5be7a,afe6357e-416d-493a-9a10-816e951d7539,finish,2026-01-11 18:34:18.769115+00:00,1476130.0,web-safari,"{'country': 'SA', 'city': 'Riyadh', 'language': 'ar', 'user_type': 'registered', 'is_subscribed': True, 'trial_user': False, 'autoplay': False, 'is_background_play': False}",podcast,2131,1476.13,0.69
6757,e1a356cb-72f2-4a10-8e72-840e71c5be7a,b9d32f4b-e576-4700-bb42-efeb5025cac3,pause,2026-01-11 18:14:18.769124+00:00,1508885.0,android,"{'country': 'SA', 'city': 'Riyadh', 'language': 'ar', 'user_type': 'registered', 'is_subscribed': True, 'trial_user': False, 'autoplay': False, 'is_background_play': True}",podcast,2131,1508.885,0.71
6758,e1a356cb-72f2-4a10-8e72-840e71c5be7a,888aedf5-03a2-4c1c-9b2d-ff0abdca3e64,pause,2026-01-11 18:32:18.769133+00:00,967506.0,android,"{'country': 'SA', 'city': 'Riyadh', 'language': 'ar', 'user_type': 'registered', 'is_subscribed': True, 'trial_user': False, 'autoplay': False, 'is_background_play': False}",podcast,2131,967.506,0.45
6759,e1a356cb-72f2-4a10-8e72-840e71c5be7a,7bb7d7ed-1504-434a-aa64-734e1a024199,finish,2026-01-11 18:46:18.769142+00:00,469133.0,web-safari,"{'country': 'SA', 'city': 'Riyadh', 'language': 'ar', 'user_type': 'registered', 'is_subscribed': True, 'trial_user': False, 'autoplay': False, 'is_background_play': True}",podcast,2131,469.133,0.22
6760,e1a356cb-72f2-4a10-8e72-840e71c5be7a,e9940d40-5143-4975-980c-8f4c496a19d9,finish,2026-01-11 18:32:18.769151+00:00,,web-chrome,"{'country': 'SA', 'city': 'Riyadh', 'language': 'ar', 'user_type': 'registered', 'is_subscribed': True, 'trial_user': False, 'autoplay': False, 'is_background_play': False}",podcast,2131,,
6761,d6ad1897-a4e2-4570-8b55-73df3d6160e5,b8308115-3a2f-4e6b-b893-757c7ba58e3b,play,2026-01-11 18:04:18.769160+00:00,357353.0,web-safari,"{'country': 'SA', 'city': 'Riyadh', 'language': 'ar', 'user_type': 'registered', 'is_subscribed': True, 'trial_user': False, 'autoplay': False, 'is_background_play': False}",podcast,2997,357.353,0.12
6762,d6ad1897-a4e2-4570-8b55-73df3d6160e5,5debe2dd-b42b-4f16-a386-4c99d2673518,click,2026-01-11 18:17:18.769170+00:00,,ios,"{'country': 'SA', 'city': 'Riyadh', 'language': 'ar', 'user_type': 'registered', 'is_subscribed': True, 'trial_user': False, 'autoplay': False, 'is_background_play': True}",podcast,2997,,
6763,d6ad1897-a4e2-4570-8b55-73df3d6160e5,45be6005-cf96-4ded-8647-99093ad4539a,finish,2026-01-11 18:53:18.769180+00:00,462460.0,web-chrome,"{'country': 'SA', 'city': 'Riyadh', 'language': 'ar', 'user_type': 'registered', 'is_subscribed': True, 'trial_user': False, 'autoplay': False, 'is_background_play': True}",podcast,2997,462.46,0.15
6764,d6ad1897-a4e2-4570-8b55-73df3d6160e5,65c7ce65-8969-4f85-b2df-ef87f69cf78d,pause,2026-01-11 18:41:18.769190+00:00,2551327.0,ios,"{'country': 'SA', 'city': 'Riyadh', 'language': 'ar', 'user_type': 'registered', 'is_subscribed': True, 'trial_user': False, 'autoplay': False, 'is_background_play': False}",podcast,2997,2551.327,0.85
6765,d6ad1897-a4e2-4570-8b55-73df3d6160e5,abc39db2-bbaf-4fff-a8db-5c5d02f28eb7,pause,2026-01-11 17:55:18.769199+00:00,1151847.0,android,"{'country': 'SA', 'city': 'Riyadh', 'language': 'ar', 'user_type': 'registered', 'is_subscribed': True, 'trial_user': False, 'autoplay': False, 'is_background_play': True}",podcast,2997,1151.847,0.38
6766,d6ad1897-a4e2-4570-8b55-73df3d6160e5,9c8acd76-994b-47c6-828e-8826f000d401,finish,2026-01-11 18:05:18.769209+00:00,2057375.0,web-safari,"{'country': 'SA', 'city': 'Riyadh', 'language': 'ar', 'user_type': 'registered', 'is_subscribed': True, 'trial_user': False, 'autoplay': False, 'is_background_play': False}",podcast,2997,2057.375,0.69
6767,d6ad1897-a4e2-4570-8b55-73df3d6160e5,bcfa15d7-1134-4731-8e11-a1fd545592ca,pause,2026-01-11 18:15:18.769218+00:00,2249472.0,android,"{'country': 'SA', 'city': 'Riyadh', 'language': 'ar', 'user_type': 'registered', 'is_subscribed': True, 'trial_user': False, 'autoplay': False, 'is_background_play': False}",podcast,2997,2249.472,0.75
6768,d6ad1897-a4e2-4570-8b55-73df3d6160e5,f5682dbf-a5b3-495c-9010-adf75499eb94,play,2026-01-11 18:50:18.769228+00:00,692339.0,web-chrome,"{'country': 'SA', 'city': 'Riyadh', 'language': 'ar', 'user_type': 'registered', 'is_subscribed': True, 'trial_user': False, 'autoplay': False, 'is_background_play': True}",podcast,2997,692.339,0.23
6769,d6ad1897-a4e2-4570-8b55-73df3d6160e5,dc48233b-b0bf-4099-83ac-34d6805060e9,play,2026-01-11 18:25:18.769237+00:00,1522022.0,web-safari,"{'country': 'SA', 'city': 'Riyadh', 'language': 'ar', 'user_type': 'registered', 'is_subscribed': True, 'trial_user': False, 'autoplay': False, 'is_background_play': False}",podcast,2997,1522.022,0.51
6770,d6ad1897-a4e2-4570-8b55-73df3d6160e5,1ad48042-7cd4-4345-ad86-de2d76481b9d,play,2026-01-11 18:54:18.769247+00:00,2835052.0,web-safari,"{'country': 'SA', 'city': 'Riyadh', 'language': 'ar', 'user_type': 'registered', 'is_subscribed': True, 'trial_user': False, 'autoplay': False, 'is_background_play': False}",podcast,2997,2835.052,0.95
6771,d6ad1897-a4e2-4570-8b55-73df3d6160e5,3ca70156-9dd9-48e6-acad-b72dcafc55b4,play,2026-01-11 18:17:18.769256+00:00,,web-safari,"{'country': 'SA', 'city': 'Riyadh', 'language': 'ar', 'user_type': 'registered', 'is_subscribed': True, 'trial_user': False, 'autoplay': False, 'is_background_play': False}",podcast,2997,,
6772,d6ad1897-a4e2-4570-8b55-73df3d6160e5,5a44bb11-86af-4ca5-884a-618806ed22ec,click,2026-01-11 18:36:18.769265+00:00,,ios,"{'country': 'SA', 'city': 'Riyadh', 'language': 'ar', 'user_type': 'registered', 'is_subscribed': True, 'trial_user': False, 'autoplay': False, 'is_background_play': True}",podcast,2997,,
6773,d6ad1897-a4e2-4570-8b55-73df3d6160e5,4b5068ac-4afd-4ba6-98d8-b38b59d5239a,finish,2026-01-11 18:42:18.769273+00:00,1877616.0,web-safari,"{'country': 'SA', 'city': 'Riyadh', 'language': 'ar', 'user_type': 'registered', 'is_subscribed': True, 'trial_user': False, 'autoplay': False, 'is_background_play': True}",podcast,2997,1877.616,0.63
6774,d6ad1897-a4e2-4570-8b55-73df3d6160e5,c2dd97b1-be23-4166-b94a-2b27c77f36ae,click,2026-01-11 18:37:18.769282+00:00,,ios,"{'country': 'SA', 'city': 'Riyadh', 'language': 'ar', 'user_type': 'registered', 'is_subscribed': True, 'trial_user': False, 'autoplay': False, 'is_background_play': True}",podcast,2997,,
6775,d6ad1897-a4e2-4570-8b55-73df3d6160e5,6e866af8-95e1-40cd-8a44-2fec29bff599,play,2026-01-11 18:39:18.769290+00:00,1813716.0,ios,"{'country': 'SA', 'city': 'Riyadh', 'language': 'ar', 'user_type': 'registered', 'is_subscribed': True, 'trial_user': False, 'autoplay': False, 'is_background_play': False}",podcast,2997,1813.716,0.61
6776,d6ad1897-a4e2-4570-8b55-73df3d6160e5,dfe49f49-474a-4cad-8cbc-78a1eb2fc9dc,pause,2026-01-11 18:04:18.769299+00:00,80560.0,android,"{'country': 'SA', 'city': 'Riyadh', 'language': 'ar', 'user_type': 'registered', 'is_subscribed': True, 'trial_user': False, 'autoplay': False, 'is_background_play': True}",podcast,2997,80.56,0.03
6777,d6ad1897-a4e2-4570-8b55-73df3d6160e5,9f62f7d6-a301-4fac-b5b8-4d9ccd19187a,pause,2026-01-11 18:55:18.769315+00:00,624915.0,android,"{'country': 'SA', 'city': 'Riyadh', 'language': 'ar', 'user_type': 'registered', 'is_subscribed': True, 'trial_user': False, 'autoplay': False, 'is_background_play': True}",podcast,2997,624.915,0.21
6778,d6ad1897-a4e2-4570-8b55-73df3d6160e5,86b19e12-9c67-4bea-a8db-a8f829ceed87,finish,2026-01-11 18:50:18.769325+00:00,1763951.0,web-chrome,"{'country': 'SA', 'city': 'Riyadh', 'language': 'ar', 'user_type': 'registered', 'is_subscribed': True, 'trial_user': False, 'autoplay': False, 'is_background_play': True}",podcast,2997,1763.951,0.59
6779,d6ad1897-a4e2-4570-8b55-73df3d6160e5,247cdd6a-1ee5-41f6-9ca9-fbb165a70bcf,play,2026-01-11 18:11:18.769334+00:00,2083782.0,web-chrome,"{'country': 'SA', 'city': 'Riyadh', 'language': 'ar', 'user_type': 'registered', 'is_subscribed': True, 'trial_user': False, 'autoplay': False, 'is_background_play': True}",podcast,2997,2083.782,0.7
6780,d6ad1897-a4e2-4570-8b55-73df3d6160e5,13af7c66-ed63-412d-9fbe-649b76ac918d,finish,2026-01-11 18:23:18.769343+00:00,,web-safari,"{'country': 'SA', 'city': 'Riyadh', 'language': 'ar', 'user_type': 'registered', 'is_subscribed': True, 'trial_user': False, 'autoplay': False, 'is_background_play': True}",podcast,2997,,
6781,d6ad1897-a4e2-4570-8b55-73df3d6160e5,89c1aa55-5df6-402d-bb02-9f426b0d815e,click,2026-01-11 18:15:18.769352+00:00,,web-chrome,"{'country': 'SA', 'city': 'Riyadh', 'language': 'ar', 'user_type': 'registered', 'is_subscribed': True, 'trial_user': False, 'autoplay': False, 'is_background_play': False}",podcast,2997,,
6782,d6ad1897-a4e2-4570-8b55-73df3d6160e5,651591fb-a3f5-4a1a-8f01-a64015151943,finish,2026-01-11 18:02:18.769361+00:00,1110571.0,web-safari,"{'country': 'SA', 'city': 'Riyadh', 'language': 'ar', 'user_type': 'registered', 'is_subscribed': True, 'trial_user': False, 'autoplay': False, 'is_background_play': True}",podcast,2997,1110.571,0.37
6783,d6ad1897-a4e2-4570-8b55-73df3d6160e5,dc04e9bb-c294-4f4f-80ef-49e444278399,finish,2026-01-11 18:42:18.769370+00:00,474000.0,web-chrome,"{'country': 'SA', 'city': 'Riyadh', 'language': 'ar', 'user_type': 'registered', 'is_subscribed': True, 'trial_user': False, 'autoplay': False, 'is_background_play': True}",podcast,2997,474.0,0.16
6784,d6ad1897-a4e2-4570-8b55-73df3d6160e5,34fbca51-88a8-4104-846f-7889210036b3,pause,2026-01-11 18:41:18.769379+00:00,1666018.0,web-chrome,"{'country': 'SA', 'city': 'Riyadh', 'language': 'ar', 'user_type': 'registered', 'is_subscribed': True, 'trial_user': False, 'autoplay': False, 'is_background_play': True}",podcast,2997,1666.018,0.56
6785,d6ad1897-a4e2-4570-8b55-73df3d6160e5,0749d569-ec11-4014-8c21-18f9fdc7b353,finish,2026-01-11 18:44:18.769388+00:00,1544489.0,android,"{'country': 'SA', 'city': 'Riyadh', 'language': 'ar', 'user_type': 'registered', 'is_subscribed': True, 'trial_user': False, 'autoplay': False, 'is_background_play': False}",podcast,2997,1544.489,0.52
6786,d6ad1897-a4e2-4570-8b55-73df3d6160e5,f741f697-e262-49ef-a945-85e27461e85d,click,2026-01-11 18:00:18.769398+00:00,,ios,"{'country': 'SA', 'city': 'Riyadh', 'language': 'ar', 'user_type': 'registered', 'is_subscribed': True, 'trial_user': False, 'autoplay': False, 'is_background_play': True}",podcast,2997,,
6787,d6ad1897-a4e2-4570-8b55-73df3d6160e5,3106b166-2918-4070-a4d9-5b0062288ad8,finish,2026-01-11 18:16:18.769406+00:00,2450172.0,web-safari,"{'country': 'SA', 'city': 'Riyadh', 'language': 'ar', 'user_type': 'registered', 'is_subscribed': True, 'trial_user': False, 'autoplay': False, 'is_background_play': True}",podcast,2997,2450.172,0.82
6788,d6ad1897-a4e2-4570-8b55-73df3d6160e5,dfdf8152-d3c7-4bef-b006-2c3845e31678,play,2026-01-11 18:01:18.769415+00:00,,web-chrome,"{'country': 'SA', 'city': 'Riyadh', 'language': 'ar', 'user_type': 'registered', 'is_subscribed': True, 'trial_user': False, 'autoplay': False, 'is_background_play': False}",podcast,2997,,
6789,d6ad1897-a4e2-4570-8b55-73df3d6160e5,c1a72c46-faf6-43f7-88e5-a4c3b05d027d,click,2026-01-11 18:31:18.769424+00:00,,android,"{'country': 'SA', 'city': 'Riyadh', 'language': 'ar', 'user_type': 'registered', 'is_subscribed': True, 'trial_user': False, 'autoplay': False, 'is_background_play': True}",podcast,2997,,
6790,d6ad1897-a4e2-4570-8b55-73df3d6160e5,539018a0-ddaf-46ba-b323-c43b644a8c4a,play,2026-01-11 18:35:18.769432+00:00,2939836.0,web-safari,"{'country': 'SA', 'city': 'Riyadh', 'language': 'ar', 'user_type': 'registered', 'is_subscribed': True, 'trial_user': False, 'autoplay': False, 'is_background_play': True}",podcast,2997,2939.836,0.98
6791,d6ad1897-a4e2-4570-8b55-73df3d6160e5,c45dfe2c-004f-4ca3-b059-f3f894d2e1fa,play,2026-01-11 18:37:18.769441+00:00,1370072.0,ios,"{'country': 'SA', 'city': 'Riyadh', 'language': 'ar', 'user_type': 'registered', 'is_subscribed': True, 'trial_user': False, 'autoplay': False, 'is_background_play': False}",podcast,2997,1370.072,0.46
6792,d6ad1897-a4e2-4570-8b55-73df3d6160e5,a6021653-4087-4396-8b5c-dcf2861d84cb,finish,2026-01-11 18:25:18.769450+00:00,504670.0,ios,"{'country': 'SA', 'city': 'Riyadh', 'language': 'ar', 'user_type': 'registered', 'is_subscribed': True, 'trial_user': False, 'autoplay': False, 'is_background_play': True}",podcast,2997,504.67,0.17
6793,d6ad1897-a4e2-4570-8b55-73df3d6160e5,cba08f8a-204b-4aba-bbaa-e1f99e7e877d,finish,2026-01-11 18:17:18.769459+00:00,,web-safari,"{'country': 'SA', 'city': 'Riyadh', 'language': 'ar', 'user_type': 'registered', 'is_subscribed': True, 'trial_user': False, 'autoplay': False, 'is_background_play': True}",podcast,2997,,
6794,d6ad1897-a4e2-4570-8b55-73df3d6160e5,122488e3-3d38-4f75-817b-beef47e98a4c,pause,2026-01-11 18:37:18.769467+00:00,1521270.0,web-safari,"{'country': 'SA', 'city': 'Riyadh', 'language': 'ar', 'user_type': 'registered', 'is_subscribed': True, 'trial_user': False, 'autoplay': False, 'is_background_play': False}",podcast,2997,1521.27,0.51
6795,d6ad1897-a4e2-4570-8b55-73df3d6160e5,b9a87da0-9d61-4dc9-8b82-ce1c3457f10f,click,2026-01-11 18:29:18.769476+00:00,,android,"{'country': 'SA', 'city': 'Riyadh', 'language': 'ar', 'user_type': 'registered', 'is_subscribed': True, 'trial_user': False, 'autoplay': False, 'is_background_play': True}",podcast,2997,,
6796,d6ad1897-a4e2-4570-8b55-73df3d6160e5,7e140082-6809-4dff-8dfc-e96ffb8ed650,pause,2026-01-11 18:08:18.769485+00:00,,web-chrome,"{'country': 'SA', 'city': 'Riyadh', 'language': 'ar', 'user_type': 'registered', 'is_subscribed': True, 'trial_user': False, 'autoplay': False, 'is_background_play': False}",podcast,2997,,
6797,d6ad1897-a4e2-4570-8b55-73df3d6160e5,74aace68-1435-4a87-b305-635529c9d1e4,pause,2026-01-11 18:28:18.769493+00:00,,web-safari,"{'country': 'SA', 'city': 'Riyadh', 'language': 'ar', 'user_type': 'registered', 'is_subscribed': True, 'trial_user': False, 'autoplay': False, 'is_background_play': True}",podcast,2997,,
6798,d6ad1897-a4e2-4570-8b55-73df3d6160e5,51d3989a-4fb8-4ec2-9f0c-232be531759a,finish,2026-01-11 18:18:18.769502+00:00,2250812.0,web-safari,"{'country': 'SA', 'city': 'Riyadh', 'language': 'ar', 'user_type': 'registered', 'is_subscribed': True, 'trial_user': False, 'autoplay': False, 'is_background_play': False}",podcast,2997,2250.812,0.75
6799,d6ad1897-a4e2-4570-8b55-73df3d6160e5,fd4efc66-5dba-4809-a700-1f068d2ff6b2,pause,2026-01-11 18:17:18.769511+00:00,,web-chrome,"{'country': 'SA', 'city': 'Riyadh', 'language': 'ar', 'user_type': 'registered', 'is_subscribed': True, 'trial_user': False, 'autoplay': False, 'is_background_play': False}",podcast,2997,,
6800,d6ad1897-a4e2-4570-8b55-73df3d6160e5,c4bbdb2a-ee16-415b-8b96-065454a2030b,pause,2026-01-11 18:49:18.769519+00:00,,web-safari,"{'country': 'SA', 'city': 'Riyadh', 'language': 'ar', 'user_type': 'registered', 'is_subscribed': True, 'trial_user': False, 'autoplay': False, 'is_background_play': False}",podcast,2997,,
6801,07151941-1df7-4380-94e2-150ee3a8ec64,b0dba648-19a8-4ecf-b3a4-923d03a3724f,click,2026-01-11 17:55:18.769528+00:00,,ios,"{'country': 'SA', 'city': 'Riyadh', 'language': 'ar', 'user_type': 'registered', 'is_subscribed': True, 'trial_user': False, 'autoplay': False, 'is_background_play': False}",video,983,,
6802,07151941-1df7-4380-94e2-150ee3a8ec64,2a6fe107-433e-4a15-9b5c-9c09af4d631e,click,2026-01-11 18:25:18.769543+00:00,,ios,"{'country': 'SA', 'city': 'Riyadh', 'language': 'ar', 'user_type': 'registered', 'is_subscribed': True, 'trial_user': False, 'autoplay': False, 'is_background_play': False}",video,983,,
6803,07151941-1df7-4380-94e2-150ee3a8ec64,e5db3487-9067-4f31-9f7a-5dc0cbebddd7,finish,2026-01-11 18:20:18.769553+00:00,342851.0,web-safari,"{'country': 'SA', 'city': 'Riyadh', 'language': 'ar', 'user_type': 'registered', 'is_subscribed': True, 'trial_user': False, 'autoplay': False, 'is_background_play': True}",video,983,342.851,0.35
6804,07151941-1df7-4380-94e2-150ee3a8ec64,ded0bacd-2f7a-4630-bbf9-b23461a31ac5,pause,2026-01-11 18:15:18.769562+00:00,613432.0,web-chrome,"{'country': 'SA', 'city': 'Riyadh', 'language': 'ar', 'user_type': 'registered', 'is_subscribed': True, 'trial_user': False, 'autoplay': False, 'is_background_play': False}",video,983,613.432,0.62
6805,07151941-1df7-4380-94e2-150ee3a8ec64,df9b35f5-cc0a-43f2-b717-49fc9b9f4564,finish,2026-01-11 18:27:18.769571+00:00,,web-safari,"{'country': 'SA', 'city': 'Riyadh', 'language': 'ar', 'user_type': 'registered', 'is_subscribed': True, 'trial_user': False, 'autoplay': False, 'is_background_play': False}",video,983,,
6806,07151941-1df7-4380-94e2-150ee3a8ec64,b4cf08b2-ff6f-4ac7-9457-6050e427a113,play,2026-01-11 18:37:18.769580+00:00,325542.0,web-chrome,"{'country': 'SA', 'city': 'Riyadh', 'language': 'ar', 'user_type': 'registered', 'is_subscribed': True, 'trial_user': False, 'autoplay': False, 'is_background_play': True}",video,983,325.542,0.33
6807,07151941-1df7-4380-94e2-150ee3a8ec64,28ed01a3-b9aa-4ad2-ad32-24e6ea9015a9,pause,2026-01-11 18:24:18.769589+00:00,601730.0,android,"{'country': 'SA', 'city': 'Riyadh', 'language': 'ar', 'user_type': 'registered', 'is_subscribed': True, 'trial_user': False, 'autoplay': False, 'is_background_play': True}",video,983,601.73,0.61
6808,07151941-1df7-4380-94e2-150ee3a8ec64,f7cbf6f4-0899-4ff0-a4c1-cb94dc35b5f0,finish,2026-01-11 17:59:18.769598+00:00,,web-safari,"{'country': 'SA', 'city': 'Riyadh', 'language': 'ar', 'user_type': 'registered', 'is_subscribed': True, 'trial_user': False, 'autoplay': False, 'is_background_play': False}",video,983,,
6809,07151941-1df7-4380-94e2-150ee3a8ec64,a0243317-decd-4614-a91d-008bad261e4a,pause,2026-01-11 18:01:18.769606+00:00,780037.0,android,"{'country': 'SA', 'city': 'Riyadh', 'language': 'ar', 'user_type': 'registered', 'is_subscribed': True, 'trial_user': False, 'autoplay': False, 'is_background_play': False}",video,983,780.037,0.79
6810,07151941-1df7-4380-94e2-150ee3a8ec64,dc4e4c3a-acf2-4583-86e3-3cc132ea69d6,click,2026-01-11 18:38:18.769616+00:00,,web-safari,"{'country': 'SA', 'city': 'Riyadh', 'language': 'ar', 'user_type': 'registered', 'is_subscribed': True, 'trial_user': False, 'autoplay': False, 'is_background_play': True}",video,983,,
6811,07151941-1df7-4380-94e2-150ee3a8ec64,d76b557a-5ef1-48da-9ae8-a0b73507f2de,click,2026-01-11 18:23:18.769624+00:00,,android,"{'country': 'SA', 'city': 'Riyadh', 'language': 'ar', 'user_type': 'registered', 'is_subscribed': True, 'trial_user': False, 'autoplay': False, 'is_background_play': True}",video,983,,
6812,07151941-1df7-4380-94e2-150ee3a8ec64,bbaa1f9c-dc49-4af2-8f58-525d71fcb295,click,2026-01-11 18:27:18.769633+00:00,,android,"{'country': 'SA', 'city': 'Riyadh', 'language': 'ar', 'user_type': 'registered', 'is_subscribed': True, 'trial_user': False, 'autoplay': False, 'is_background_play': False}",video,983,,
6813,07151941-1df7-4380-94e2-150ee3a8ec64,b819da2e-da90-41cd-b88d-bdb394cb965e,play,2026-01-11 18:42:18.769641+00:00,289307.0,web-safari,"{'country': 'SA', 'city': 'Riyadh', 'language': 'ar', 'user_type': 'registered', 'is_subscribed': True, 'trial_user': False, 'autoplay': False, 'is_background_play': True}",video,983,289.307,0.29
6814,07151941-1df7-4380-94e2-150ee3a8ec64,e701a795-4294-4b03-900b-79d3e6262602,pause,2026-01-11 18:08:18.769650+00:00,532278.0,android,"{'country': 'SA', 'city': 'Riyadh', 'language': 'ar', 'user_type': 'registered', 'is_subscribed': True, 'trial_user': False, 'autoplay': False, 'is_background_play': True}",video,983,532.278,0.54
6815,07151941-1df7-4380-94e2-150ee3a8ec64,ed18121e-f305-4b28-9963-7d30f1cf7a43,play,2026-01-11 18:46:18.769659+00:00,781694.0,web-safari,"{'country': 'SA', 'city': 'Riyadh', 'language': 'ar', 'user_type': 'registered', 'is_subscribed': True, 'trial_user': False, 'autoplay': False, 'is_background_play': False}",video,983,781.694,0.8
6816,07151941-1df7-4380-94e2-150ee3a8ec64,9102932c-f4d5-445f-b49c-67dc79e845ed,play,2026-01-11 18:36:18.769669+00:00,718558.0,web-safari,"{'country': 'SA', 'city': 'Riyadh', 'language': 'ar', 'user_type': 'registered', 'is_subscribed': True, 'trial_user': False, 'autoplay': False, 'is_background_play': False}",video,983,718.558,0.73
6817,07151941-1df7-4380-94e2-150ee3a8ec64,48b824d3-a361-4e32-ba9a-14188bb196be,pause,2026-01-11 18:51:18.769678+00:00,509025.0,android,"{'country': 'SA', 'city': 'Riyadh', 'language': 'ar', 'user_type': 'registered', 'is_subscribed': True, 'trial_user': False, 'autoplay': False, 'is_background_play': False}",video,983,509.025,0.52
6818,07151941-1df7-4380-94e2-150ee3a8ec64,3dc53e55-7ccc-4a80-a1e9-acd843403834,play,2026-01-11 18:30:18.769687+00:00,634774.0,web-chrome,"{'country': 'SA', 'city': 'Riyadh', 'language': 'ar', 'user_type': 'registered', 'is_subscribed': True, 'trial_user': False, 'autoplay': False, 'is_background_play': False}",video,983,634.774,0.65
6819,07151941-1df7-4380-94e2-150ee3a8ec64,c1f931ec-405a-48b8-8a18-bf1b53683a33,pause,2026-01-11 18:51:18.769697+00:00,848945.0,android,"{'country': 'SA', 'city': 'Riyadh', 'language': 'ar', 'user_type': 'registered', 'is_subscribed': True, 'trial_user': False, 'autoplay': False, 'is_background_play': False}",video,983,848.945,0.86
6820,07151941-1df7-4380-94e2-150ee3a8ec64,5312553f-a37a-417e-b443-cccb68f5cadc,finish,2026-01-11 18:15:18.769705+00:00,,android,"{'country': 'SA', 'city': 'Riyadh', 'language': 'ar', 'user_type': 'registered', 'is_subscribed': True, 'trial_user': False, 'autoplay': False, 'is_background_play': False}",video,983,,
6821,07151941-1df7-4380-94e2-150ee3a8ec64,7bc4546b-7667-4704-8230-613ac561c798,finish,2026-01-11 18:45:18.769714+00:00,159060.0,android,"{'country': 'SA', 'city': 'Riyadh', 'language': 'ar', 'user_type': 'registered', 'is_subscribed': True, 'trial_user': False, 'autoplay': False, 'is_background_play': True}",video,983,159.06,0.16
6822,07151941-1df7-4380-94e2-150ee3a8ec64,328a504c-3f89-401a-8c2a-869730aa8c00,play,2026-01-11 18:11:18.769723+00:00,893264.0,web-safari,"{'country': 'SA', 'city': 'Riyadh', 'language': 'ar', 'user_type': 'registered', 'is_subscribed': True, 'trial_user': False, 'autoplay': False, 'is_background_play': True}",video,983,893.264,0.91
6823,07151941-1df7-4380-94e2-150ee3a8ec64,e2cccbda-236c-42ae-a2c0-efaa43518b73,finish,2026-01-11 18:12:18.769732+00:00,,ios,"{'country': 'SA', 'city': 'Riyadh', 'language': 'ar', 'user_type': 'registered', 'is_subscribed': True, 'trial_user': False, 'autoplay': False, 'is_background_play': True}",video,983,,
6824,07151941-1df7-4380-94e2-150ee3a8ec64,11b2dacf-e5bf-44ef-8574-b285d71b56f1,finish,2026-01-11 18:18:18.769741+00:00,,web-chrome,"{'country': 'SA', 'city': 'Riyadh', 'language': 'ar', 'user_type': 'registered', 'is_subscribed': True, 'trial_user': False, 'autoplay': False, 'is_background_play': True}",video,983,,
6825,07151941-1df7-4380-94e2-150ee3a8ec64,0c4d5f5a-d222-4e03-a075-5dba5a1a22bc,pause,2026-01-11 18:20:18.769749+00:00,,web-chrome,"{'country': 'SA', 'city': 'Riyadh', 'language': 'ar', 'user_type': 'registered', 'is_subscribed': True, 'trial_user': False, 'autoplay': False, 'is_background_play': False}",video,983,,
6826,07151941-1df7-4380-94e2-150ee3a8ec64,a510e4c3-a792-4d0c-82fd-aaf66c659324,finish,2026-01-11 18:19:18.769758+00:00,581497.0,ios,"{'country': 'SA', 'city': 'Riyadh', 'language': 'ar', 'user_type': 'registered', 'is_subscribed': True, 'trial_user': False, 'autoplay': False, 'is_background_play': True}",video,983,581.497,0.59
6827,07151941-1df7-4380-94e2-150ee3a8ec64,958e97ad-f09a-4bf9-ad37-b62bd6e174c9,pause,2026-01-11 18:09:18.769773+00:00,269034.0,ios,"{'country': 'SA', 'city': 'Riyadh', 'language': 'ar', 'user_type': 'registered', 'is_subscribed': True, 'trial_user': False, 'autoplay': False, 'is_background_play': True}",video,983,269.034,0.27
6828,07151941-1df7-4380-94e2-150ee3a8ec64,1fc7cc54-55fd-4df1-a527-9f9a4b0f929c,finish,2026-01-11 18:43:18.769783+00:00,391087.0,ios,"{'country': 'SA', 'city': 'Riyadh', 'language': 'ar', 'user_type': 'registered', 'is_subscribed': True, 'trial_user': False, 'autoplay': False, 'is_background_play': False}",video,983,391.087,0.4
6829,07151941-1df7-4380-94e2-150ee3a8ec64,1b55d6c9-9536-4bf9-ac9d-d93665979f05,finish,2026-01-11 18:02:18.769792+00:00,869860.0,ios,"{'country': 'SA', 'city': 'Riyadh', 'language': 'ar', 'user_type': 'registered', 'is_subscribed': True, 'trial_user': False, 'autoplay': False, 'is_background_play': True}",video,983,869.86,0.88
6830,07151941-1df7-4380-94e2-150ee3a8ec64,d8a767b7-bcbd-41bd-aac7-70112e6141f1,finish,2026-01-11 18:44:18.769801+00:00,977873.0,android,"{'country': 'SA', 'city': 'Riyadh', 'language': 'ar', 'user_type': 'registered', 'is_subscribed': True, 'trial_user': False, 'autoplay': False, 'is_background_play': True}",video,983,977.873,0.99
6831,07151941-1df7-4380-94e2-150ee3a8ec64,3519b7fd-8d8a-4af0-a4e6-0422b08a0808,finish,2026-01-11 18:45:18.769810+00:00,545289.0,ios,"{'country': 'SA', 'city': 'Riyadh', 'language': 'ar', 'user_type': 'registered', 'is_subscribed': True, 'trial_user': False, 'autoplay': False, 'is_background_play': True}",video,983,545.289,0.55
6832,07151941-1df7-4380-94e2-150ee3a8ec64,7b334c4b-7d86-48b5-9f51-86affeb7af48,finish,2026-01-11 18:09:18.769819+00:00,25845.0,android,"{'country': 'SA', 'city': 'Riyadh', 'language': 'ar', 'user_type': 'registered', 'is_subscribed': True, 'trial_user': False, 'autoplay': False, 'is_background_play': True}",video,983,25.845,0.03
6833,07151941-1df7-4380-94e2-150ee3a8ec64,91dcf05a-d7a2-4dd5-9271-c19a81a717b8,click,2026-01-11 18:34:18.769828+00:00,,ios,"{'country': 'SA', 'city': 'Riyadh', 'language': 'ar', 'user_type': 'registered', 'is_subscribed': True, 'trial_user': False, 'autoplay': False, 'is_background_play': False}",video,983,,
6834,07151941-1df7-4380-94e2-150ee3a8ec64,ce777e85-c0a6-44a7-a85b-690ad3b502c8,pause,2026-01-11 18:18:18.769836+00:00,540378.0,android,"{'country': 'SA', 'city': 'Riyadh', 'language': 'ar', 'user_type': 'registered', 'is_subscribed': True, 'trial_user': False, 'autoplay': False, 'is_background_play': False}",video,983,540.378,0.55
6835,07151941-1df7-4380-94e2-150ee3a8ec64,40097cf8-1ad7-4b22-8c1b-f794e818d011,click,2026-01-11 18:17:18.769845+00:00,,web-chrome,"{'country': 'SA', 'city': 'Riyadh', 'language': 'ar', 'user_type': 'registered', 'is_subscribed': True, 'trial_user': False, 'autoplay': False, 'is_background_play': False}",video,983,,
6836,07151941-1df7-4380-94e2-150ee3a8ec64,8405a195-0041-49f5-8a39-6f3ef486ec67,click,2026-01-11 18:43:18.769854+00:00,,android,"{'country': 'SA', 'city': 'Riyadh', 'language': 'ar', 'user_type': 'registered', 'is_subscribed': True, 'trial_user': False, 'autoplay': False, 'is_background_play': True}",video,983,,
6837,07151941-1df7-4380-94e2-150ee3a8ec64,e12a4d0c-7019-476f-865d-8d14a9bbb6f7,pause,2026-01-11 18:04:18.769863+00:00,,android,"{'country': 'SA', 'city': 'Riyadh', 'language': 'ar', 'user_type': 'registered', 'is_subscribed': True, 'trial_user': False, 'autoplay': False, 'is_background_play': True}",video,983,,
6838,07151941-1df7-4380-94e2-150ee3a8ec64,29c7fd88-1bdc-408e-aec4-446e36f1b328,finish,2026-01-11 18:26:18.769871+00:00,,ios,"{'country': 'SA', 'city': 'Riyadh', 'language': 'ar', 'user_type': 'registered', 'is_subscribed': True, 'trial_user': False, 'autoplay': False, 'is_background_play': True}",video,983,,
6839,07151941-1df7-4380-94e2-150ee3a8ec64,22333314-5356-49e5-8ee3-600bae8cf301,play,2026-01-11 18:16:18.769880+00:00,409413.0,web-chrome,"{'country': 'SA', 'city': 'Riyadh', 'language': 'ar', 'user_type': 'registered', 'is_subscribed': True, 'trial_user': False, 'autoplay': False, 'is_background_play': True}",video,983,409.413,0.42
6840,07151941-1df7-4380-94e2-150ee3a8ec64,d1fc2bc1-55b0-44e2-be84-5146e6719bcf,pause,2026-01-11 18:19:18.769889+00:00,,web-safari,"{'country': 'SA', 'city': 'Riyadh', 'language': 'ar', 'user_type': 'registered', 'is_subscribed': True, 'trial_user': False, 'autoplay': False, 'is_background_play': False}",video,983,,
6841,bb206580-7891-41aa-8e5d-c99fb90839d3,c0d8728f-f21a-467a-ad03-0d608d5045f8,finish,2026-01-11 18:46:18.769897+00:00,2313575.0,web-safari,"{'country': 'SA', 'city': 'Riyadh', 'language': 'ar', 'user_type': 'registered', 'is_subscribed': True, 'trial_user': False, 'autoplay': False, 'is_background_play': False}",podcast,2736,2313.575,0.85
6842,bb206580-7891-41aa-8e5d-c99fb90839d3,e15782c6-201b-4a6a-b3d2-10c601b49e8e,finish,2026-01-11 18:30:18.769907+00:00,2067143.0,web-safari,"{'country': 'SA', 'city': 'Riyadh', 'language': 'ar', 'user_type': 'registered', 'is_subscribed': True, 'trial_user': False, 'autoplay': False, 'is_background_play': True}",podcast,2736,2067.143,0.76
6843,bb206580-7891-41aa-8e5d-c99fb90839d3,93cbe931-ea5f-4fb7-b23d-a459bca63c93,pause,2026-01-11 18:04:18.769916+00:00,1065138.0,web-chrome,"{'country': 'SA', 'city': 'Riyadh', 'language': 'ar', 'user_type': 'registered', 'is_subscribed': True, 'trial_user': False, 'autoplay': False, 'is_background_play': True}",podcast,2736,1065.138,0.39
6844,bb206580-7891-41aa-8e5d-c99fb90839d3,0dafa4a9-5780-4268-ae62-6c7671e5dcee,play,2026-01-11 18:03:18.769925+00:00,1376694.0,ios,"{'country': 'SA', 'city': 'Riyadh', 'language': 'ar', 'user_type': 'registered', 'is_subscribed': True, 'trial_user': False, 'autoplay': False, 'is_background_play': True}",podcast,2736,1376.694,0.5
6845,bb206580-7891-41aa-8e5d-c99fb90839d3,dd75b40a-50c8-4617-84de-101366bd8aa1,click,2026-01-11 18:04:18.769934+00:00,,web-safari,"{'country': 'SA', 'city': 'Riyadh', 'language': 'ar', 'user_type': 'registered', 'is_subscribed': True, 'trial_user': False, 'autoplay': False, 'is_background_play': False}",podcast,2736,,
6846,bb206580-7891-41aa-8e5d-c99fb90839d3,e153302b-8609-4cff-9d4e-5215387fad17,play,2026-01-11 18:13:18.769942+00:00,,ios,"{'country': 'SA', 'city': 'Riyadh', 'language': 'ar', 'user_type': 'registered', 'is_subscribed': True, 'trial_user': False, 'autoplay': False, 'is_background_play': True}",podcast,2736,,
6847,bb206580-7891-41aa-8e5d-c99fb90839d3,a7236580-64c3-4508-bcee-051f7bb314d4,play,2026-01-11 18:07:18.769951+00:00,,web-safari,"{'country': 'SA', 'city': 'Riyadh', 'language': 'ar', 'user_type': 'registered', 'is_subscribed': True, 'trial_user': False, 'autoplay': False, 'is_background_play': True}",podcast,2736,,
6848,bb206580-7891-41aa-8e5d-c99fb90839d3,79bb5435-9830-424b-81a4-18d30b52d668,click,2026-01-11 18:55:18.769960+00:00,,ios,"{'country': 'SA', 'city': 'Riyadh', 'language': 'ar', 'user_type': 'registered', 'is_subscribed': True, 'trial_user': False, 'autoplay': False, 'is_background_play': True}",podcast,2736,,
6849,bb206580-7891-41aa-8e5d-c99fb90839d3,f0656483-4fc9-4a55-9a94-51783dd849d1,play,2026-01-11 18:21:18.769968+00:00,1954911.0,ios,"{'country': 'SA', 'city': 'Riyadh', 'language': 'ar', 'user_type': 'registered', 'is_subscribed': True, 'trial_user': False, 'autoplay': False, 'is_background_play': False}",podcast,2736,1954.911,0.71
6850,bb206580-7891-41aa-8e5d-c99fb90839d3,4fd8ac9a-2553-4d84-99e7-e56cd3981708,pause,2026-01-11 18:43:18.769977+00:00,549417.0,ios,"{'country': 'SA', 'city': 'Riyadh', 'language': 'ar', 'user_type': 'registered', 'is_subscribed': True, 'trial_user': False, 'autoplay': False, 'is_background_play': True}",podcast,2736,549.417,0.2
6851,bb206580-7891-41aa-8e5d-c99fb90839d3,50b9e531-e4e2-457a-a58d-93250ca41501,pause,2026-01-11 18:25:18.769986+00:00,352147.0,ios,"{'country': 'SA', 'city': 'Riyadh', 'language': 'ar', 'user_type': 'registered', 'is_subscribed': True, 'trial_user': False, 'autoplay': False, 'is_background_play': True}",podcast,2736,352.147,0.13
6852,bb206580-7891-41aa-8e5d-c99fb90839d3,12b9420a-bc35-4189-b9e4-9bae62e9b01c,pause,2026-01-11 18:29:18.770002+00:00,1272686.0,web-safari,"{'country': 'SA', 'city': 'Riyadh', 'language': 'ar', 'user_type': 'registered', 'is_subscribed': True, 'trial_user': False, 'autoplay': False, 'is_background_play': False}",podcast,2736,1272.686,0.47
6853,bb206580-7891-41aa-8e5d-c99fb90839d3,1efe7218-b222-4bf1-938d-678d88c2c291,play,2026-01-11 18:36:18.770012+00:00,,android,"{'country': 'SA', 'city': 'Riyadh', 'language': 'ar', 'user_type': 'registered', 'is_subscribed': True, 'trial_user': False, 'autoplay': False, 'is_background_play': False}",podcast,2736,,
6854,bb206580-7891-41aa-8e5d-c99fb90839d3,f71a59d3-9a6d-4b59-b0af-e15fc93e99b3,finish,2026-01-11 18:49:18.770021+00:00,1401498.0,web-chrome,"{'country': 'SA', 'city': 'Riyadh', 'language': 'ar', 'user_type': 'registered', 'is_subscribed': True, 'trial_user': False, 'autoplay': False, 'is_background_play': False}",podcast,2736,1401.498,0.51
6855,bb206580-7891-41aa-8e5d-c99fb90839d3,5e071a4e-433c-473e-8169-c719d19f76f6,pause,2026-01-11 18:20:18.770030+00:00,1729474.0,android,"{'country': 'SA', 'city': 'Riyadh', 'language': 'ar', 'user_type': 'registered', 'is_subscribed': True, 'trial_user': False, 'autoplay': False, 'is_background_play': True}",podcast,2736,1729.474,0.63
6856,bb206580-7891-41aa-8e5d-c99fb90839d3,2befc6fa-e361-4008-bbf5-8f980067960d,finish,2026-01-11 18:09:18.770039+00:00,1382123.0,android,"{'country': 'SA', 'city': 'Riyadh', 'language': 'ar', 'user_type': 'registered', 'is_subscribed': True, 'trial_user': False, 'autoplay': False, 'is_background_play': False}",podcast,2736,1382.123,0.51
6857,bb206580-7891-41aa-8e5d-c99fb90839d3,aca2c166-0d50-4ba5-8108-65958eea49df,play,2026-01-11 17:57:18.770048+00:00,1085344.0,web-chrome,"{'country': 'SA', 'city': 'Riyadh', 'language': 'ar', 'user_type': 'registered', 'is_subscribed': True, 'trial_user': False, 'autoplay': False, 'is_background_play': False}",podcast,2736,1085.344,0.4
6858,bb206580-7891-41aa-8e5d-c99fb90839d3,b992d1ee-a78f-4e88-a1d0-a23ca99cb020,click,2026-01-11 18:13:18.770057+00:00,,web-safari,"{'country': 'SA', 'city': 'Riyadh', 'language': 'ar', 'user_type': 'registered', 'is_subscribed': True, 'trial_user': False, 'autoplay': False, 'is_background_play': False}",podcast,2736,,
6859,bb206580-7891-41aa-8e5d-c99fb90839d3,74ac346e-03d7-4a13-95da-6a32aad3eed6,play,2026-01-11 18:06:18.770065+00:00,1914132.0,web-safari,"{'country': 'SA', 'city': 'Riyadh', 'language': 'ar', 'user_type': 'registered', 'is_subscribed': True, 'trial_user': False, 'autoplay': False, 'is_background_play': True}",podcast,2736,1914.132,0.7
6860,bb206580-7891-41aa-8e5d-c99fb90839d3,822cf60a-dea6-4445-86e4-070b6d730857,play,2026-01-11 18:44:18.770075+00:00,,web-safari,"{'country': 'SA', 'city': 'Riyadh', 'language': 'ar', 'user_type': 'registered', 'is_subscribed': True, 'trial_user': False, 'autoplay': False, 'is_background_play': True}",podcast,2736,,
6861,bb206580-7891-41aa-8e5d-c99fb90839d3,f883f56c-bc6d-4b8b-9ed1-c41fe1570279,finish,2026-01-11 18:11:18.770083+00:00,1364841.0,ios,"{'country': 'SA', 'city': 'Riyadh', 'language': 'ar', 'user_type': 'registered', 'is_subscribed': True, 'trial_user': False, 'autoplay': False, 'is_background_play': False}",podcast,2736,1364.841,0.5
6862,bb206580-7891-41aa-8e5d-c99fb90839d3,8f0d3d97-fd74-4f69-933a-c7824ac77195,pause,2026-01-11 18:18:18.770092+00:00,1791063.0,web-chrome,"{'country': 'SA', 'city': 'Riyadh', 'language': 'ar', 'user_type': 'registered', 'is_subscribed': True, 'trial_user': False, 'autoplay': False, 'is_background_play': True}",podcast,2736,1791.063,0.65
6863,bb206580-7891-41aa-8e5d-c99fb90839d3,1e2349fd-016d-48ab-8594-f64b77034719,play,2026-01-11 18:43:18.770100+00:00,,ios,"{'country': 'SA', 'city': 'Riyadh', 'language': 'ar', 'user_type': 'registered', 'is_subscribed': True, 'trial_user': False, 'autoplay': False, 'is_background_play': True}",podcast,2736,,
6864,bb206580-7891-41aa-8e5d-c99fb90839d3,bb4db384-2a33-434f-8def-e458e5120c8d,click,2026-01-11 18:16:18.770109+00:00,,web-chrome,"{'country': 'SA', 'city': 'Riyadh', 'language': 'ar', 'user_type': 'registered', 'is_subscribed': True, 'trial_user': False, 'autoplay': False, 'is_background_play': True}",podcast,2736,,
6865,bb206580-7891-41aa-8e5d-c99fb90839d3,a980230f-96e5-43a2-8732-f730eb81a750,pause,2026-01-11 18:38:18.770118+00:00,1190373.0,web-safari,"{'country': 'SA', 'city': 'Riyadh', 'language': 'ar', 'user_type': 'registered', 'is_subscribed': True, 'trial_user': False, 'autoplay': False, 'is_background_play': True}",podcast,2736,1190.373,0.44
6866,bb206580-7891-41aa-8e5d-c99fb90839d3,9275999e-613b-453d-8f50-46044e7cb084,click,2026-01-11 18:50:18.770127+00:00,,web-safari,"{'country': 'SA', 'city': 'Riyadh', 'language': 'ar', 'user_type': 'registered', 'is_subscribed': True, 'trial_user': False, 'autoplay': False, 'is_background_play': False}",podcast,2736,,
6867,bb206580-7891-41aa-8e5d-c99fb90839d3,3e0baadf-b151-4b47-ac37-fb944296a16d,click,2026-01-11 18:04:18.770135+00:00,,ios,"{'country': 'SA', 'city': 'Riyadh', 'language': 'ar', 'user_type': 'registered', 'is_subscribed': True, 'trial_user': False, 'autoplay': False, 'is_background_play': False}",podcast,2736,,
6868,bb206580-7891-41aa-8e5d-c99fb90839d3,9669326c-d8fa-4f65-b409-b18688a03a76,play,2026-01-11 18:51:18.770144+00:00,209251.0,web-safari,"{'country': 'SA', 'city': 'Riyadh', 'language': 'ar', 'user_type': 'registered', 'is_subscribed': True, 'trial_user': False, 'autoplay': False, 'is_background_play': True}",podcast,2736,209.251,0.08
6869,bb206580-7891-41aa-8e5d-c99fb90839d3,5ccbd8f7-0e0d-4cda-9aa9-a10df2ef2bd2,play,2026-01-11 18:35:18.770152+00:00,837113.0,android,"{'country': 'SA', 'city': 'Riyadh', 'language': 'ar', 'user_type': 'registered', 'is_subscribed': True, 'trial_user': False, 'autoplay': False, 'is_background_play': False}",podcast,2736,837.113,0.31
6870,bb206580-7891-41aa-8e5d-c99fb90839d3,16f0425d-515e-436b-9a60-55f105a26cdc,finish,2026-01-11 18:35:18.770164+00:00,2518750.0,ios,"{'country': 'SA', 'city': 'Riyadh', 'language': 'ar', 'user_type': 'registered', 'is_subscribed': True, 'trial_user': False, 'autoplay': False, 'is_background_play': True}",podcast,2736,2518.75,0.92
6871,bb206580-7891-41aa-8e5d-c99fb90839d3,f9d8a388-9d42-4e1f-9cf4-1d98b638755d,play,2026-01-11 18:20:18.770173+00:00,,android,"{'country': 'SA', 'city': 'Riyadh', 'language': 'ar', 'user_type': 'registered', 'is_subscribed': True, 'trial_user': False, 'autoplay': False, 'is_background_play': False}",podcast,2736,,
6872,bb206580-7891-41aa-8e5d-c99fb90839d3,5e718335-028a-4b3a-bd52-c9f81d5fbc0d,click,2026-01-11 18:19:18.770182+00:00,,web-chrome,"{'country': 'SA', 'city': 'Riyadh', 'language': 'ar', 'user_type': 'registered', 'is_subscribed': True, 'trial_user': False, 'autoplay': False, 'is_background_play': True}",podcast,2736,,
6873,bb206580-7891-41aa-8e5d-c99fb90839d3,8b627092-26fc-40ed-97f3-773278ffe1b0,click,2026-01-11 18:38:18.770191+00:00,,web-safari,"{'country': 'SA', 'city': 'Riyadh', 'language': 'ar', 'user_type': 'registered', 'is_subscribed': True, 'trial_user': False, 'autoplay': False, 'is_background_play': False}",podcast,2736,,
6874,bb206580-7891-41aa-8e5d-c99fb90839d3,20eb7fea-055c-4ee3-a215-d873863a6cad,finish,2026-01-11 18:02:18.770202+00:00,,web-safari,"{'country': 'SA', 'city': 'Riyadh', 'language': 'ar', 'user_type': 'registered', 'is_subscribed': True, 'trial_user': False, 'autoplay': False, 'is_background_play': True}",podcast,2736,,
6875,bb206580-7891-41aa-8e5d-c99fb90839d3,d7e5bf4f-57b3-4255-bf19-79b65df7f957,finish,2026-01-11 18:20:18.770213+00:00,1491843.0,web-safari,"{'country': 'SA', 'city': 'Riyadh', 'language': 'ar', 'user_type': 'registered', 'is_subscribed': True, 'trial_user': False, 'autoplay': False, 'is_background_play': True}",podcast,2736,1491.843,0.55
6876,bb206580-7891-41aa-8e5d-c99fb90839d3,63ebf315-48e6-4cf2-88c7-450eff31e974,click,2026-01-11 18:09:18.770223+00:00,,web-chrome,"{'country': 'SA', 'city': 'Riyadh', 'language': 'ar', 'user_type': 'registered', 'is_subscribed': True, 'trial_user': False, 'autoplay': False, 'is_background_play': True}",podcast,2736,,
6877,bb206580-7891-41aa-8e5d-c99fb90839d3,b260e4ab-cbac-4bba-a56b-f5198871f49a,play,2026-01-11 18:43:18.770242+00:00,2683777.0,web-chrome,"{'country': 'SA', 'city': 'Riyadh', 'language': 'ar', 'user_type': 'registered', 'is_subscribed': True, 'trial_user': False, 'autoplay': False, 'is_background_play': True}",podcast,2736,2683.777,0.98
6878,bb206580-7891-41aa-8e5d-c99fb90839d3,015b364a-3c35-47db-8b32-d03c903d9fd1,finish,2026-01-11 18:52:18.770252+00:00,1939526.0,web-chrome,"{'country': 'SA', 'city': 'Riyadh', 'language': 'ar', 'user_type': 'registered', 'is_subscribed': True, 'trial_user': False, 'autoplay': False, 'is_background_play': True}",podcast,2736,1939.526,0.71
6879,bb206580-7891-41aa-8e5d-c99fb90839d3,69677828-94b9-4e3b-bce1-a73fa6d4d4ae,click,2026-01-11 18:08:18.770262+00:00,,ios,"{'country': 'SA', 'city': 'Riyadh', 'language': 'ar', 'user_type': 'registered', 'is_subscribed': True, 'trial_user': False, 'autoplay': False, 'is_background_play': False}",podcast,2736,,
6880,bb206580-7891-41aa-8e5d-c99fb90839d3,a7c1081c-ec40-4032-a057-7017e2b7cb51,play,2026-01-11 18:32:18.770271+00:00,2579645.0,web-chrome,"{'country': 'SA', 'city': 'Riyadh', 'language': 'ar', 'user_type': 'registered', 'is_subscribed': True, 'trial_user': False, 'autoplay': False, 'is_background_play': True}",podcast,2736,2579.645,0.94
6881,f6bd8291-2fcc-45a2-877f-25e81da4ab09,d4cd2853-3cb1-4aa6-ba42-ce96e0ed17b1,click,2026-01-11 18:16:18.770281+00:00,,web-safari,"{'country': 'SA', 'city': 'Riyadh', 'language': 'ar', 'user_type': 'registered', 'is_subscribed': True, 'trial_user': False, 'autoplay': False, 'is_background_play': True}",newsletter,289,,
6882,f6bd8291-2fcc-45a2-877f-25e81da4ab09,4e7dce28-fffc-4819-b410-796971e75e74,play,2026-01-11 17:57:18.770289+00:00,223228.0,web-safari,"{'country': 'SA', 'city': 'Riyadh', 'language': 'ar', 'user_type': 'registered', 'is_subscribed': True, 'trial_user': False, 'autoplay': False, 'is_background_play': True}",newsletter,289,223.228,0.77
6883,f6bd8291-2fcc-45a2-877f-25e81da4ab09,34469b6a-3396-4034-ba62-b87786d6c036,play,2026-01-11 18:44:18.770298+00:00,24446.0,ios,"{'country': 'SA', 'city': 'Riyadh', 'language': 'ar', 'user_type': 'registered', 'is_subscribed': True, 'trial_user': False, 'autoplay': False, 'is_background_play': False}",newsletter,289,24.446,0.08
6884,f6bd8291-2fcc-45a2-877f-25e81da4ab09,90f30f40-de3f-4a75-93a0-0b029ba8ad3a,play,2026-01-11 18:44:18.770307+00:00,182008.0,web-chrome,"{'country': 'SA', 'city': 'Riyadh', 'language': 'ar', 'user_type': 'registered', 'is_subscribed': True, 'trial_user': False, 'autoplay': False, 'is_background_play': True}",newsletter,289,182.008,0.63
6885,f6bd8291-2fcc-45a2-877f-25e81da4ab09,0ffbc302-a58f-437a-b129-a8d230ea6280,finish,2026-01-11 18:30:18.770316+00:00,128624.0,ios,"{'country': 'SA', 'city': 'Riyadh', 'language': 'ar', 'user_type': 'registered', 'is_subscribed': True, 'trial_user': False, 'autoplay': False, 'is_background_play': True}",newsletter,289,128.624,0.45
6886,f6bd8291-2fcc-45a2-877f-25e81da4ab09,cae57c20-7a6e-431e-a6a2-e37306c9d98d,play,2026-01-11 17:57:18.770325+00:00,,web-safari,"{'country': 'SA', 'city': 'Riyadh', 'language': 'ar', 'user_type': 'registered', 'is_subscribed': True, 'trial_user': False, 'autoplay': False, 'is_background_play': False}",newsletter,289,,
6887,f6bd8291-2fcc-45a2-877f-25e81da4ab09,845f8b81-2a51-42a1-b014-8c320a642971,click,2026-01-11 18:43:18.770333+00:00,,web-chrome,"{'country': 'SA', 'city': 'Riyadh', 'language': 'ar', 'user_type': 'registered', 'is_subscribed': True, 'trial_user': False, 'autoplay': False, 'is_background_play': True}",newsletter,289,,
6888,f6bd8291-2fcc-45a2-877f-25e81da4ab09,b65fd8ca-4a05-44a4-9d5f-0b9cb75aa0f8,click,2026-01-11 17:57:18.770342+00:00,,web-safari,"{'country': 'SA', 'city': 'Riyadh', 'language': 'ar', 'user_type': 'registered', 'is_subscribed': True, 'trial_user': False, 'autoplay': False, 'is_background_play': True}",newsletter,289,,
6889,f6bd8291-2fcc-45a2-877f-25e81da4ab09,aca6890a-6f10-4171-8685-7db4cdab3a2a,click,2026-01-11 18:40:18.770351+00:00,,web-safari,"{'country': 'SA', 'city': 'Riyadh', 'language': 'ar', 'user_type': 'registered', 'is_subscribed': True, 'trial_user': False, 'autoplay': False, 'is_background_play': True}",newsletter,289,,
6890,f6bd8291-2fcc-45a2-877f-25e81da4ab09,9f4f0d1c-a0c7-4395-a4d7-4f87e8ec0d8b,click,2026-01-11 18:25:18.770359+00:00,,web-chrome,"{'country': 'SA', 'city': 'Riyadh', 'language': 'ar', 'user_type': 'registered', 'is_subscribed': True, 'trial_user': False, 'autoplay': False, 'is_background_play': True}",newsletter,289,,
6891,f6bd8291-2fcc-45a2-877f-25e81da4ab09,1aa77b54-b91e-4ecf-a286-1373b7d34e05,play,2026-01-11 18:31:18.770368+00:00,95847.0,web-chrome,"{'country': 'SA', 'city': 'Riyadh', 'language': 'ar', 'user_type': 'registered', 'is_subscribed': True, 'trial_user': False, 'autoplay': False, 'is_background_play': False}",newsletter,289,95.847,0.33
6892,f6bd8291-2fcc-45a2-877f-25e81da4ab09,4dc358ec-ba2b-45ed-ac37-97896025979d,finish,2026-01-11 18:10:18.770377+00:00,232396.0,web-chrome,"{'country': 'SA', 'city': 'Riyadh', 'language': 'ar', 'user_type': 'registered', 'is_subscribed': True, 'trial_user': False, 'autoplay': False, 'is_background_play': True}",newsletter,289,232.396,0.8
6893,f6bd8291-2fcc-45a2-877f-25e81da4ab09,d44a6418-9087-450b-8d14-2c4c441fb619,finish,2026-01-11 18:52:18.770386+00:00,85271.0,ios,"{'country': 'SA', 'city': 'Riyadh', 'language': 'ar', 'user_type': 'registered', 'is_subscribed': True, 'trial_user': False, 'autoplay': False, 'is_background_play': True}",newsletter,289,85.271,0.3
6894,f6bd8291-2fcc-45a2-877f-25e81da4ab09,4113687f-1d83-4120-8aef-313b9fcc4d90,play,2026-01-11 18:47:18.770395+00:00,42051.0,web-chrome,"{'country': 'SA', 'city': 'Riyadh', 'language': 'ar', 'user_type': 'registered', 'is_subscribed': True, 'trial_user': False, 'autoplay': False, 'is_background_play': True}",newsletter,289,42.051,0.15
6895,f6bd8291-2fcc-45a2-877f-25e81da4ab09,8465ac80-73af-4e37-9a28-ad5a39448442,click,2026-01-11 18:01:18.770404+00:00,,web-safari,"{'country': 'SA', 'city': 'Riyadh', 'language': 'ar', 'user_type': 'registered', 'is_subscribed': True, 'trial_user': False, 'autoplay': False, 'is_background_play': True}",newsletter,289,,
6896,f6bd8291-2fcc-45a2-877f-25e81da4ab09,0e20a720-1189-4d52-8031-cb15efcbb5c5,click,2026-01-11 18:33:18.770413+00:00,,ios,"{'country': 'SA', 'city': 'Riyadh', 'language': 'ar', 'user_type': 'registered', 'is_subscribed': True, 'trial_user': False, 'autoplay': False, 'is_background_play': True}",newsletter,289,,
6897,f6bd8291-2fcc-45a2-877f-25e81da4ab09,0e3aeec8-7645-46c5-8a45-a1a47554e10e,play,2026-01-11 18:41:18.770421+00:00,44110.0,ios,"{'country': 'SA', 'city': 'Riyadh', 'language': 'ar', 'user_type': 'registered', 'is_subscribed': True, 'trial_user': False, 'autoplay': False, 'is_background_play': True}",newsletter,289,44.11,0.15
6898,f6bd8291-2fcc-45a2-877f-25e81da4ab09,a330724b-648c-4f10-b583-eeee02366a28,play,2026-01-11 17:55:18.770431+00:00,51845.0,android,"{'country': 'SA', 'city': 'Riyadh', 'language': 'ar', 'user_type': 'registered', 'is_subscribed': True, 'trial_user': False, 'autoplay': False, 'is_background_play': False}",newsletter,289,51.845,0.18
6899,f6bd8291-2fcc-45a2-877f-25e81da4ab09,542ffe64-88ee-4c20-9409-4c480c599ac7,finish,2026-01-11 18:42:18.770440+00:00,171231.0,android,"{'country': 'SA', 'city': 'Riyadh', 'language': 'ar', 'user_type': 'registered', 'is_subscribed': True, 'trial_user': False, 'autoplay': False, 'is_background_play': False}",newsletter,289,171.231,0.59
6900,f6bd8291-2fcc-45a2-877f-25e81da4ab09,0827068e-5876-463c-a0e3-e8b39c65d769,finish,2026-01-11 18:17:18.770449+00:00,,web-safari,"{'country': 'SA', 'city': 'Riyadh', 'language': 'ar', 'user_type': 'registered', 'is_subscribed': True, 'trial_user': False, 'autoplay': False, 'is_background_play': False}",newsletter,289,,
6901,f6bd8291-2fcc-45a2-877f-25e81da4ab09,06975e9a-034a-48e3-8983-ec722c0c0678,pause,2026-01-11 17:57:18.770458+00:00,5459.0,android,"{'country': 'SA', 'city': 'Riyadh', 'language': 'ar', 'user_type': 'registered', 'is_subscribed': True, 'trial_user': False, 'autoplay': False, 'is_background_play': True}",newsletter,289,5.459,0.02
6902,f6bd8291-2fcc-45a2-877f-25e81da4ab09,c14e9698-ce0a-4060-8f35-ff13fe25129c,click,2026-01-11 18:08:18.770477+00:00,,ios,"{'country': 'SA', 'city': 'Riyadh', 'language': 'ar', 'user_type': 'registered', 'is_subscribed': True, 'trial_user': False, 'autoplay': False, 'is_background_play': True}",newsletter,289,,
6903,f6bd8291-2fcc-45a2-877f-25e81da4ab09,7956f05b-7eb8-42bb-995b-399a02b0d2b5,click,2026-01-11 18:11:18.770486+00:00,,web-chrome,"{'country': 'SA', 'city': 'Riyadh', 'language': 'ar', 'user_type': 'registered', 'is_subscribed': True, 'trial_user': False, 'autoplay': False, 'is_background_play': True}",newsletter,289,,
6904,f6bd8291-2fcc-45a2-877f-25e81da4ab09,75e598f2-e7a3-4f99-9f3e-8fa8b7b704c7,pause,2026-01-11 18:01:18.770495+00:00,,ios,"{'country': 'SA', 'city': 'Riyadh', 'language': 'ar', 'user_type': 'registered', 'is_subscribed': True, 'trial_user': False, 'autoplay': False, 'is_background_play': False}",newsletter,289,,
6905,f6bd8291-2fcc-45a2-877f-25e81da4ab09,0ab27225-9f88-49a2-9861-a2b6185b9680,click,2026-01-11 18:52:18.770504+00:00,,web-safari,"{'country': 'SA', 'city': 'Riyadh', 'language': 'ar', 'user_type': 'registered', 'is_subscribed': True, 'trial_user': False, 'autoplay': False, 'is_background_play': True}",newsletter,289,,
6906,f6bd8291-2fcc-45a2-877f-25e81da4ab09,d2ad856d-b8c8-4984-8abe-430f094f7b90,finish,2026-01-11 18:10:18.770512+00:00,,android,"{'country': 'SA', 'city': 'Riyadh', 'language': 'ar', 'user_type': 'registered', 'is_subscribed': True, 'trial_user': False, 'autoplay': False, 'is_background_play': False}",newsletter,289,,
6907,f6bd8291-2fcc-45a2-877f-25e81da4ab09,e76aec62-31ce-4342-a229-4bf72daa8eef,pause,2026-01-11 18:39:18.770521+00:00,146862.0,ios,"{'country': 'SA', 'city': 'Riyadh', 'language': 'ar', 'user_type': 'registered', 'is_subscribed': True, 'trial_user': False, 'autoplay': False, 'is_background_play': False}",newsletter,289,146.862,0.51
6908,f6bd8291-2fcc-45a2-877f-25e81da4ab09,6d746d97-74b9-4c5e-832f-e9031463a469,click,2026-01-11 18:17:18.770530+00:00,,android,"{'country': 'SA', 'city': 'Riyadh', 'language': 'ar', 'user_type': 'registered', 'is_subscribed': True, 'trial_user': False, 'autoplay': False, 'is_background_play': True}",newsletter,289,,
6909,f6bd8291-2fcc-45a2-877f-25e81da4ab09,30ae5089-67a5-4eb7-a688-b5dd1f3aca67,play,2026-01-11 18:37:18.770539+00:00,148032.0,web-safari,"{'country': 'SA', 'city': 'Riyadh', 'language': 'ar', 'user_type': 'registered', 'is_subscribed': True, 'trial_user': False, 'autoplay': False, 'is_background_play': True}",newsletter,289,148.032,0.51
6910,f6bd8291-2fcc-45a2-877f-25e81da4ab09,b2f45243-4b81-421b-a8ba-a31b4ff28d25,pause,2026-01-11 18:44:18.770548+00:00,,ios,"{'country': 'SA', 'city': 'Riyadh', 'language': 'ar', 'user_type': 'registered', 'is_subscribed': True, 'trial_user': False, 'autoplay': False, 'is_background_play': True}",newsletter,289,,
6911,f6bd8291-2fcc-45a2-877f-25e81da4ab09,e1ee0f65-afbc-40f9-ae04-bc9f86597dc6,pause,2026-01-11 18:32:18.770556+00:00,73923.0,web-chrome,"{'country': 'SA', 'city': 'Riyadh', 'language': 'ar', 'user_type': 'registered', 'is_subscribed': True, 'trial_user': False, 'autoplay': False, 'is_background_play': False}",newsletter,289,73.923,0.26
6912,f6bd8291-2fcc-45a2-877f-25e81da4ab09,7ad71679-89f5-4379-b92b-13ea90c73501,pause,2026-01-11 18:43:18.770565+00:00,196245.0,web-safari,"{'country': 'SA', 'city': 'Riyadh', 'language': 'ar', 'user_type': 'registered', 'is_subscribed': True, 'trial_user': False, 'autoplay': False, 'is_background_play': True}",newsletter,289,196.245,0.68
6913,f6bd8291-2fcc-45a2-877f-25e81da4ab09,b312ecc3-94ce-4002-90d7-e750cd2da702,pause,2026-01-11 18:46:18.770574+00:00,184561.0,web-safari,"{'country': 'SA', 'city': 'Riyadh', 'language': 'ar', 'user_type': 'registered', 'is_subscribed': True, 'trial_user': False, 'autoplay': False, 'is_background_play': True}",newsletter,289,184.561,0.64
6914,f6bd8291-2fcc-45a2-877f-25e81da4ab09,4437a93c-a67f-490f-9dfd-6a215338fb46,play,2026-01-11 18:23:18.770583+00:00,258345.0,ios,"{'country': 'SA', 'city': 'Riyadh', 'language': 'ar', 'user_type': 'registered', 'is_subscribed': True, 'trial_user': False, 'autoplay': False, 'is_background_play': False}",newsletter,289,258.345,0.89
6915,f6bd8291-2fcc-45a2-877f-25e81da4ab09,f3f7fa40-cff6-438d-b040-191de4b4993a,finish,2026-01-11 17:59:18.770592+00:00,199883.0,ios,"{'country': 'SA', 'city': 'Riyadh', 'language': 'ar', 'user_type': 'registered', 'is_subscribed': True, 'trial_user': False, 'autoplay': False, 'is_background_play': False}",newsletter,289,199.883,0.69
6916,f6bd8291-2fcc-45a2-877f-25e81da4ab09,1d4de09e-5e9c-4a5d-823e-169216233e82,play,2026-01-11 18:46:18.770601+00:00,288728.0,android,"{'country': 'SA', 'city': 'Riyadh', 'language': 'ar', 'user_type': 'registered', 'is_subscribed': True, 'trial_user': False, 'autoplay': False, 'is_background_play': False}",newsletter,289,288.728,1.0
6917,f6bd8291-2fcc-45a2-877f-25e81da4ab09,ce5b9adb-2d62-432f-8b20-71c835799727,pause,2026-01-11 18:50:18.770610+00:00,214477.0,web-safari,"{'country': 'SA', 'city': 'Riyadh', 'language': 'ar', 'user_type': 'registered', 'is_subscribed': True, 'trial_user': False, 'autoplay': False, 'is_background_play': False}",newsletter,289,214.477,0.74
6918,f6bd8291-2fcc-45a2-877f-25e81da4ab09,f361a813-0015-4428-ad37-867240340a70,play,2026-01-11 18:21:18.770619+00:00,109505.0,android,"{'country': 'SA', 'city': 'Riyadh', 'language': 'ar', 'user_type': 'registered', 'is_subscribed': True, 'trial_user': False, 'autoplay': False, 'is_background_play': True}",newsletter,289,109.505,0.38
6919,f6bd8291-2fcc-45a2-877f-25e81da4ab09,be0e0047-4f15-4125-84fc-a46d8338bced,click,2026-01-11 18:03:18.770628+00:00,,web-chrome,"{'country': 'SA', 'city': 'Riyadh', 'language': 'ar', 'user_type': 'registered', 'is_subscribed': True, 'trial_user': False, 'autoplay': False, 'is_background_play': True}",newsletter,289,,
6920,f6bd8291-2fcc-45a2-877f-25e81da4ab09,f693d18c-1f7c-4e2d-aacf-738dfd9fa715,pause,2026-01-11 18:02:18.770636+00:00,101404.0,ios,"{'country': 'SA', 'city': 'Riyadh', 'language': 'ar', 'user_type': 'registered', 'is_subscribed': True, 'trial_user': False, 'autoplay': False, 'is_background_play': True}",newsletter,289,101.404,0.35
6921,981f34f3-fd57-42c7-aa7e-557a32317c30,d4a9ff0f-cc15-4a8c-bf63-93ab69cf1453,finish,2026-01-11 18:18:18.770646+00:00,68267.0,web-safari,"{'country': 'SA', 'city': 'Riyadh', 'language': 'ar', 'user_type': 'registered', 'is_subscribed': True, 'trial_user': False, 'autoplay': False, 'is_background_play': True}",video,654,68.267,0.1
6922,981f34f3-fd57-42c7-aa7e-557a32317c30,bbbd6969-5207-4b7e-bc8a-4fd4a94fc80b,play,2026-01-11 18:49:18.770654+00:00,566410.0,web-safari,"{'country': 'SA', 'city': 'Riyadh', 'language': 'ar', 'user_type': 'registered', 'is_subscribed': True, 'trial_user': False, 'autoplay': False, 'is_background_play': False}",video,654,566.41,0.87
6923,981f34f3-fd57-42c7-aa7e-557a32317c30,ecbb0bb9-9004-43cc-a2b9-23f23594d576,pause,2026-01-11 18:03:18.770663+00:00,472074.0,web-safari,"{'country': 'SA', 'city': 'Riyadh', 'language': 'ar', 'user_type': 'registered', 'is_subscribed': True, 'trial_user': False, 'autoplay': False, 'is_background_play': False}",video,654,472.074,0.72
6924,981f34f3-fd57-42c7-aa7e-557a32317c30,58879a3d-0d67-4ab7-96de-908668706a35,play,2026-01-11 18:07:18.770672+00:00,145696.0,web-chrome,"{'country': 'SA', 'city': 'Riyadh', 'language': 'ar', 'user_type': 'registered', 'is_subscribed': True, 'trial_user': False, 'autoplay': False, 'is_background_play': True}",video,654,145.696,0.22
6925,981f34f3-fd57-42c7-aa7e-557a32317c30,f1ebdffc-f610-4420-8b7e-0538f6c2d215,finish,2026-01-11 18:51:18.770681+00:00,241831.0,web-chrome,"{'country': 'SA', 'city': 'Riyadh', 'language': 'ar', 'user_type': 'registered', 'is_subscribed': True, 'trial_user': False, 'autoplay': False, 'is_background_play': True}",video,654,241.831,0.37
6926,981f34f3-fd57-42c7-aa7e-557a32317c30,7a095f1e-086a-4fe7-9780-c084d02a9cfd,play,2026-01-11 18:34:18.770690+00:00,644174.0,ios,"{'country': 'SA', 'city': 'Riyadh', 'language': 'ar', 'user_type': 'registered', 'is_subscribed': True, 'trial_user': False, 'autoplay': False, 'is_background_play': False}",video,654,644.174,0.98
6927,981f34f3-fd57-42c7-aa7e-557a32317c30,fc2c1c56-7427-4bb0-bc82-2dc04d67436e,click,2026-01-11 17:59:18.770711+00:00,,web-chrome,"{'country': 'SA', 'city': 'Riyadh', 'language': 'ar', 'user_type': 'registered', 'is_subscribed': True, 'trial_user': False, 'autoplay': False, 'is_background_play': True}",video,654,,
6928,981f34f3-fd57-42c7-aa7e-557a32317c30,abc740b6-c0fe-4ed0-8113-1b792a595d20,finish,2026-01-11 18:54:18.770733+00:00,323585.0,ios,"{'country': 'SA', 'city': 'Riyadh', 'language': 'ar', 'user_type': 'registered', 'is_subscribed': True, 'trial_user': False, 'autoplay': False, 'is_background_play': True}",video,654,323.585,0.49
6929,981f34f3-fd57-42c7-aa7e-557a32317c30,62a453dc-11fa-40c8-abac-a8260fb9ae2c,pause,2026-01-11 18:27:18.770743+00:00,321718.0,ios,"{'country': 'SA', 'city': 'Riyadh', 'language': 'ar', 'user_type': 'registered', 'is_subscribed': True, 'trial_user': False, 'autoplay': False, 'is_background_play': True}",video,654,321.718,0.49
6930,981f34f3-fd57-42c7-aa7e-557a32317c30,f6ea8865-5aee-444d-8bbc-4b93a6fb2ace,pause,2026-01-11 18:35:18.770752+00:00,,android,"{'country': 'SA', 'city': 'Riyadh', 'language': 'ar', 'user_type': 'registered', 'is_subscribed': True, 'trial_user': False, 'autoplay': False, 'is_background_play': True}",video,654,,
6931,981f34f3-fd57-42c7-aa7e-557a32317c30,a2ac071b-15e0-406d-9fe9-eaef983a3d1f,click,2026-01-11 18:07:18.770761+00:00,,android,"{'country': 'SA', 'city': 'Riyadh', 'language': 'ar', 'user_type': 'registered', 'is_subscribed': True, 'trial_user': False, 'autoplay': False, 'is_background_play': False}",video,654,,
6932,981f34f3-fd57-42c7-aa7e-557a32317c30,d12cbe31-02ac-4518-a4b5-a0a7add3f016,finish,2026-01-11 18:51:18.770770+00:00,,android,"{'country': 'SA', 'city': 'Riyadh', 'language': 'ar', 'user_type': 'registered', 'is_subscribed': True, 'trial_user': False, 'autoplay': False, 'is_background_play': True}",video,654,,
6933,981f34f3-fd57-42c7-aa7e-557a32317c30,fb74b452-8779-4fbe-8faf-08e7147ed114,play,2026-01-11 18:25:18.770778+00:00,584625.0,web-chrome,"{'country': 'SA', 'city': 'Riyadh', 'language': 'ar', 'user_type': 'registered', 'is_subscribed': True, 'trial_user': False, 'autoplay': False, 'is_background_play': False}",video,654,584.625,0.89
6934,981f34f3-fd57-42c7-aa7e-557a32317c30,a7c25ff3-f97c-47f6-99a8-4fcef6208582,play,2026-01-11 18:28:18.770787+00:00,,web-safari,"{'country': 'SA', 'city': 'Riyadh', 'language': 'ar', 'user_type': 'registered', 'is_subscribed': True, 'trial_user': False, 'autoplay': False, 'is_background_play': False}",video,654,,
6935,981f34f3-fd57-42c7-aa7e-557a32317c30,c5acb6e5-78d7-4b5f-a486-828a0532b135,pause,2026-01-11 18:43:18.770796+00:00,,android,"{'country': 'SA', 'city': 'Riyadh', 'language': 'ar', 'user_type': 'registered', 'is_subscribed': True, 'trial_user': False, 'autoplay': False, 'is_background_play': True}",video,654,,
6936,981f34f3-fd57-42c7-aa7e-557a32317c30,c716388c-ef0f-4998-a83f-58e1fc796241,play,2026-01-11 18:16:18.770805+00:00,571341.0,web-safari,"{'country': 'SA', 'city': 'Riyadh', 'language': 'ar', 'user_type': 'registered', 'is_subscribed': True, 'trial_user': False, 'autoplay': False, 'is_background_play': False}",video,654,571.341,0.87
6937,981f34f3-fd57-42c7-aa7e-557a32317c30,b63ae6ae-2fbc-429a-aa98-2cdf886ac36e,play,2026-01-11 18:42:18.770813+00:00,597714.0,android,"{'country': 'SA', 'city': 'Riyadh', 'language': 'ar', 'user_type': 'registered', 'is_subscribed': True, 'trial_user': False, 'autoplay': False, 'is_background_play': True}",video,654,597.714,0.91
6938,981f34f3-fd57-42c7-aa7e-557a32317c30,75504bc1-208c-474a-8cd7-c8ca680b5c26,play,2026-01-11 18:20:18.770822+00:00,,android,"{'country': 'SA', 'city': 'Riyadh', 'language': 'ar', 'user_type': 'registered', 'is_subscribed': True, 'trial_user': False, 'autoplay': False, 'is_background_play': True}",video,654,,
6939,981f34f3-fd57-42c7-aa7e-557a32317c30,90cd0292-ae43-4db8-b46d-ce7bc01ccacb,play,2026-01-11 18:33:18.770831+00:00,196622.0,web-chrome,"{'country': 'SA', 'city': 'Riyadh', 'language': 'ar', 'user_type': 'registered', 'is_subscribed': True, 'trial_user': False, 'autoplay': False, 'is_background_play': False}",video,654,196.622,0.3
6940,981f34f3-fd57-42c7-aa7e-557a32317c30,f00be36c-9e34-456b-ba3c-c53cb954e555,play,2026-01-11 18:15:18.770840+00:00,182832.0,web-safari,"{'country': 'SA', 'city': 'Riyadh', 'language': 'ar', 'user_type': 'registered', 'is_subscribed': True, 'trial_user': False, 'autoplay': False, 'is_background_play': True}",video,654,182.832,0.28
6941,981f34f3-fd57-42c7-aa7e-557a32317c30,0f7371e2-3259-41f1-9a79-2ccdf30c5fbb,pause,2026-01-11 18:52:18.770848+00:00,349893.0,web-chrome,"{'country': 'SA', 'city': 'Riyadh', 'language': 'ar', 'user_type': 'registered', 'is_subscribed': True, 'trial_user': False, 'autoplay': False, 'is_background_play': False}",video,654,349.893,0.54
6942,981f34f3-fd57-42c7-aa7e-557a32317c30,2d8c73a4-ff43-498f-afb0-e1a83ca92b5d,finish,2026-01-11 18:15:18.770859+00:00,582680.0,ios,"{'country': 'SA', 'city': 'Riyadh', 'language': 'ar', 'user_type': 'registered', 'is_subscribed': True, 'trial_user': False, 'autoplay': False, 'is_background_play': True}",video,654,582.68,0.89
6943,981f34f3-fd57-42c7-aa7e-557a32317c30,3bf9078f-d5e9-4d48-bb98-6e836c6d783f,click,2026-01-11 17:58:18.770871+00:00,,ios,"{'country': 'SA', 'city': 'Riyadh', 'language': 'ar', 'user_type': 'registered', 'is_subscribed': True, 'trial_user': False, 'autoplay': False, 'is_background_play': False}",video,654,,
6944,981f34f3-fd57-42c7-aa7e-557a32317c30,18946045-dea7-4294-8436-1eb957861e22,pause,2026-01-11 18:28:18.770882+00:00,631532.0,web-chrome,"{'country': 'SA', 'city': 'Riyadh', 'language': 'ar', 'user_type': 'registered', 'is_subscribed': True, 'trial_user': False, 'autoplay': False, 'is_background_play': True}",video,654,631.532,0.97
6945,981f34f3-fd57-42c7-aa7e-557a32317c30,0a91bea6-8000-4de0-8e6b-04f4f8dcee77,pause,2026-01-11 18:12:18.770891+00:00,273924.0,ios,"{'country': 'SA', 'city': 'Riyadh', 'language': 'ar', 'user_type': 'registered', 'is_subscribed': True, 'trial_user': False, 'autoplay': False, 'is_background_play': False}",video,654,273.924,0.42
6946,981f34f3-fd57-42c7-aa7e-557a32317c30,1dd1b08d-beaa-43f3-a5e0-1ce45e8641e0,finish,2026-01-11 18:26:18.770900+00:00,52835.0,web-chrome,"{'country': 'SA', 'city': 'Riyadh', 'language': 'ar', 'user_type': 'registered', 'is_subscribed': True, 'trial_user': False, 'autoplay': False, 'is_background_play': False}",video,654,52.835,0.08
6947,981f34f3-fd57-42c7-aa7e-557a32317c30,2f0bef1e-cef6-4bfd-a136-6ea772dac5c6,play,2026-01-11 18:13:18.770909+00:00,,web-chrome,"{'country': 'SA', 'city': 'Riyadh', 'language': 'ar', 'user_type': 'registered', 'is_subscribed': True, 'trial_user': False, 'autoplay': False, 'is_background_play': True}",video,654,,
6948,981f34f3-fd57-42c7-aa7e-557a32317c30,d7bff02b-2e43-4e0e-bd4b-f1e90fccaf03,click,2026-01-11 18:27:18.770917+00:00,,web-chrome,"{'country': 'SA', 'city': 'Riyadh', 'language': 'ar', 'user_type': 'registered', 'is_subscribed': True, 'trial_user': False, 'autoplay': False, 'is_background_play': False}",video,654,,
6949,981f34f3-fd57-42c7-aa7e-557a32317c30,70dce356-a2f8-4238-801d-99b8f5e6d846,pause,2026-01-11 18:21:18.770926+00:00,616074.0,web-chrome,"{'country': 'SA', 'city': 'Riyadh', 'language': 'ar', 'user_type': 'registered', 'is_subscribed': True, 'trial_user': False, 'autoplay': False, 'is_background_play': False}",video,654,616.074,0.94
6950,981f34f3-fd57-42c7-aa7e-557a32317c30,bd7196fe-6efc-4a1f-8e0c-6409e5a15aae,play,2026-01-11 18:15:18.770935+00:00,,ios,"{'country': 'SA', 'city': 'Riyadh', 'language': 'ar', 'user_type': 'registered', 'is_subscribed': True, 'trial_user': False, 'autoplay': False, 'is_background_play': False}",video,654,,
6951,981f34f3-fd57-42c7-aa7e-557a32317c30,b3dccdc5-7a6a-4f52-a6e0-220f7f9a8f53,finish,2026-01-11 18:46:18.770944+00:00,589564.0,ios,"{'country': 'SA', 'city': 'Riyadh', 'language': 'ar', 'user_type': 'registered', 'is_subscribed': True, 'trial_user': False, 'autoplay': False, 'is_background_play': True}",video,654,589.564,0.9
6952,981f34f3-fd57-42c7-aa7e-557a32317c30,c40acd6b-cbd5-4b21-855b-0d5911fff10e,play,2026-01-11 18:42:18.770961+00:00,,web-chrome,"{'country': 'SA', 'city': 'Riyadh', 'language': 'ar', 'user_type': 'registered', 'is_subscribed': True, 'trial_user': False, 'autoplay': False, 'is_background_play': True}",video,654,,
6953,981f34f3-fd57-42c7-aa7e-557a32317c30,29a9cca9-c68d-4f1b-94ed-7596f878c521,finish,2026-01-11 18:21:18.770970+00:00,,web-safari,"{'country': 'SA', 'city': 'Riyadh', 'language': 'ar', 'user_type': 'registered', 'is_subscribed': True, 'trial_user': False, 'autoplay': False, 'is_background_play': False}",video,654,,
6954,981f34f3-fd57-42c7-aa7e-557a32317c30,62674ac5-f6b7-4cbe-94fe-f3ba08046b82,play,2026-01-11 18:39:18.770979+00:00,606923.0,web-chrome,"{'country': 'SA', 'city': 'Riyadh', 'language': 'ar', 'user_type': 'registered', 'is_subscribed': True, 'trial_user': False, 'autoplay': False, 'is_background_play': True}",video,654,606.923,0.93
6955,981f34f3-fd57-42c7-aa7e-557a32317c30,8dabeb04-eff0-4dd5-b297-dd03d820d627,pause,2026-01-11 18:08:18.770988+00:00,538206.0,web-chrome,"{'country': 'SA', 'city': 'Riyadh', 'language': 'ar', 'user_type': 'registered', 'is_subscribed': True, 'trial_user': False, 'autoplay': False, 'is_background_play': False}",video,654,538.206,0.82
6956,981f34f3-fd57-42c7-aa7e-557a32317c30,9ee23be7-4be0-49e6-be3a-26659e787fb8,click,2026-01-11 17:58:18.770997+00:00,,android,"{'country': 'SA', 'city': 'Riyadh', 'language': 'ar', 'user_type': 'registered', 'is_subscribed': True, 'trial_user': False, 'autoplay': False, 'is_background_play': False}",video,654,,
6957,981f34f3-fd57-42c7-aa7e-557a32317c30,c6a4f1f0-a4fd-4ad0-88f0-95396cad5483,play,2026-01-11 17:59:18.771006+00:00,366356.0,ios,"{'country': 'SA', 'city': 'Riyadh', 'language': 'ar', 'user_type': 'registered', 'is_subscribed': True, 'trial_user': False, 'autoplay': False, 'is_background_play': True}",video,654,366.356,0.56
6958,981f34f3-fd57-42c7-aa7e-557a32317c30,19cbb8aa-2707-4753-9bd8-02e49dd1eda6,play,2026-01-11 17:57:18.771015+00:00,398235.0,web-safari,"{'country': 'SA', 'city': 'Riyadh', 'language': 'ar', 'user_type': 'registered', 'is_subscribed': True, 'trial_user': False, 'autoplay': False, 'is_background_play': True}",video,654,398.235,0.61
6959,981f34f3-fd57-42c7-aa7e-557a32317c30,96a293eb-b336-4e60-9fb9-ba8b59862001,pause,2026-01-11 18:11:18.771024+00:00,155727.0,ios,"{'country': 'SA', 'city': 'Riyadh', 'language': 'ar', 'user_type': 'registered', 'is_subscribed': True, 'trial_user': False, 'autoplay': False, 'is_background_play': False}",video,654,155.727,0.24
6960,981f34f3-fd57-42c7-aa7e-557a32317c30,231ee3d2-8230-412b-a42c-463a050d2383,click,2026-01-11 18:55:18.771033+00:00,,ios,"{'country': 'SA', 'city': 'Riyadh', 'language': 'ar', 'user_type': 'registered', 'is_subscribed': True, 'trial_user': False, 'autoplay': False, 'is_background_play': True}",video,654,,
6961,8b46daed-0c28-4f12-b18e-20346a3a9047,db2b378d-c87f-424d-af9d-6ad95273e744,pause,2026-01-11 18:46:18.771042+00:00,328524.0,web-safari,"{'country': 'SA', 'city': 'Riyadh', 'language': 'ar', 'user_type': 'registered', 'is_subscribed': True, 'trial_user': False, 'autoplay': False, 'is_background_play': True}",video,734,328.524,0.45
6962,8b46daed-0c28-4f12-b18e-20346a3a9047,d829fe35-14dd-40b0-9a57-34e4586eb7ad,click,2026-01-11 18:02:18.771051+00:00,,android,"{'country': 'SA', 'city': 'Riyadh', 'language': 'ar', 'user_type': 'registered', 'is_subscribed': True, 'trial_user': False, 'autoplay': False, 'is_background_play': False}",video,734,,
6963,8b46daed-0c28-4f12-b18e-20346a3a9047,566ef1ac-c17f-4aed-9157-1055cf96199d,finish,2026-01-11 18:50:18.771059+00:00,,web-chrome,"{'country': 'SA', 'city': 'Riyadh', 'language': 'ar', 'user_type': 'registered', 'is_subscribed': True, 'trial_user': False, 'autoplay': False, 'is_background_play': False}",video,734,,
6964,8b46daed-0c28-4f12-b18e-20346a3a9047,b1532a51-f892-4963-b121-93d87467e127,pause,2026-01-11 18:28:18.771068+00:00,63003.0,android,"{'country': 'SA', 'city': 'Riyadh', 'language': 'ar', 'user_type': 'registered', 'is_subscribed': True, 'trial_user': False, 'autoplay': False, 'is_background_play': True}",video,734,63.003,0.09
6965,8b46daed-0c28-4f12-b18e-20346a3a9047,75bf6373-1b6a-4458-b705-0cca3f4f3bb0,pause,2026-01-11 18:16:18.771077+00:00,,ios,"{'country': 'SA', 'city': 'Riyadh', 'language': 'ar', 'user_type': 'registered', 'is_subscribed': True, 'trial_user': False, 'autoplay': False, 'is_background_play': True}",video,734,,
6966,8b46daed-0c28-4f12-b18e-20346a3a9047,1a0333d1-2bd7-45a6-adcf-81b6860cda32,play,2026-01-11 18:07:18.771085+00:00,141190.0,web-chrome,"{'country': 'SA', 'city': 'Riyadh', 'language': 'ar', 'user_type': 'registered', 'is_subscribed': True, 'trial_user': False, 'autoplay': False, 'is_background_play': False}",video,734,141.19,0.19
6967,8b46daed-0c28-4f12-b18e-20346a3a9047,7584ef7b-c8cf-41ea-9902-dc29bb6ca1e4,pause,2026-01-11 18:49:18.771094+00:00,377000.0,android,"{'country': 'SA', 'city': 'Riyadh', 'language': 'ar', 'user_type': 'registered', 'is_subscribed': True, 'trial_user': False, 'autoplay': False, 'is_background_play': True}",video,734,377.0,0.51
6968,8b46daed-0c28-4f12-b18e-20346a3a9047,d5c54665-adef-43b3-b0b9-52f5595bd88a,click,2026-01-11 18:40:18.771103+00:00,,android,"{'country': 'SA', 'city': 'Riyadh', 'language': 'ar', 'user_type': 'registered', 'is_subscribed': True, 'trial_user': False, 'autoplay': False, 'is_background_play': False}",video,734,,
6969,8b46daed-0c28-4f12-b18e-20346a3a9047,d3fc9d69-6274-494b-be30-a320de628fd6,click,2026-01-11 18:14:18.771112+00:00,,web-chrome,"{'country': 'SA', 'city': 'Riyadh', 'language': 'ar', 'user_type': 'registered', 'is_subscribed': True, 'trial_user': False, 'autoplay': False, 'is_background_play': True}",video,734,,
6970,8b46daed-0c28-4f12-b18e-20346a3a9047,b79b7877-31c5-4ec9-afa1-5fb9dd2ecd9e,click,2026-01-11 18:24:18.771120+00:00,,android,"{'country': 'SA', 'city': 'Riyadh', 'language': 'ar', 'user_type': 'registered', 'is_subscribed': True, 'trial_user': False, 'autoplay': False, 'is_background_play': True}",video,734,,
6971,8b46daed-0c28-4f12-b18e-20346a3a9047,eb076863-dca0-40b4-84b8-3eceda31b82a,click,2026-01-11 18:45:18.771128+00:00,,web-chrome,"{'country': 'SA', 'city': 'Riyadh', 'language': 'ar', 'user_type': 'registered', 'is_subscribed': True, 'trial_user': False, 'autoplay': False, 'is_background_play': False}",video,734,,
6972,8b46daed-0c28-4f12-b18e-20346a3a9047,b9151242-4b48-48ec-a3b5-85e81bb92b88,click,2026-01-11 18:38:18.771137+00:00,,android,"{'country': 'SA', 'city': 'Riyadh', 'language': 'ar', 'user_type': 'registered', 'is_subscribed': True, 'trial_user': False, 'autoplay': False, 'is_background_play': True}",video,734,,
6973,8b46daed-0c28-4f12-b18e-20346a3a9047,628c66c6-1fd3-4c91-82cf-7850800841d4,finish,2026-01-11 18:28:18.771145+00:00,99523.0,web-chrome,"{'country': 'SA', 'city': 'Riyadh', 'language': 'ar', 'user_type': 'registered', 'is_subscribed': True, 'trial_user': False, 'autoplay': False, 'is_background_play': False}",video,734,99.523,0.14
6974,8b46daed-0c28-4f12-b18e-20346a3a9047,f7e606bf-c3dd-40de-9bdc-64413f6a879e,click,2026-01-11 18:52:18.771154+00:00,,web-chrome,"{'country': 'SA', 'city': 'Riyadh', 'language': 'ar', 'user_type': 'registered', 'is_subscribed': True, 'trial_user': False, 'autoplay': False, 'is_background_play': False}",video,734,,
6975,8b46daed-0c28-4f12-b18e-20346a3a9047,98b27446-3d35-4ed5-97fe-47cebc5c2b76,play,2026-01-11 18:33:18.771163+00:00,,web-chrome,"{'country': 'SA', 'city': 'Riyadh', 'language': 'ar', 'user_type': 'registered', 'is_subscribed': True, 'trial_user': False, 'autoplay': False, 'is_background_play': True}",video,734,,
6976,8b46daed-0c28-4f12-b18e-20346a3a9047,af4b2955-08a9-48a2-ad6f-98074bdd9d38,finish,2026-01-11 18:29:18.771171+00:00,269541.0,ios,"{'country': 'SA', 'city': 'Riyadh', 'language': 'ar', 'user_type': 'registered', 'is_subscribed': True, 'trial_user': False, 'autoplay': False, 'is_background_play': True}",video,734,269.541,0.37
6977,8b46daed-0c28-4f12-b18e-20346a3a9047,b34688b7-f67e-404a-b9d2-959fcdf636f0,finish,2026-01-11 18:19:18.771186+00:00,714011.0,web-safari,"{'country': 'SA', 'city': 'Riyadh', 'language': 'ar', 'user_type': 'registered', 'is_subscribed': True, 'trial_user': False, 'autoplay': False, 'is_background_play': False}",video,734,714.011,0.97
6978,8b46daed-0c28-4f12-b18e-20346a3a9047,6c539ce7-bdfc-4996-a52b-9a6681d898f9,click,2026-01-11 18:53:18.771195+00:00,,ios,"{'country': 'SA', 'city': 'Riyadh', 'language': 'ar', 'user_type': 'registered', 'is_subscribed': True, 'trial_user': False, 'autoplay': False, 'is_background_play': True}",video,734,,
6979,8b46daed-0c28-4f12-b18e-20346a3a9047,9e2f4856-7fb0-4b59-aa34-5ef76cc4d5b3,click,2026-01-11 18:08:18.771204+00:00,,web-safari,"{'country': 'SA', 'city': 'Riyadh', 'language': 'ar', 'user_type': 'registered', 'is_subscribed': True, 'trial_user': False, 'autoplay': False, 'is_background_play': False}",video,734,,
6980,8b46daed-0c28-4f12-b18e-20346a3a9047,7d2962d2-edcc-4c6b-b2c6-c257db2b80fb,play,2026-01-11 18:07:18.771212+00:00,552206.0,web-safari,"{'country': 'SA', 'city': 'Riyadh', 'language': 'ar', 'user_type': 'registered', 'is_subscribed': True, 'trial_user': False, 'autoplay': False, 'is_background_play': False}",video,734,552.206,0.75
6981,8b46daed-0c28-4f12-b18e-20346a3a9047,8e4e3966-d484-4491-b110-91da0625e47f,pause,2026-01-11 18:06:18.771221+00:00,207745.0,ios,"{'country': 'SA', 'city': 'Riyadh', 'language': 'ar', 'user_type': 'registered', 'is_subscribed': True, 'trial_user': False, 'autoplay': False, 'is_background_play': True}",video,734,207.745,0.28
6982,8b46daed-0c28-4f12-b18e-20346a3a9047,bad161f7-bb99-42d4-859d-1eb9fb523d55,pause,2026-01-11 18:03:18.771230+00:00,705555.0,web-chrome,"{'country': 'SA', 'city': 'Riyadh', 'language': 'ar', 'user_type': 'registered', 'is_subscribed': True, 'trial_user': False, 'autoplay': False, 'is_background_play': True}",video,734,705.555,0.96
6983,8b46daed-0c28-4f12-b18e-20346a3a9047,3c2b85b5-f6df-4561-b591-e3bfd667942f,click,2026-01-11 18:01:18.771239+00:00,,web-safari,"{'country': 'SA', 'city': 'Riyadh', 'language': 'ar', 'user_type': 'registered', 'is_subscribed': True, 'trial_user': False, 'autoplay': False, 'is_background_play': True}",video,734,,
6984,8b46daed-0c28-4f12-b18e-20346a3a9047,4664fe87-e3ce-42e9-a389-1a63dcc004ae,pause,2026-01-11 18:29:18.771248+00:00,681023.0,ios,"{'country': 'SA', 'city': 'Riyadh', 'language': 'ar', 'user_type': 'registered', 'is_subscribed': True, 'trial_user': False, 'autoplay': False, 'is_background_play': True}",video,734,681.023,0.93
6985,8b46daed-0c28-4f12-b18e-20346a3a9047,289e64b7-c1e1-453b-baa8-7c6e8118e100,finish,2026-01-11 18:10:18.771256+00:00,25336.0,web-safari,"{'country': 'SA', 'city': 'Riyadh', 'language': 'ar', 'user_type': 'registered', 'is_subscribed': True, 'trial_user': False, 'autoplay': False, 'is_background_play': True}",video,734,25.336,0.03
6986,8b46daed-0c28-4f12-b18e-20346a3a9047,5aa6d831-4539-4785-8133-aba5da50bf75,pause,2026-01-11 18:25:18.771265+00:00,196308.0,web-safari,"{'country': 'SA', 'city': 'Riyadh', 'language': 'ar', 'user_type': 'registered', 'is_subscribed': True, 'trial_user': False, 'autoplay': False, 'is_background_play': False}",video,734,196.308,0.27
6987,8b46daed-0c28-4f12-b18e-20346a3a9047,98a44222-d059-43ee-a357-798cfc1925d6,click,2026-01-11 18:51:18.771274+00:00,,web-chrome,"{'country': 'SA', 'city': 'Riyadh', 'language': 'ar', 'user_type': 'registered', 'is_subscribed': True, 'trial_user': False, 'autoplay': False, 'is_background_play': False}",video,734,,
6988,8b46daed-0c28-4f12-b18e-20346a3a9047,e87c3ef1-bdf4-457b-87a2-c25d45055872,click,2026-01-11 18:15:18.771283+00:00,,web-safari,"{'country': 'SA', 'city': 'Riyadh', 'language': 'ar', 'user_type': 'registered', 'is_subscribed': True, 'trial_user': False, 'autoplay': False, 'is_background_play': True}",video,734,,
6989,8b46daed-0c28-4f12-b18e-20346a3a9047,6e17ab5d-1d76-4848-a8d5-29bf691a97f6,click,2026-01-11 18:51:18.771291+00:00,,android,"{'country': 'SA', 'city': 'Riyadh', 'language': 'ar', 'user_type': 'registered', 'is_subscribed': True, 'trial_user': False, 'autoplay': False, 'is_background_play': False}",video,734,,
6990,8b46daed-0c28-4f12-b18e-20346a3a9047,c6c6face-6a2c-44f4-9d9f-e66db4ff5f08,finish,2026-01-11 18:29:18.771299+00:00,132428.0,android,"{'country': 'SA', 'city': 'Riyadh', 'language': 'ar', 'user_type': 'registered', 'is_subscribed': True, 'trial_user': False, 'autoplay': False, 'is_background_play': True}",video,734,132.428,0.18
6991,8b46daed-0c28-4f12-b18e-20346a3a9047,e3b165d3-ff4e-4d74-923d-659fdfe4eca2,click,2026-01-11 18:02:18.771308+00:00,,android,"{'country': 'SA', 'city': 'Riyadh', 'language': 'ar', 'user_type': 'registered', 'is_subscribed': True, 'trial_user': False, 'autoplay': False, 'is_background_play': True}",video,734,,
6992,8b46daed-0c28-4f12-b18e-20346a3a9047,564556b2-c950-4b56-adc5-9b76ae7993ed,play,2026-01-11 18:53:18.771317+00:00,543972.0,ios,"{'country': 'SA', 'city': 'Riyadh', 'language': 'ar', 'user_type': 'registered', 'is_subscribed': True, 'trial_user': False, 'autoplay': False, 'is_background_play': True}",video,734,543.972,0.74
6993,8b46daed-0c28-4f12-b18e-20346a3a9047,780ffa3c-d3ec-430d-991a-761364c7bc38,pause,2026-01-11 18:41:18.771326+00:00,226684.0,ios,"{'country': 'SA', 'city': 'Riyadh', 'language': 'ar', 'user_type': 'registered', 'is_subscribed': True, 'trial_user': False, 'autoplay': False, 'is_background_play': True}",video,734,226.684,0.31
6994,8b46daed-0c28-4f12-b18e-20346a3a9047,2ec6182a-8758-4821-adb2-36d1629cd783,finish,2026-01-11 17:58:18.771335+00:00,175267.0,ios,"{'country': 'SA', 'city': 'Riyadh', 'language': 'ar', 'user_type': 'registered', 'is_subscribed': True, 'trial_user': False, 'autoplay': False, 'is_background_play': False}",video,734,175.267,0.24
6995,8b46daed-0c28-4f12-b18e-20346a3a9047,82ec5d78-7680-43f5-bef3-361e9a891570,play,2026-01-11 18:09:18.771343+00:00,572963.0,web-safari,"{'country': 'SA', 'city': 'Riyadh', 'language': 'ar', 'user_type': 'registered', 'is_subscribed': True, 'trial_user': False, 'autoplay': False, 'is_background_play': False}",video,734,572.963,0.78
6996,8b46daed-0c28-4f12-b18e-20346a3a9047,67726b37-8442-429a-b706-16cbd3d13a06,pause,2026-01-11 18:35:18.771352+00:00,121536.0,web-safari,"{'country': 'SA', 'city': 'Riyadh', 'language': 'ar', 'user_type': 'registered', 'is_subscribed': True, 'trial_user': False, 'autoplay': False, 'is_background_play': True}",video,734,121.536,0.17
6997,8b46daed-0c28-4f12-b18e-20346a3a9047,a8b63055-4cab-42ec-b942-3ac3089f6216,play,2026-01-11 18:03:18.771362+00:00,729302.0,web-chrome,"{'country': 'SA', 'city': 'Riyadh', 'language': 'ar', 'user_type': 'registered', 'is_subscribed': True, 'trial_user': False, 'autoplay': False, 'is_background_play': True}",video,734,729.302,0.99
6998,8b46daed-0c28-4f12-b18e-20346a3a9047,d462b022-e912-4f7b-b05b-34a6efe4bef1,click,2026-01-11 18:27:18.771371+00:00,,web-safari,"{'country': 'SA', 'city': 'Riyadh', 'language': 'ar', 'user_type': 'registered', 'is_subscribed': True, 'trial_user': False, 'autoplay': False, 'is_background_play': True}",video,734,,
6999,8b46daed-0c28-4f12-b18e-20346a3a9047,4930b144-0390-43d3-9151-c0497f9768fb,finish,2026-01-11 18:39:18.771379+00:00,445891.0,web-chrome,"{'country': 'SA', 'city': 'Riyadh', 'language': 'ar', 'user_type': 'registered', 'is_subscribed': True, 'trial_user': False, 'autoplay': False, 'is_background_play': True}",video,734,445.891,0.61
7000,8b46daed-0c28-4f12-b18e-20346a3a9047,30ae7bc1-5832-4670-94e0-63b2c191564d,pause,2026-01-11 18:29:18.771389+00:00,18325.0,web-chrome,"{'country': 'SA', 'city': 'Riyadh', 'language': 'ar', 'user_type': 'registered', 'is_subscribed': True, 'trial_user': False, 'autoplay': False, 'is_background_play': True}",video,734,18.325,0.02
7001,6f6794e5-5757-484d-be3b-cfb26654c47b,0e90bce7-ff60-40ed-a123-6c4aed7ba2a9,play,2026-01-11 18:54:18.771398+00:00,191699.0,ios,"{'country': 'SA', 'city': 'Riyadh', 'language': 'ar', 'user_type': 'registered', 'is_subscribed': True, 'trial_user': False, 'autoplay': False, 'is_background_play': True}",video,619,191.699,0.31
7002,6f6794e5-5757-484d-be3b-cfb26654c47b,1bf41d92-7b8f-415c-84bd-119e41f482f9,finish,2026-01-11 18:22:18.771414+00:00,561651.0,web-chrome,"{'country': 'SA', 'city': 'Riyadh', 'language': 'ar', 'user_type': 'registered', 'is_subscribed': True, 'trial_user': False, 'autoplay': False, 'is_background_play': False}",video,619,561.651,0.91
7003,6f6794e5-5757-484d-be3b-cfb26654c47b,17ab1604-88d8-4c0b-a34b-37b52845e3b4,finish,2026-01-11 17:55:18.771424+00:00,248477.0,android,"{'country': 'SA', 'city': 'Riyadh', 'language': 'ar', 'user_type': 'registered', 'is_subscribed': True, 'trial_user': False, 'autoplay': False, 'is_background_play': False}",video,619,248.477,0.4
7004,6f6794e5-5757-484d-be3b-cfb26654c47b,bd127093-baf8-44a2-b12e-8cc0b2b8df96,click,2026-01-11 18:33:18.771433+00:00,,web-chrome,"{'country': 'SA', 'city': 'Riyadh', 'language': 'ar', 'user_type': 'registered', 'is_subscribed': True, 'trial_user': False, 'autoplay': False, 'is_background_play': False}",video,619,,
7005,6f6794e5-5757-484d-be3b-cfb26654c47b,cc4f8994-3785-4c1b-b424-354603a00772,click,2026-01-11 18:01:18.771442+00:00,,android,"{'country': 'SA', 'city': 'Riyadh', 'language': 'ar', 'user_type': 'registered', 'is_subscribed': True, 'trial_user': False, 'autoplay': False, 'is_background_play': False}",video,619,,
7006,6f6794e5-5757-484d-be3b-cfb26654c47b,649ad238-4217-4c15-8258-9a2ba5d4fbfd,play,2026-01-11 17:57:18.771451+00:00,459374.0,ios,"{'country': 'SA', 'city': 'Riyadh', 'language': 'ar', 'user_type': 'registered', 'is_subscribed': True, 'trial_user': False, 'autoplay': False, 'is_background_play': False}",video,619,459.374,0.74
7007,6f6794e5-5757-484d-be3b-cfb26654c47b,10ca3a15-53a1-4f3c-9cfc-bb3e712edf65,finish,2026-01-11 18:23:18.771460+00:00,277037.0,ios,"{'country': 'SA', 'city': 'Riyadh', 'language': 'ar', 'user_type': 'registered', 'is_subscribed': True, 'trial_user': False, 'autoplay': False, 'is_background_play': False}",video,619,277.037,0.45
7008,6f6794e5-5757-484d-be3b-cfb26654c47b,c6efee85-2218-4e90-b50f-fcf7861829eb,finish,2026-01-11 18:11:18.771469+00:00,521427.0,android,"{'country': 'SA', 'city': 'Riyadh', 'language': 'ar', 'user_type': 'registered', 'is_subscribed': True, 'trial_user': False, 'autoplay': False, 'is_background_play': False}",video,619,521.427,0.84
7009,6f6794e5-5757-484d-be3b-cfb26654c47b,ba07275c-8cd8-4b0d-98fa-b80c58438ef7,pause,2026-01-11 18:20:18.771478+00:00,218216.0,web-safari,"{'country': 'SA', 'city': 'Riyadh', 'language': 'ar', 'user_type': 'registered', 'is_subscribed': True, 'trial_user': False, 'autoplay': False, 'is_background_play': False}",video,619,218.216,0.35
7010,6f6794e5-5757-484d-be3b-cfb26654c47b,e387dc94-b679-45b3-92e3-fa34ffec9ea5,play,2026-01-11 18:25:18.771487+00:00,212176.0,ios,"{'country': 'SA', 'city': 'Riyadh', 'language': 'ar', 'user_type': 'registered', 'is_subscribed': True, 'trial_user': False, 'autoplay': False, 'is_background_play': False}",video,619,212.176,0.34
7011,6f6794e5-5757-484d-be3b-cfb26654c47b,94fd958b-aec0-4132-bee4-c1ea94fd20b8,play,2026-01-11 18:04:18.771495+00:00,116037.0,web-safari,"{'country': 'SA', 'city': 'Riyadh', 'language': 'ar', 'user_type': 'registered', 'is_subscribed': True, 'trial_user': False, 'autoplay': False, 'is_background_play': False}",video,619,116.037,0.19
7012,6f6794e5-5757-484d-be3b-cfb26654c47b,90ea89e3-483a-4e40-83d8-89bac56d7857,click,2026-01-11 18:19:18.771504+00:00,,ios,"{'country': 'SA', 'city': 'Riyadh', 'language': 'ar', 'user_type': 'registered', 'is_subscribed': True, 'trial_user': False, 'autoplay': False, 'is_background_play': True}",video,619,,
7013,6f6794e5-5757-484d-be3b-cfb26654c47b,93a98397-f5a2-4ba5-8a5b-6b2ecfbad59c,click,2026-01-11 18:10:18.771513+00:00,,web-safari,"{'country': 'SA', 'city': 'Riyadh', 'language': 'ar', 'user_type': 'registered', 'is_subscribed': True, 'trial_user': False, 'autoplay': False, 'is_background_play': False}",video,619,,
7014,6f6794e5-5757-484d-be3b-cfb26654c47b,82ca8312-fce0-4605-b930-8ce4f031b5d8,play,2026-01-11 18:36:18.771521+00:00,446388.0,web-chrome,"{'country': 'SA', 'city': 'Riyadh', 'language': 'ar', 'user_type': 'registered', 'is_subscribed': True, 'trial_user': False, 'autoplay': False, 'is_background_play': False}",video,619,446.388,0.72
7015,6f6794e5-5757-484d-be3b-cfb26654c47b,8ecb31e2-2708-40c4-8510-87214ad7213c,play,2026-01-11 18:01:18.771530+00:00,488654.0,android,"{'country': 'SA', 'city': 'Riyadh', 'language': 'ar', 'user_type': 'registered', 'is_subscribed': True, 'trial_user': False, 'autoplay': False, 'is_background_play': True}",video,619,488.654,0.79
7016,6f6794e5-5757-484d-be3b-cfb26654c47b,5552756a-f7ef-47bf-81cf-1025a5cb60d0,pause,2026-01-11 18:24:18.771539+00:00,284427.0,ios,"{'country': 'SA', 'city': 'Riyadh', 'language': 'ar', 'user_type': 'registered', 'is_subscribed': True, 'trial_user': False, 'autoplay': False, 'is_background_play': False}",video,619,284.427,0.46
7017,6f6794e5-5757-484d-be3b-cfb26654c47b,f0e1067f-757e-45a4-90db-3feb40eff1cc,finish,2026-01-11 18:32:18.771548+00:00,313613.0,web-chrome,"{'country': 'SA', 'city': 'Riyadh', 'language': 'ar', 'user_type': 'registered', 'is_subscribed': True, 'trial_user': False, 'autoplay': False, 'is_background_play': False}",video,619,313.613,0.51
7018,6f6794e5-5757-484d-be3b-cfb26654c47b,5476218d-74bf-4dcb-8e76-af36c66704fa,play,2026-01-11 18:16:18.771557+00:00,374863.0,web-safari,"{'country': 'SA', 'city': 'Riyadh', 'language': 'ar', 'user_type': 'registered', 'is_subscribed': True, 'trial_user': False, 'autoplay': False, 'is_background_play': True}",video,619,374.863,0.61
7019,6f6794e5-5757-484d-be3b-cfb26654c47b,63c445af-3456-43d0-8438-2d34bcb2757a,pause,2026-01-11 18:36:18.771565+00:00,,ios,"{'country': 'SA', 'city': 'Riyadh', 'language': 'ar', 'user_type': 'registered', 'is_subscribed': True, 'trial_user': False, 'autoplay': False, 'is_background_play': True}",video,619,,
7020,6f6794e5-5757-484d-be3b-cfb26654c47b,10e905a3-8f7d-4bed-9bd7-ea8399736201,play,2026-01-11 18:47:18.771574+00:00,426275.0,ios,"{'country': 'SA', 'city': 'Riyadh', 'language': 'ar', 'user_type': 'registered', 'is_subscribed': True, 'trial_user': False, 'autoplay': False, 'is_background_play': False}",video,619,426.275,0.69
7021,6f6794e5-5757-484d-be3b-cfb26654c47b,c280d3ab-260b-46cb-8b95-bb5e0f479a56,pause,2026-01-11 17:57:18.771583+00:00,,ios,"{'country': 'SA', 'city': 'Riyadh', 'language': 'ar', 'user_type': 'registered', 'is_subscribed': True, 'trial_user': False, 'autoplay': False, 'is_background_play': False}",video,619,,
7022,6f6794e5-5757-484d-be3b-cfb26654c47b,6acc681c-7aa6-4920-9248-998f06db7757,pause,2026-01-11 18:55:18.771591+00:00,507359.0,android,"{'country': 'SA', 'city': 'Riyadh', 'language': 'ar', 'user_type': 'registered', 'is_subscribed': True, 'trial_user': False, 'autoplay': False, 'is_background_play': True}",video,619,507.359,0.82
7023,6f6794e5-5757-484d-be3b-cfb26654c47b,a76e3ac4-7135-414b-b0f1-0692e361b22d,play,2026-01-11 18:27:18.771600+00:00,398187.0,android,"{'country': 'SA', 'city': 'Riyadh', 'language': 'ar', 'user_type': 'registered', 'is_subscribed': True, 'trial_user': False, 'autoplay': False, 'is_background_play': False}",video,619,398.187,0.64
7024,6f6794e5-5757-484d-be3b-cfb26654c47b,385ca474-cee7-4957-9ecf-6cc7f8771670,finish,2026-01-11 18:29:18.771609+00:00,606565.0,web-safari,"{'country': 'SA', 'city': 'Riyadh', 'language': 'ar', 'user_type': 'registered', 'is_subscribed': True, 'trial_user': False, 'autoplay': False, 'is_background_play': True}",video,619,606.565,0.98
7025,6f6794e5-5757-484d-be3b-cfb26654c47b,df7e5380-3da5-4e8f-82cd-2e1dae7e2c76,click,2026-01-11 18:34:18.771618+00:00,,web-chrome,"{'country': 'SA', 'city': 'Riyadh', 'language': 'ar', 'user_type': 'registered', 'is_subscribed': True, 'trial_user': False, 'autoplay': False, 'is_background_play': True}",video,619,,
7026,6f6794e5-5757-484d-be3b-cfb26654c47b,1c857564-3ac0-489f-a04d-95e6b23c102d,play,2026-01-11 17:58:18.771627+00:00,260927.0,web-safari,"{'country': 'SA', 'city': 'Riyadh', 'language': 'ar', 'user_type': 'registered', 'is_subscribed': True, 'trial_user': False, 'autoplay': False, 'is_background_play': True}",video,619,260.927,0.42
7027,6f6794e5-5757-484d-be3b-cfb26654c47b,66f91a4f-9ea3-4a49-b944-6f3076ac8dcc,play,2026-01-11 18:49:18.771642+00:00,545664.0,web-chrome,"{'country': 'SA', 'city': 'Riyadh', 'language': 'ar', 'user_type': 'registered', 'is_subscribed': True, 'trial_user': False, 'autoplay': False, 'is_background_play': True}",video,619,545.664,0.88
7028,6f6794e5-5757-484d-be3b-cfb26654c47b,3ab3f42d-d271-46c6-aa70-d7b240404af9,pause,2026-01-11 18:24:18.771651+00:00,,web-safari,"{'country': 'SA', 'city': 'Riyadh', 'language': 'ar', 'user_type': 'registered', 'is_subscribed': True, 'trial_user': False, 'autoplay': False, 'is_background_play': False}",video,619,,
7029,6f6794e5-5757-484d-be3b-cfb26654c47b,c0962d34-de31-4e52-86d3-acb7f93a9c9b,finish,2026-01-11 17:55:18.771660+00:00,519811.0,android,"{'country': 'SA', 'city': 'Riyadh', 'language': 'ar', 'user_type': 'registered', 'is_subscribed': True, 'trial_user': False, 'autoplay': False, 'is_background_play': False}",video,619,519.811,0.84
7030,6f6794e5-5757-484d-be3b-cfb26654c47b,f8beca4c-3e4f-407b-b59d-65b320b40455,pause,2026-01-11 18:19:18.771669+00:00,309895.0,web-chrome,"{'country': 'SA', 'city': 'Riyadh', 'language': 'ar', 'user_type': 'registered', 'is_subscribed': True, 'trial_user': False, 'autoplay': False, 'is_background_play': True}",video,619,309.895,0.5
7031,6f6794e5-5757-484d-be3b-cfb26654c47b,6cbfc346-8fbf-4e1b-8a80-1fbe92dcdfc9,click,2026-01-11 18:08:18.771678+00:00,,web-safari,"{'country': 'SA', 'city': 'Riyadh', 'language': 'ar', 'user_type': 'registered', 'is_subscribed': True, 'trial_user': False, 'autoplay': False, 'is_background_play': True}",video,619,,
7032,6f6794e5-5757-484d-be3b-cfb26654c47b,6cfb31ab-5df5-465f-9a83-5f0489809d3a,pause,2026-01-11 17:58:18.771686+00:00,58962.0,web-chrome,"{'country': 'SA', 'city': 'Riyadh', 'language': 'ar', 'user_type': 'registered', 'is_subscribed': True, 'trial_user': False, 'autoplay': False, 'is_background_play': False}",video,619,58.962,0.1
7033,6f6794e5-5757-484d-be3b-cfb26654c47b,d49f508f-4037-4155-b447-4c414f226866,play,2026-01-11 18:38:18.771695+00:00,239982.0,web-chrome,"{'country': 'SA', 'city': 'Riyadh', 'language': 'ar', 'user_type': 'registered', 'is_subscribed': True, 'trial_user': False, 'autoplay': False, 'is_background_play': False}",video,619,239.982,0.39
7034,6f6794e5-5757-484d-be3b-cfb26654c47b,0d15056e-6c0d-4f17-82d8-bc1f8666c591,click,2026-01-11 18:35:18.771704+00:00,,web-safari,"{'country': 'SA', 'city': 'Riyadh', 'language': 'ar', 'user_type': 'registered', 'is_subscribed': True, 'trial_user': False, 'autoplay': False, 'is_background_play': True}",video,619,,
7035,6f6794e5-5757-484d-be3b-cfb26654c47b,b5929c6d-800f-429a-9a51-3b40b5463dc3,pause,2026-01-11 18:00:18.771713+00:00,,ios,"{'country': 'SA', 'city': 'Riyadh', 'language': 'ar', 'user_type': 'registered', 'is_subscribed': True, 'trial_user': False, 'autoplay': False, 'is_background_play': True}",video,619,,
7036,6f6794e5-5757-484d-be3b-cfb26654c47b,52c109ce-92d5-4de7-b345-461819b3e1b0,play,2026-01-11 18:02:18.771721+00:00,512278.0,web-chrome,"{'country': 'SA', 'city': 'Riyadh', 'language': 'ar', 'user_type': 'registered', 'is_subscribed': True, 'trial_user': False, 'autoplay': False, 'is_background_play': True}",video,619,512.278,0.83
7037,6f6794e5-5757-484d-be3b-cfb26654c47b,c9a9338b-e777-4f17-8b30-2b2dfc4f0681,finish,2026-01-11 18:41:18.771731+00:00,560867.0,web-safari,"{'country': 'SA', 'city': 'Riyadh', 'language': 'ar', 'user_type': 'registered', 'is_subscribed': True, 'trial_user': False, 'autoplay': False, 'is_background_play': False}",video,619,560.867,0.91
7038,6f6794e5-5757-484d-be3b-cfb26654c47b,3f9d6114-474c-4881-ac9a-c3898b0b78a4,click,2026-01-11 17:55:18.771739+00:00,,web-chrome,"{'country': 'SA', 'city': 'Riyadh', 'language': 'ar', 'user_type': 'registered', 'is_subscribed': True, 'trial_user': False, 'autoplay': False, 'is_background_play': True}",video,619,,
7039,6f6794e5-5757-484d-be3b-cfb26654c47b,71958a27-b7e8-4397-a3d3-731fb30ac925,click,2026-01-11 18:16:18.771748+00:00,,web-chrome,"{'country': 'SA', 'city': 'Riyadh', 'language': 'ar', 'user_type': 'registered', 'is_subscribed': True, 'trial_user': False, 'autoplay': False, 'is_background_play': False}",video,619,,
7040,6f6794e5-5757-484d-be3b-cfb26654c47b,56ab2ec3-14aa-489e-b28e-64cdd7fc93a1,pause,2026-01-11 18:44:18.771756+00:00,587751.0,ios,"{'country': 'SA', 'city': 'Riyadh', 'language': 'ar', 'user_type': 'registered', 'is_subscribed': True, 'trial_user': False, 'autoplay': False, 'is_background_play': True}",video,619,587.751,0.95
7041,63c4a4d7-a934-4b48-b4db-d32f0f78b82f,e037b6e3-d6ff-48ca-9fba-f1dce33ce5f9,finish,2026-01-11 18:38:18.771765+00:00,607193.0,web-chrome,"{'country': 'SA', 'city': 'Riyadh', 'language': 'ar', 'user_type': 'registered', 'is_subscribed': True, 'trial_user': False, 'autoplay': False, 'is_background_play': False}",newsletter,614,607.193,0.99
7042,63c4a4d7-a934-4b48-b4db-d32f0f78b82f,ccc81892-ff51-448c-ae41-ee9bd2aea67f,click,2026-01-11 18:26:18.771774+00:00,,android,"{'country': 'SA', 'city': 'Riyadh', 'language': 'ar', 'user_type': 'registered', 'is_subscribed': True, 'trial_user': False, 'autoplay': False, 'is_background_play': True}",newsletter,614,,
7043,63c4a4d7-a934-4b48-b4db-d32f0f78b82f,fd66d2f7-2603-41cd-a577-afb3fc8a0784,finish,2026-01-11 18:22:18.771783+00:00,121034.0,web-chrome,"{'country': 'SA', 'city': 'Riyadh', 'language': 'ar', 'user_type': 'registered', 'is_subscribed': True, 'trial_user': False, 'autoplay': False, 'is_background_play': True}",newsletter,614,121.034,0.2
7044,63c4a4d7-a934-4b48-b4db-d32f0f78b82f,f12e5d7f-0c2e-463c-beee-0976f6235343,play,2026-01-11 18:26:18.771792+00:00,,android,"{'country': 'SA', 'city': 'Riyadh', 'language': 'ar', 'user_type': 'registered', 'is_subscribed': True, 'trial_user': False, 'autoplay': False, 'is_background_play': False}",newsletter,614,,
7045,63c4a4d7-a934-4b48-b4db-d32f0f78b82f,022668ee-3f68-4898-bc8e-8855286263e0,pause,2026-01-11 18:54:18.771800+00:00,454327.0,android,"{'country': 'SA', 'city': 'Riyadh', 'language': 'ar', 'user_type': 'registered', 'is_subscribed': True, 'trial_user': False, 'autoplay': False, 'is_background_play': True}",newsletter,614,454.327,0.74
7046,63c4a4d7-a934-4b48-b4db-d32f0f78b82f,5f8863c4-2108-4c04-8e06-92a446ea45a9,pause,2026-01-11 18:09:18.771809+00:00,522532.0,web-chrome,"{'country': 'SA', 'city': 'Riyadh', 'language': 'ar', 'user_type': 'registered', 'is_subscribed': True, 'trial_user': False, 'autoplay': False, 'is_background_play': False}",newsletter,614,522.532,0.85
7047,63c4a4d7-a934-4b48-b4db-d32f0f78b82f,73add245-cf3b-4eb5-b62a-f905b8a31076,pause,2026-01-11 18:14:18.771818+00:00,333358.0,android,"{'country': 'SA', 'city': 'Riyadh', 'language': 'ar', 'user_type': 'registered', 'is_subscribed': True, 'trial_user': False, 'autoplay': False, 'is_background_play': True}",newsletter,614,333.358,0.54
7048,63c4a4d7-a934-4b48-b4db-d32f0f78b82f,b52bf9bd-6163-47be-8dda-4951fc1b327e,pause,2026-01-11 18:41:18.771827+00:00,,web-safari,"{'country': 'SA', 'city': 'Riyadh', 'language': 'ar', 'user_type': 'registered', 'is_subscribed': True, 'trial_user': False, 'autoplay': False, 'is_background_play': False}",newsletter,614,,
7049,63c4a4d7-a934-4b48-b4db-d32f0f78b82f,ccd4130b-1ff4-4e30-93ed-5f3c9e9df7ec,play,2026-01-11 18:22:18.771835+00:00,,web-chrome,"{'country': 'SA', 'city': 'Riyadh', 'language': 'ar', 'user_type': 'registered', 'is_subscribed': True, 'trial_user': False, 'autoplay': False, 'is_background_play': False}",newsletter,614,,
7050,63c4a4d7-a934-4b48-b4db-d32f0f78b82f,a312ef9c-1016-4c6f-9ee8-1049f073abb0,click,2026-01-11 17:59:18.771844+00:00,,ios,"{'country': 'SA', 'city': 'Riyadh', 'language': 'ar', 'user_type': 'registered', 'is_subscribed': True, 'trial_user': False, 'autoplay': False, 'is_background_play': True}",newsletter,614,,
7051,63c4a4d7-a934-4b48-b4db-d32f0f78b82f,8c8904ff-688b-4d38-9ba9-cc815ef8b9dd,finish,2026-01-11 18:21:18.771852+00:00,500871.0,web-chrome,"{'country': 'SA', 'city': 'Riyadh', 'language': 'ar', 'user_type': 'registered', 'is_subscribed': True, 'trial_user': False, 'autoplay': False, 'is_background_play': False}",newsletter,614,500.871,0.82
7052,63c4a4d7-a934-4b48-b4db-d32f0f78b82f,a42fe2a4-445e-44e6-a6e8-4f2e97a30c49,play,2026-01-11 18:51:18.771870+00:00,520025.0,ios,"{'country': 'SA', 'city': 'Riyadh', 'language': 'ar', 'user_type': 'registered', 'is_subscribed': True, 'trial_user': False, 'autoplay': False, 'is_background_play': False}",newsletter,614,520.025,0.85
7053,63c4a4d7-a934-4b48-b4db-d32f0f78b82f,80f11c6e-24a6-4c39-90d7-663fd1baedfb,finish,2026-01-11 18:51:18.771880+00:00,104554.0,web-safari,"{'country': 'SA', 'city': 'Riyadh', 'language': 'ar', 'user_type': 'registered', 'is_subscribed': True, 'trial_user': False, 'autoplay': False, 'is_background_play': False}",newsletter,614,104.554,0.17
7054,63c4a4d7-a934-4b48-b4db-d32f0f78b82f,63c67043-b196-4638-919f-f6c935c138cf,finish,2026-01-11 18:16:18.771889+00:00,561959.0,android,"{'country': 'SA', 'city': 'Riyadh', 'language': 'ar', 'user_type': 'registered', 'is_subscribed': True, 'trial_user': False, 'autoplay': False, 'is_background_play': False}",newsletter,614,561.959,0.92
7055,63c4a4d7-a934-4b48-b4db-d32f0f78b82f,3fb3d003-3655-401b-b105-13bfaeb0f153,play,2026-01-11 18:41:18.771898+00:00,,android,"{'country': 'SA', 'city': 'Riyadh', 'language': 'ar', 'user_type': 'registered', 'is_subscribed': True, 'trial_user': False, 'autoplay': False, 'is_background_play': False}",newsletter,614,,
7056,63c4a4d7-a934-4b48-b4db-d32f0f78b82f,d06609e0-e48b-47d9-8a1e-faa3ae94b5fe,play,2026-01-11 18:09:18.771906+00:00,258068.0,web-safari,"{'country': 'SA', 'city': 'Riyadh', 'language': 'ar', 'user_type': 'registered', 'is_subscribed': True, 'trial_user': False, 'autoplay': False, 'is_background_play': False}",newsletter,614,258.068,0.42
7057,63c4a4d7-a934-4b48-b4db-d32f0f78b82f,700a9148-696e-4282-9997-fbd93e836102,play,2026-01-11 18:31:18.771915+00:00,166316.0,ios,"{'country': 'SA', 'city': 'Riyadh', 'language': 'ar', 'user_type': 'registered', 'is_subscribed': True, 'trial_user': False, 'autoplay': False, 'is_background_play': True}",newsletter,614,166.316,0.27
7058,63c4a4d7-a934-4b48-b4db-d32f0f78b82f,cbe9727b-1785-43e2-ad5b-5875aef3c0f0,pause,2026-01-11 18:02:18.771924+00:00,167960.0,web-safari,"{'country': 'SA', 'city': 'Riyadh', 'language': 'ar', 'user_type': 'registered', 'is_subscribed': True, 'trial_user': False, 'autoplay': False, 'is_background_play': True}",newsletter,614,167.96,0.27
7059,63c4a4d7-a934-4b48-b4db-d32f0f78b82f,5557cf0a-9617-4bf1-aa69-fb6bc55d9559,click,2026-01-11 18:47:18.771933+00:00,,web-chrome,"{'country': 'SA', 'city': 'Riyadh', 'language': 'ar', 'user_type': 'registered', 'is_subscribed': True, 'trial_user': False, 'autoplay': False, 'is_background_play': True}",newsletter,614,,
7060,63c4a4d7-a934-4b48-b4db-d32f0f78b82f,44673e90-a078-4561-851f-3e4d33a9c86b,click,2026-01-11 18:30:18.771942+00:00,,android,"{'country': 'SA', 'city': 'Riyadh', 'language': 'ar', 'user_type': 'registered', 'is_subscribed': True, 'trial_user': False, 'autoplay': False, 'is_background_play': True}",newsletter,614,,
7061,63c4a4d7-a934-4b48-b4db-d32f0f78b82f,58a27094-3b6a-4609-a576-1293c94e8fd8,click,2026-01-11 18:22:18.771951+00:00,,web-safari,"{'country': 'SA', 'city': 'Riyadh', 'language': 'ar', 'user_type': 'registered', 'is_subscribed': True, 'trial_user': False, 'autoplay': False, 'is_background_play': True}",newsletter,614,,
7062,63c4a4d7-a934-4b48-b4db-d32f0f78b82f,e9573d14-3356-4b77-8bfb-f7efc72f3ae4,pause,2026-01-11 17:56:18.771959+00:00,506868.0,web-chrome,"{'country': 'SA', 'city': 'Riyadh', 'language': 'ar', 'user_type': 'registered', 'is_subscribed': True, 'trial_user': False, 'autoplay': False, 'is_background_play': True}",newsletter,614,506.868,0.83
7063,63c4a4d7-a934-4b48-b4db-d32f0f78b82f,a79f94ec-8fb0-498f-8614-2d3cafcad151,play,2026-01-11 18:21:18.771968+00:00,320145.0,android,"{'country': 'SA', 'city': 'Riyadh', 'language': 'ar', 'user_type': 'registered', 'is_subscribed': True, 'trial_user': False, 'autoplay': False, 'is_background_play': True}",newsletter,614,320.145,0.52
7064,63c4a4d7-a934-4b48-b4db-d32f0f78b82f,005476d8-4961-409a-beef-77618a5d5488,play,2026-01-11 18:33:18.771977+00:00,,web-chrome,"{'country': 'SA', 'city': 'Riyadh', 'language': 'ar', 'user_type': 'registered', 'is_subscribed': True, 'trial_user': False, 'autoplay': False, 'is_background_play': False}",newsletter,614,,
7065,63c4a4d7-a934-4b48-b4db-d32f0f78b82f,7f888be0-3658-4248-a74d-047612b280a5,play,2026-01-11 17:58:18.771986+00:00,164134.0,web-safari,"{'country': 'SA', 'city': 'Riyadh', 'language': 'ar', 'user_type': 'registered', 'is_subscribed': True, 'trial_user': False, 'autoplay': False, 'is_background_play': False}",newsletter,614,164.134,0.27
7066,63c4a4d7-a934-4b48-b4db-d32f0f78b82f,e6eca5ec-2a0c-4df3-935b-7838cce61ea9,pause,2026-01-11 18:13:18.771994+00:00,293166.0,android,"{'country': 'SA', 'city': 'Riyadh', 'language': 'ar', 'user_type': 'registered', 'is_subscribed': True, 'trial_user': False, 'autoplay': False, 'is_background_play': False}",newsletter,614,293.166,0.48
7067,63c4a4d7-a934-4b48-b4db-d32f0f78b82f,909a2d86-0892-4368-9e15-5e565f02b7b0,pause,2026-01-11 18:53:18.772003+00:00,544552.0,ios,"{'country': 'SA', 'city': 'Riyadh', 'language': 'ar', 'user_type': 'registered', 'is_subscribed': True, 'trial_user': False, 'autoplay': False, 'is_background_play': False}",newsletter,614,544.552,0.89
7068,63c4a4d7-a934-4b48-b4db-d32f0f78b82f,5e550e2a-a4c3-4ffa-af07-f0333e859f6a,finish,2026-01-11 17:57:18.772012+00:00,428567.0,web-safari,"{'country': 'SA', 'city': 'Riyadh', 'language': 'ar', 'user_type': 'registered', 'is_subscribed': True, 'trial_user': False, 'autoplay': False, 'is_background_play': False}",newsletter,614,428.567,0.7
7069,63c4a4d7-a934-4b48-b4db-d32f0f78b82f,75fea138-c92e-4483-87c7-318abe585271,play,2026-01-11 18:44:18.772021+00:00,337299.0,android,"{'country': 'SA', 'city': 'Riyadh', 'language': 'ar', 'user_type': 'registered', 'is_subscribed': True, 'trial_user': False, 'autoplay': False, 'is_background_play': False}",newsletter,614,337.299,0.55
7070,63c4a4d7-a934-4b48-b4db-d32f0f78b82f,d5a4aec3-be3f-41e8-a05a-a0ba2b6e1b60,click,2026-01-11 18:43:18.772030+00:00,,web-safari,"{'country': 'SA', 'city': 'Riyadh', 'language': 'ar', 'user_type': 'registered', 'is_subscribed': True, 'trial_user': False, 'autoplay': False, 'is_background_play': True}",newsletter,614,,
7071,63c4a4d7-a934-4b48-b4db-d32f0f78b82f,5d6295f7-19b0-4cd1-8273-cc2c30ac99e8,pause,2026-01-11 18:06:18.772038+00:00,477011.0,web-chrome,"{'country': 'SA', 'city': 'Riyadh', 'language': 'ar', 'user_type': 'registered', 'is_subscribed': True, 'trial_user': False, 'autoplay': False, 'is_background_play': True}",newsletter,614,477.011,0.78
7072,63c4a4d7-a934-4b48-b4db-d32f0f78b82f,fb17ccd8-c36f-484f-af14-634dff37718d,finish,2026-01-11 18:02:18.772047+00:00,587240.0,ios,"{'country': 'SA', 'city': 'Riyadh', 'language': 'ar', 'user_type': 'registered', 'is_subscribed': True, 'trial_user': False, 'autoplay': False, 'is_background_play': True}",newsletter,614,587.24,0.96
7073,63c4a4d7-a934-4b48-b4db-d32f0f78b82f,b87e25d6-705f-47c3-8f98-820ffdb34125,pause,2026-01-11 18:45:18.772056+00:00,482157.0,android,"{'country': 'SA', 'city': 'Riyadh', 'language': 'ar', 'user_type': 'registered', 'is_subscribed': True, 'trial_user': False, 'autoplay': False, 'is_background_play': True}",newsletter,614,482.157,0.79
7074,63c4a4d7-a934-4b48-b4db-d32f0f78b82f,d4e678fa-093f-482a-9561-d49d1af0f8d9,click,2026-01-11 18:40:18.772065+00:00,,web-safari,"{'country': 'SA', 'city': 'Riyadh', 'language': 'ar', 'user_type': 'registered', 'is_subscribed': True, 'trial_user': False, 'autoplay': False, 'is_background_play': True}",newsletter,614,,
7075,63c4a4d7-a934-4b48-b4db-d32f0f78b82f,8f4d960f-e3d4-4a07-b79d-9d7740f544f2,pause,2026-01-11 18:23:18.772073+00:00,,web-safari,"{'country': 'SA', 'city': 'Riyadh', 'language': 'ar', 'user_type': 'registered', 'is_subscribed': True, 'trial_user': False, 'autoplay': False, 'is_background_play': True}",newsletter,614,,
7076,63c4a4d7-a934-4b48-b4db-d32f0f78b82f,459a8ba2-c3b7-41d6-bc80-808cf905f9cc,play,2026-01-11 18:20:18.772082+00:00,76958.0,web-safari,"{'country': 'SA', 'city': 'Riyadh', 'language': 'ar', 'user_type': 'registered', 'is_subscribed': True, 'trial_user': False, 'autoplay': False, 'is_background_play': False}",newsletter,614,76.958,0.13
7077,63c4a4d7-a934-4b48-b4db-d32f0f78b82f,37692985-8e6b-4d6a-8be4-2786b3591ec0,pause,2026-01-11 18:27:18.772099+00:00,116221.0,web-chrome,"{'country': 'SA', 'city': 'Riyadh', 'language': 'ar', 'user_type': 'registered', 'is_subscribed': True, 'trial_user': False, 'autoplay': False, 'is_background_play': True}",newsletter,614,116.221,0.19
7078,63c4a4d7-a934-4b48-b4db-d32f0f78b82f,73d29b47-6ead-469c-b05b-158103aa425a,pause,2026-01-11 18:29:18.772109+00:00,341184.0,web-chrome,"{'country': 'SA', 'city': 'Riyadh', 'language': 'ar', 'user_type': 'registered', 'is_subscribed': True, 'trial_user': False, 'autoplay': False, 'is_background_play': True}",newsletter,614,341.184,0.56
7079,63c4a4d7-a934-4b48-b4db-d32f0f78b82f,1552cfe7-e85b-4927-a189-17e133f552c1,click,2026-01-11 18:08:18.772118+00:00,,web-chrome,"{'country': 'SA', 'city': 'Riyadh', 'language': 'ar', 'user_type': 'registered', 'is_subscribed': True, 'trial_user': False, 'autoplay': False, 'is_background_play': False}",newsletter,614,,
7080,63c4a4d7-a934-4b48-b4db-d32f0f78b82f,bd447026-3e32-404a-9b2a-6bcccbaa5fb0,pause,2026-01-11 18:52:18.772127+00:00,,android,"{'country': 'SA', 'city': 'Riyadh', 'language': 'ar', 'user_type': 'registered', 'is_subscribed': True, 'trial_user': False, 'autoplay': False, 'is_background_play': True}",newsletter,614,,
7081,f0a7b539-6b45-4c70-ba12-3ba7f1a577d3,7824b734-e871-492f-b979-16a823208122,pause,2026-01-11 18:04:18.772135+00:00,,web-safari,"{'country': 'SA', 'city': 'Riyadh', 'language': 'ar', 'user_type': 'registered', 'is_subscribed': True, 'trial_user': False, 'autoplay': False, 'is_background_play': True}",video,1175,,
7082,f0a7b539-6b45-4c70-ba12-3ba7f1a577d3,6970d5b0-578c-4be2-9aa6-2bb616af480e,finish,2026-01-11 18:14:18.772144+00:00,801422.0,web-chrome,"{'country': 'SA', 'city': 'Riyadh', 'language': 'ar', 'user_type': 'registered', 'is_subscribed': True, 'trial_user': False, 'autoplay': False, 'is_background_play': True}",video,1175,801.422,0.68
7083,f0a7b539-6b45-4c70-ba12-3ba7f1a577d3,aa0a6d1f-05d2-4e03-98b5-fbf29b954512,finish,2026-01-11 18:42:18.772153+00:00,1009228.0,ios,"{'country': 'SA', 'city': 'Riyadh', 'language': 'ar', 'user_type': 'registered', 'is_subscribed': True, 'trial_user': False, 'autoplay': False, 'is_background_play': False}",video,1175,1009.228,0.86
7084,f0a7b539-6b45-4c70-ba12-3ba7f1a577d3,21e57bea-148e-4a7b-82f6-35134fdf7141,pause,2026-01-11 18:26:18.772162+00:00,,android,"{'country': 'SA', 'city': 'Riyadh', 'language': 'ar', 'user_type': 'registered', 'is_subscribed': True, 'trial_user': False, 'autoplay': False, 'is_background_play': True}",video,1175,,
7085,f0a7b539-6b45-4c70-ba12-3ba7f1a577d3,25aa88c1-5e34-4a9d-a4b8-4ba454d72af5,finish,2026-01-11 18:04:18.772171+00:00,,web-chrome,"{'country': 'SA', 'city': 'Riyadh', 'language': 'ar', 'user_type': 'registered', 'is_subscribed': True, 'trial_user': False, 'autoplay': False, 'is_background_play': False}",video,1175,,
7086,f0a7b539-6b45-4c70-ba12-3ba7f1a577d3,5a558744-fadb-475b-b30e-f2710d5fe0fa,play,2026-01-11 18:20:18.772179+00:00,165382.0,web-safari,"{'country': 'SA', 'city': 'Riyadh', 'language': 'ar', 'user_type': 'registered', 'is_subscribed': True, 'trial_user': False, 'autoplay': False, 'is_background_play': True}",video,1175,165.382,0.14
7087,f0a7b539-6b45-4c70-ba12-3ba7f1a577d3,8675708c-d08b-44e7-a9bd-1168659658ed,finish,2026-01-11 18:07:18.772188+00:00,,web-chrome,"{'country': 'SA', 'city': 'Riyadh', 'language': 'ar', 'user_type': 'registered', 'is_subscribed': True, 'trial_user': False, 'autoplay': False, 'is_background_play': True}",video,1175,,
7088,f0a7b539-6b45-4c70-ba12-3ba7f1a577d3,c7671ce8-748c-4c83-9cb8-daad55b2ebfd,pause,2026-01-11 18:01:18.772197+00:00,,ios,"{'country': 'SA', 'city': 'Riyadh', 'language': 'ar', 'user_type': 'registered', 'is_subscribed': True, 'trial_user': False, 'autoplay': False, 'is_background_play': True}",video,1175,,
7089,f0a7b539-6b45-4c70-ba12-3ba7f1a577d3,669a5a71-0774-44b4-9d06-3a9ce2f65bb3,click,2026-01-11 18:17:18.772205+00:00,,android,"{'country': 'SA', 'city': 'Riyadh', 'language': 'ar', 'user_type': 'registered', 'is_subscribed': True, 'trial_user': False, 'autoplay': False, 'is_background_play': True}",video,1175,,
7090,f0a7b539-6b45-4c70-ba12-3ba7f1a577d3,a56a3b9d-3edc-4ed2-aa36-3e4ff37c9427,pause,2026-01-11 18:22:18.772214+00:00,743595.0,web-chrome,"{'country': 'SA', 'city': 'Riyadh', 'language': 'ar', 'user_type': 'registered', 'is_subscribed': True, 'trial_user': False, 'autoplay': False, 'is_background_play': True}",video,1175,743.595,0.63
7091,f0a7b539-6b45-4c70-ba12-3ba7f1a577d3,91671b7c-17f1-416c-ab34-f3ee1bcdb6e4,click,2026-01-11 18:07:18.772223+00:00,,web-safari,"{'country': 'SA', 'city': 'Riyadh', 'language': 'ar', 'user_type': 'registered', 'is_subscribed': True, 'trial_user': False, 'autoplay': False, 'is_background_play': False}",video,1175,,
7092,f0a7b539-6b45-4c70-ba12-3ba7f1a577d3,db8d1329-efbf-4d34-a3e1-718631fd983e,finish,2026-01-11 18:08:18.772233+00:00,877462.0,web-safari,"{'country': 'SA', 'city': 'Riyadh', 'language': 'ar', 'user_type': 'registered', 'is_subscribed': True, 'trial_user': False, 'autoplay': False, 'is_background_play': False}",video,1175,877.462,0.75
7093,f0a7b539-6b45-4c70-ba12-3ba7f1a577d3,4552f26a-d33e-4c35-b4f3-db4cfecaa8d5,play,2026-01-11 18:19:18.772245+00:00,1153943.0,android,"{'country': 'SA', 'city': 'Riyadh', 'language': 'ar', 'user_type': 'registered', 'is_subscribed': True, 'trial_user': False, 'autoplay': False, 'is_background_play': False}",video,1175,1153.943,0.98
7094,f0a7b539-6b45-4c70-ba12-3ba7f1a577d3,8c89e5e4-67d3-4954-b945-e9fd63c7cb3a,play,2026-01-11 18:43:18.772254+00:00,143606.0,ios,"{'country': 'SA', 'city': 'Riyadh', 'language': 'ar', 'user_type': 'registered', 'is_subscribed': True, 'trial_user': False, 'autoplay': False, 'is_background_play': True}",video,1175,143.606,0.12
7095,f0a7b539-6b45-4c70-ba12-3ba7f1a577d3,bc8ab063-e063-4736-82bf-36ab90c27b66,pause,2026-01-11 18:19:18.772263+00:00,1049509.0,ios,"{'country': 'SA', 'city': 'Riyadh', 'language': 'ar', 'user_type': 'registered', 'is_subscribed': True, 'trial_user': False, 'autoplay': False, 'is_background_play': True}",video,1175,1049.509,0.89
7096,f0a7b539-6b45-4c70-ba12-3ba7f1a577d3,24971241-fb8f-4c07-8a67-6e391d7d8dd1,play,2026-01-11 18:21:18.772272+00:00,,web-chrome,"{'country': 'SA', 'city': 'Riyadh', 'language': 'ar', 'user_type': 'registered', 'is_subscribed': True, 'trial_user': False, 'autoplay': False, 'is_background_play': True}",video,1175,,
7097,f0a7b539-6b45-4c70-ba12-3ba7f1a577d3,7d7c0636-ea6a-4353-a62d-ec7e9857a9a5,click,2026-01-11 18:38:18.772281+00:00,,android,"{'country': 'SA', 'city': 'Riyadh', 'language': 'ar', 'user_type': 'registered', 'is_subscribed': True, 'trial_user': False, 'autoplay': False, 'is_background_play': True}",video,1175,,
7098,f0a7b539-6b45-4c70-ba12-3ba7f1a577d3,4d5a237a-46fc-4979-ae42-1c4dc97751b9,finish,2026-01-11 18:36:18.772290+00:00,841648.0,ios,"{'country': 'SA', 'city': 'Riyadh', 'language': 'ar', 'user_type': 'registered', 'is_subscribed': True, 'trial_user': False, 'autoplay': False, 'is_background_play': True}",video,1175,841.648,0.72
7099,f0a7b539-6b45-4c70-ba12-3ba7f1a577d3,1cc83355-b058-4514-9cdf-12f06f43f6d6,play,2026-01-11 18:00:18.772302+00:00,1144735.0,android,"{'country': 'SA', 'city': 'Riyadh', 'language': 'ar', 'user_type': 'registered', 'is_subscribed': True, 'trial_user': False, 'autoplay': False, 'is_background_play': True}",video,1175,1144.735,0.97
7100,f0a7b539-6b45-4c70-ba12-3ba7f1a577d3,7ea57e93-c8dd-424b-b938-c264728b17b1,click,2026-01-11 18:26:18.772314+00:00,,web-safari,"{'country': 'SA', 'city': 'Riyadh', 'language': 'ar', 'user_type': 'registered', 'is_subscribed': True, 'trial_user': False, 'autoplay': False, 'is_background_play': True}",video,1175,,
7101,f0a7b539-6b45-4c70-ba12-3ba7f1a577d3,f7738a18-43ec-477a-945b-a9599cd45307,click,2026-01-11 18:39:18.772325+00:00,,web-safari,"{'country': 'SA', 'city': 'Riyadh', 'language': 'ar', 'user_type': 'registered', 'is_subscribed': True, 'trial_user': False, 'autoplay': False, 'is_background_play': False}",video,1175,,
7102,f0a7b539-6b45-4c70-ba12-3ba7f1a577d3,acd9e415-8d84-4776-b5b2-5be6ab0cd2db,pause,2026-01-11 18:49:18.772343+00:00,1017751.0,android,"{'country': 'SA', 'city': 'Riyadh', 'language': 'ar', 'user_type': 'registered', 'is_subscribed': True, 'trial_user': False, 'autoplay': False, 'is_background_play': False}",video,1175,1017.751,0.87
7103,f0a7b539-6b45-4c70-ba12-3ba7f1a577d3,9b340671-7ddc-489a-9cef-325ea4564913,pause,2026-01-11 18:37:18.772352+00:00,,android,"{'country': 'SA', 'city': 'Riyadh', 'language': 'ar', 'user_type': 'registered', 'is_subscribed': True, 'trial_user': False, 'autoplay': False, 'is_background_play': False}",video,1175,,
7104,f0a7b539-6b45-4c70-ba12-3ba7f1a577d3,92460158-e1ee-4eda-b0a6-af1edadd5bf8,click,2026-01-11 18:41:18.772361+00:00,,web-chrome,"{'country': 'SA', 'city': 'Riyadh', 'language': 'ar', 'user_type': 'registered', 'is_subscribed': True, 'trial_user': False, 'autoplay': False, 'is_background_play': False}",video,1175,,
7105,f0a7b539-6b45-4c70-ba12-3ba7f1a577d3,d676f78d-6bf2-497a-949f-e17de5fb3ab9,click,2026-01-11 18:20:18.772370+00:00,,web-chrome,"{'country': 'SA', 'city': 'Riyadh', 'language': 'ar', 'user_type': 'registered', 'is_subscribed': True, 'trial_user': False, 'autoplay': False, 'is_background_play': True}",video,1175,,
7106,f0a7b539-6b45-4c70-ba12-3ba7f1a577d3,44e0a6bd-966a-4557-8eb7-c3f06a71eecd,pause,2026-01-11 18:11:18.772378+00:00,1106584.0,ios,"{'country': 'SA', 'city': 'Riyadh', 'language': 'ar', 'user_type': 'registered', 'is_subscribed': True, 'trial_user': False, 'autoplay': False, 'is_background_play': False}",video,1175,1106.584,0.94
7107,f0a7b539-6b45-4c70-ba12-3ba7f1a577d3,d21d73e4-71df-4a4c-a92e-1a2b31e06df1,click,2026-01-11 18:53:18.772387+00:00,,android,"{'country': 'SA', 'city': 'Riyadh', 'language': 'ar', 'user_type': 'registered', 'is_subscribed': True, 'trial_user': False, 'autoplay': False, 'is_background_play': False}",video,1175,,
7108,f0a7b539-6b45-4c70-ba12-3ba7f1a577d3,28b3c570-f062-4275-bbe5-583944c7eaa8,pause,2026-01-11 18:25:18.772395+00:00,660075.0,web-safari,"{'country': 'SA', 'city': 'Riyadh', 'language': 'ar', 'user_type': 'registered', 'is_subscribed': True, 'trial_user': False, 'autoplay': False, 'is_background_play': False}",video,1175,660.075,0.56
7109,f0a7b539-6b45-4c70-ba12-3ba7f1a577d3,d645d2e1-fb52-4132-9a5f-495d26c841a5,click,2026-01-11 18:29:18.772405+00:00,,web-safari,"{'country': 'SA', 'city': 'Riyadh', 'language': 'ar', 'user_type': 'registered', 'is_subscribed': True, 'trial_user': False, 'autoplay': False, 'is_background_play': True}",video,1175,,
7110,f0a7b539-6b45-4c70-ba12-3ba7f1a577d3,ea7f9d5d-0697-4078-b5a0-f1347dbe7c37,finish,2026-01-11 18:27:18.772413+00:00,583373.0,web-chrome,"{'country': 'SA', 'city': 'Riyadh', 'language': 'ar', 'user_type': 'registered', 'is_subscribed': True, 'trial_user': False, 'autoplay': False, 'is_background_play': False}",video,1175,583.373,0.5
7111,f0a7b539-6b45-4c70-ba12-3ba7f1a577d3,21e041f5-a4b5-4742-92b8-8054d78efe1e,click,2026-01-11 18:08:18.772422+00:00,,web-chrome,"{'country': 'SA', 'city': 'Riyadh', 'language': 'ar', 'user_type': 'registered', 'is_subscribed': True, 'trial_user': False, 'autoplay': False, 'is_background_play': True}",video,1175,,
7112,f0a7b539-6b45-4c70-ba12-3ba7f1a577d3,a91c337a-b9af-4767-8624-7f3d77a2c389,play,2026-01-11 17:57:18.772431+00:00,1006613.0,ios,"{'country': 'SA', 'city': 'Riyadh', 'language': 'ar', 'user_type': 'registered', 'is_subscribed': True, 'trial_user': False, 'autoplay': False, 'is_background_play': True}",video,1175,1006.613,0.86
7113,f0a7b539-6b45-4c70-ba12-3ba7f1a577d3,43d0814b-8e33-47ba-a5b4-05c9bdf47e8e,finish,2026-01-11 17:56:18.772440+00:00,,ios,"{'country': 'SA', 'city': 'Riyadh', 'language': 'ar', 'user_type': 'registered', 'is_subscribed': True, 'trial_user': False, 'autoplay': False, 'is_background_play': False}",video,1175,,
7114,f0a7b539-6b45-4c70-ba12-3ba7f1a577d3,91a406e8-feb7-4a5a-ab24-b9f4e31b844e,click,2026-01-11 18:15:18.772448+00:00,,ios,"{'country': 'SA', 'city': 'Riyadh', 'language': 'ar', 'user_type': 'registered', 'is_subscribed': True, 'trial_user': False, 'autoplay': False, 'is_background_play': False}",video,1175,,
7115,f0a7b539-6b45-4c70-ba12-3ba7f1a577d3,e3ce5f00-a782-44ea-8a6b-ee3e098d32a1,click,2026-01-11 18:55:18.772457+00:00,,android,"{'country': 'SA', 'city': 'Riyadh', 'language': 'ar', 'user_type': 'registered', 'is_subscribed': True, 'trial_user': False, 'autoplay': False, 'is_background_play': True}",video,1175,,
7116,f0a7b539-6b45-4c70-ba12-3ba7f1a577d3,d4d17840-f5de-4434-9e6e-8c5f3017ccdc,pause,2026-01-11 18:43:18.772465+00:00,292721.0,web-chrome,"{'country': 'SA', 'city': 'Riyadh', 'language': 'ar', 'user_type': 'registered', 'is_subscribed': True, 'trial_user': False, 'autoplay': False, 'is_background_play': True}",video,1175,292.721,0.25
7117,f0a7b539-6b45-4c70-ba12-3ba7f1a577d3,68f27cf6-1a27-47c5-8ec0-04ea9cafd258,finish,2026-01-11 18:08:18.772474+00:00,141928.0,android,"{'country': 'SA', 'city': 'Riyadh', 'language': 'ar', 'user_type': 'registered', 'is_subscribed': True, 'trial_user': False, 'autoplay': False, 'is_background_play': False}",video,1175,141.928,0.12
7118,f0a7b539-6b45-4c70-ba12-3ba7f1a577d3,04770ce9-cfea-4650-bbe7-ac8171f49c3a,pause,2026-01-11 18:12:18.772483+00:00,,ios,"{'country': 'SA', 'city': 'Riyadh', 'language': 'ar', 'user_type': 'registered', 'is_subscribed': True, 'trial_user': False, 'autoplay': False, 'is_background_play': True}",video,1175,,
7119,f0a7b539-6b45-4c70-ba12-3ba7f1a577d3,cc7c3b08-1b67-4eeb-aaac-a7555404b561,finish,2026-01-11 18:05:18.772492+00:00,730321.0,web-safari,"{'country': 'SA', 'city': 'Riyadh', 'language': 'ar', 'user_type': 'registered', 'is_subscribed': True, 'trial_user': False, 'autoplay': False, 'is_background_play': True}",video,1175,730.321,0.62
7120,f0a7b539-6b45-4c70-ba12-3ba7f1a577d3,31e106a0-4185-4e23-bda0-60a84d91219a,play,2026-01-11 18:11:18.772501+00:00,381709.0,web-chrome,"{'country': 'SA', 'city': 'Riyadh', 'language': 'ar', 'user_type': 'registered', 'is_subscribed': True, 'trial_user': False, 'autoplay': False, 'is_background_play': True}",video,1175,381.709,0.32
7121,2e4cfb18-acfd-4792-9600-c6cfe6f85fac,ac4fe6f4-cf50-45b8-87e5-ca6ff50b79fa,click,2026-01-11 18:52:18.772510+00:00,,ios,"{'country': 'SA', 'city': 'Riyadh', 'language': 'ar', 'user_type': 'registered', 'is_subscribed': True, 'trial_user': False, 'autoplay': False, 'is_background_play': False}",podcast,3093,,
7122,2e4cfb18-acfd-4792-9600-c6cfe6f85fac,667dbbd1-cbae-4d5d-9fed-3bde0e831947,pause,2026-01-11 18:49:18.772519+00:00,2734147.0,android,"{'country': 'SA', 'city': 'Riyadh', 'language': 'ar', 'user_type': 'registered', 'is_subscribed': True, 'trial_user': False, 'autoplay': False, 'is_background_play': False}",podcast,3093,2734.147,0.88
7123,2e4cfb18-acfd-4792-9600-c6cfe6f85fac,10b3f396-19a5-4268-986c-41d39f230772,click,2026-01-11 18:03:18.772528+00:00,,web-safari,"{'country': 'SA', 'city': 'Riyadh', 'language': 'ar', 'user_type': 'registered', 'is_subscribed': True, 'trial_user': False, 'autoplay': False, 'is_background_play': False}",podcast,3093,,
7124,2e4cfb18-acfd-4792-9600-c6cfe6f85fac,327faa8d-8c4a-4a34-87d1-be772f2657e0,finish,2026-01-11 18:46:18.772536+00:00,337987.0,web-chrome,"{'country': 'SA', 'city': 'Riyadh', 'language': 'ar', 'user_type': 'registered', 'is_subscribed': True, 'trial_user': False, 'autoplay': False, 'is_background_play': True}",podcast,3093,337.987,0.11
7125,2e4cfb18-acfd-4792-9600-c6cfe6f85fac,7f3a0f62-b3de-4954-89c9-f4615047043a,click,2026-01-11 18:37:18.772545+00:00,,ios,"{'country': 'SA', 'city': 'Riyadh', 'language': 'ar', 'user_type': 'registered', 'is_subscribed': True, 'trial_user': False, 'autoplay': False, 'is_background_play': False}",podcast,3093,,
7126,2e4cfb18-acfd-4792-9600-c6cfe6f85fac,135257ee-6c45-4f18-b5f2-be805b98b40e,click,2026-01-11 18:18:18.772554+00:00,,web-chrome,"{'country': 'SA', 'city': 'Riyadh', 'language': 'ar', 'user_type': 'registered', 'is_subscribed': True, 'trial_user': False, 'autoplay': False, 'is_background_play': False}",podcast,3093,,
7127,2e4cfb18-acfd-4792-9600-c6cfe6f85fac,c0dd5e78-efc8-487a-84e7-dc330be7c7f2,click,2026-01-11 18:47:18.772568+00:00,,ios,"{'country': 'SA', 'city': 'Riyadh', 'language': 'ar', 'user_type': 'registered', 'is_subscribed': True, 'trial_user': False, 'autoplay': False, 'is_background_play': False}",podcast,3093,,
7128,2e4cfb18-acfd-4792-9600-c6cfe6f85fac,fcd8c3b2-be6b-48b3-8562-418a4bafa482,click,2026-01-11 18:20:18.772577+00:00,,web-chrome,"{'country': 'SA', 'city': 'Riyadh', 'language': 'ar', 'user_type': 'registered', 'is_subscribed': True, 'trial_user': False, 'autoplay': False, 'is_background_play': False}",podcast,3093,,
7129,2e4cfb18-acfd-4792-9600-c6cfe6f85fac,4f55bfc9-6c01-4965-82a2-b84ff5b08b86,play,2026-01-11 18:29:18.772585+00:00,721562.0,android,"{'country': 'SA', 'city': 'Riyadh', 'language': 'ar', 'user_type': 'registered', 'is_subscribed': True, 'trial_user': False, 'autoplay': False, 'is_background_play': False}",podcast,3093,721.562,0.23
7130,2e4cfb18-acfd-4792-9600-c6cfe6f85fac,8f6341bd-a010-43d9-bf01-4f4b811cfc19,play,2026-01-11 18:45:18.772594+00:00,2584434.0,web-chrome,"{'country': 'SA', 'city': 'Riyadh', 'language': 'ar', 'user_type': 'registered', 'is_subscribed': True, 'trial_user': False, 'autoplay': False, 'is_background_play': False}",podcast,3093,2584.434,0.84
7131,2e4cfb18-acfd-4792-9600-c6cfe6f85fac,a79e15f9-4e07-4468-a04d-e09192a09dc1,click,2026-01-11 18:28:18.772604+00:00,,web-chrome,"{'country': 'SA', 'city': 'Riyadh', 'language': 'ar', 'user_type': 'registered', 'is_subscribed': True, 'trial_user': False, 'autoplay': False, 'is_background_play': True}",podcast,3093,,
7132,2e4cfb18-acfd-4792-9600-c6cfe6f85fac,848f3442-8261-48c0-8624-934446ce0981,click,2026-01-11 18:22:18.772612+00:00,,web-safari,"{'country': 'SA', 'city': 'Riyadh', 'language': 'ar', 'user_type': 'registered', 'is_subscribed': True, 'trial_user': False, 'autoplay': False, 'is_background_play': True}",podcast,3093,,
7133,2e4cfb18-acfd-4792-9600-c6cfe6f85fac,cb8138b5-5c53-44bd-a817-cbb3b7ca37ce,finish,2026-01-11 18:04:18.772621+00:00,2823171.0,web-chrome,"{'country': 'SA', 'city': 'Riyadh', 'language': 'ar', 'user_type': 'registered', 'is_subscribed': True, 'trial_user': False, 'autoplay': False, 'is_background_play': False}",podcast,3093,2823.171,0.91
7134,2e4cfb18-acfd-4792-9600-c6cfe6f85fac,2f06224b-6be5-406e-a0eb-d6bf51e4a261,finish,2026-01-11 18:13:18.772630+00:00,1026714.0,web-safari,"{'country': 'SA', 'city': 'Riyadh', 'language': 'ar', 'user_type': 'registered', 'is_subscribed': True, 'trial_user': False, 'autoplay': False, 'is_background_play': False}",podcast,3093,1026.714,0.33
7135,2e4cfb18-acfd-4792-9600-c6cfe6f85fac,2a2e5da9-e817-4e1a-ba71-dc49b3f9acc0,pause,2026-01-11 18:03:18.772639+00:00,1928246.0,web-safari,"{'country': 'SA', 'city': 'Riyadh', 'language': 'ar', 'user_type': 'registered', 'is_subscribed': True, 'trial_user': False, 'autoplay': False, 'is_background_play': True}",podcast,3093,1928.246,0.62
7136,2e4cfb18-acfd-4792-9600-c6cfe6f85fac,ccfda0fe-8828-424c-bb28-ffdfad3d0f5b,pause,2026-01-11 18:09:18.772648+00:00,1463164.0,web-safari,"{'country': 'SA', 'city': 'Riyadh', 'language': 'ar', 'user_type': 'registered', 'is_subscribed': True, 'trial_user': False, 'autoplay': False, 'is_background_play': False}",podcast,3093,1463.164,0.47
7137,2e4cfb18-acfd-4792-9600-c6cfe6f85fac,65265d38-3c0f-4cb2-a979-435f6942026b,play,2026-01-11 18:02:18.772656+00:00,1881443.0,web-safari,"{'country': 'SA', 'city': 'Riyadh', 'language': 'ar', 'user_type': 'registered', 'is_subscribed': True, 'trial_user': False, 'autoplay': False, 'is_background_play': False}",podcast,3093,1881.443,0.61
7138,2e4cfb18-acfd-4792-9600-c6cfe6f85fac,5ecc6082-6a0e-433d-b1c9-b2d9892b8bbd,click,2026-01-11 18:49:18.772666+00:00,,ios,"{'country': 'SA', 'city': 'Riyadh', 'language': 'ar', 'user_type': 'registered', 'is_subscribed': True, 'trial_user': False, 'autoplay': False, 'is_background_play': True}",podcast,3093,,
7139,2e4cfb18-acfd-4792-9600-c6cfe6f85fac,831481a7-19b0-4b6b-95fd-8ec8de25372f,finish,2026-01-11 18:32:18.772674+00:00,1623609.0,ios,"{'country': 'SA', 'city': 'Riyadh', 'language': 'ar', 'user_type': 'registered', 'is_subscribed': True, 'trial_user': False, 'autoplay': False, 'is_background_play': False}",podcast,3093,1623.609,0.52
7140,2e4cfb18-acfd-4792-9600-c6cfe6f85fac,de57b39a-e94a-42a2-a635-b63e2b02e2ca,pause,2026-01-11 18:05:18.772683+00:00,1291660.0,ios,"{'country': 'SA', 'city': 'Riyadh', 'language': 'ar', 'user_type': 'registered', 'is_subscribed': True, 'trial_user': False, 'autoplay': False, 'is_background_play': True}",podcast,3093,1291.66,0.42
7141,2e4cfb18-acfd-4792-9600-c6cfe6f85fac,a7383b77-b062-49da-9d8a-9e4f91bcc980,pause,2026-01-11 18:16:18.772692+00:00,1688548.0,ios,"{'country': 'SA', 'city': 'Riyadh', 'language': 'ar', 'user_type': 'registered', 'is_subscribed': True, 'trial_user': False, 'autoplay': False, 'is_background_play': True}",podcast,3093,1688.548,0.55
7142,2e4cfb18-acfd-4792-9600-c6cfe6f85fac,9d45a0aa-b735-4ee2-ba83-214deee8cc56,play,2026-01-11 18:35:18.772700+00:00,1059333.0,web-chrome,"{'country': 'SA', 'city': 'Riyadh', 'language': 'ar', 'user_type': 'registered', 'is_subscribed': True, 'trial_user': False, 'autoplay': False, 'is_background_play': False}",podcast,3093,1059.333,0.34
7143,2e4cfb18-acfd-4792-9600-c6cfe6f85fac,fc91f280-7d1b-4e9f-a97b-a1f01bac9bc9,play,2026-01-11 18:40:18.772709+00:00,1425828.0,ios,"{'country': 'SA', 'city': 'Riyadh', 'language': 'ar', 'user_type': 'registered', 'is_subscribed': True, 'trial_user': False, 'autoplay': False, 'is_background_play': True}",podcast,3093,1425.828,0.46
7144,2e4cfb18-acfd-4792-9600-c6cfe6f85fac,b093a59a-258b-4aa5-be86-1e2ae00de9a0,click,2026-01-11 18:36:18.772719+00:00,,android,"{'country': 'SA', 'city': 'Riyadh', 'language': 'ar', 'user_type': 'registered', 'is_subscribed': True, 'trial_user': False, 'autoplay': False, 'is_background_play': False}",podcast,3093,,
7145,2e4cfb18-acfd-4792-9600-c6cfe6f85fac,5687032f-d4fe-483d-b961-b8bf4d58abb9,pause,2026-01-11 18:03:18.772727+00:00,446559.0,android,"{'country': 'SA', 'city': 'Riyadh', 'language': 'ar', 'user_type': 'registered', 'is_subscribed': True, 'trial_user': False, 'autoplay': False, 'is_background_play': True}",podcast,3093,446.559,0.14
7146,2e4cfb18-acfd-4792-9600-c6cfe6f85fac,aa62e3aa-fa1d-4c9d-913b-391c79fe678c,play,2026-01-11 18:22:18.772736+00:00,934534.0,ios,"{'country': 'SA', 'city': 'Riyadh', 'language': 'ar', 'user_type': 'registered', 'is_subscribed': True, 'trial_user': False, 'autoplay': False, 'is_background_play': False}",podcast,3093,934.534,0.3
7147,2e4cfb18-acfd-4792-9600-c6cfe6f85fac,66b216fd-5de5-4de9-baa0-3fa332cc3329,finish,2026-01-11 18:43:18.772745+00:00,1788985.0,web-chrome,"{'country': 'SA', 'city': 'Riyadh', 'language': 'ar', 'user_type': 'registered', 'is_subscribed': True, 'trial_user': False, 'autoplay': False, 'is_background_play': True}",podcast,3093,1788.985,0.58
7148,2e4cfb18-acfd-4792-9600-c6cfe6f85fac,10655ca9-4a09-487c-8b7a-865e1d747cc4,play,2026-01-11 18:17:18.772754+00:00,2494852.0,android,"{'country': 'SA', 'city': 'Riyadh', 'language': 'ar', 'user_type': 'registered', 'is_subscribed': True, 'trial_user': False, 'autoplay': False, 'is_background_play': False}",podcast,3093,2494.852,0.81
7149,2e4cfb18-acfd-4792-9600-c6cfe6f85fac,0acb5c6b-3ded-47a3-8acc-6ad21b21c143,pause,2026-01-11 18:17:18.772763+00:00,1852781.0,web-chrome,"{'country': 'SA', 'city': 'Riyadh', 'language': 'ar', 'user_type': 'registered', 'is_subscribed': True, 'trial_user': False, 'autoplay': False, 'is_background_play': False}",podcast,3093,1852.781,0.6
7150,2e4cfb18-acfd-4792-9600-c6cfe6f85fac,739a1bb8-15c1-42b6-9dec-c8d0b590b7d6,finish,2026-01-11 18:14:18.772772+00:00,1356316.0,android,"{'country': 'SA', 'city': 'Riyadh', 'language': 'ar', 'user_type': 'registered', 'is_subscribed': True, 'trial_user': False, 'autoplay': False, 'is_background_play': False}",podcast,3093,1356.316,0.44
7151,2e4cfb18-acfd-4792-9600-c6cfe6f85fac,47d5d1a0-a995-4ae9-923c-b8c2d7650c44,click,2026-01-11 18:27:18.772781+00:00,,ios,"{'country': 'SA', 'city': 'Riyadh', 'language': 'ar', 'user_type': 'registered', 'is_subscribed': True, 'trial_user': False, 'autoplay': False, 'is_background_play': False}",podcast,3093,,
7152,2e4cfb18-acfd-4792-9600-c6cfe6f85fac,7b7fe161-24ec-4d63-ad75-1d04a0b3f608,finish,2026-01-11 18:06:18.772796+00:00,344855.0,web-safari,"{'country': 'SA', 'city': 'Riyadh', 'language': 'ar', 'user_type': 'registered', 'is_subscribed': True, 'trial_user': False, 'autoplay': False, 'is_background_play': True}",podcast,3093,344.855,0.11
7153,2e4cfb18-acfd-4792-9600-c6cfe6f85fac,7ab51437-0433-4074-9ee0-d8cfb0ea845f,click,2026-01-11 18:11:18.772806+00:00,,ios,"{'country': 'SA', 'city': 'Riyadh', 'language': 'ar', 'user_type': 'registered', 'is_subscribed': True, 'trial_user': False, 'autoplay': False, 'is_background_play': True}",podcast,3093,,
7154,2e4cfb18-acfd-4792-9600-c6cfe6f85fac,70f8e598-b881-4cc8-8361-7a3eb365540b,finish,2026-01-11 18:47:18.772814+00:00,2954805.0,android,"{'country': 'SA', 'city': 'Riyadh', 'language': 'ar', 'user_type': 'registered', 'is_subscribed': True, 'trial_user': False, 'autoplay': False, 'is_background_play': False}",podcast,3093,2954.805,0.96
7155,2e4cfb18-acfd-4792-9600-c6cfe6f85fac,caeeaab7-7914-44a1-bbde-5a5e385b5e2c,pause,2026-01-11 18:33:18.772823+00:00,,android,"{'country': 'SA', 'city': 'Riyadh', 'language': 'ar', 'user_type': 'registered', 'is_subscribed': True, 'trial_user': False, 'autoplay': False, 'is_background_play': True}",podcast,3093,,
7156,2e4cfb18-acfd-4792-9600-c6cfe6f85fac,12376b20-c0eb-4410-9020-8d02a795cac5,pause,2026-01-11 18:08:18.772832+00:00,110213.0,ios,"{'country': 'SA', 'city': 'Riyadh', 'language': 'ar', 'user_type': 'registered', 'is_subscribed': True, 'trial_user': False, 'autoplay': False, 'is_background_play': False}",podcast,3093,110.213,0.04
7157,2e4cfb18-acfd-4792-9600-c6cfe6f85fac,f987ca55-7434-468d-97a3-867a333cfebb,click,2026-01-11 18:48:18.772841+00:00,,ios,"{'country': 'SA', 'city': 'Riyadh', 'language': 'ar', 'user_type': 'registered', 'is_subscribed': True, 'trial_user': False, 'autoplay': False, 'is_background_play': True}",podcast,3093,,
7158,2e4cfb18-acfd-4792-9600-c6cfe6f85fac,2a0c4113-1e6f-432f-9183-2e77830a986a,pause,2026-01-11 18:21:18.772849+00:00,257747.0,android,"{'country': 'SA', 'city': 'Riyadh', 'language': 'ar', 'user_type': 'registered', 'is_subscribed': True, 'trial_user': False, 'autoplay': False, 'is_background_play': False}",podcast,3093,257.747,0.08
7159,2e4cfb18-acfd-4792-9600-c6cfe6f85fac,d85e28a1-ba9f-44a8-94c4-13f154cecf8b,finish,2026-01-11 18:33:18.772858+00:00,38768.0,web-safari,"{'country': 'SA', 'city': 'Riyadh', 'language': 'ar', 'user_type': 'registered', 'is_subscribed': True, 'trial_user': False, 'autoplay': False, 'is_background_play': False}",podcast,3093,38.768,0.01
7160,2e4cfb18-acfd-4792-9600-c6cfe6f85fac,8cd0b332-3944-4ee5-8cd6-182e25bf1795,click,2026-01-11 18:31:18.772867+00:00,,android,"{'country': 'SA', 'city': 'Riyadh', 'language': 'ar', 'user_type': 'registered', 'is_subscribed': True, 'trial_user': False, 'autoplay': False, 'is_background_play': False}",podcast,3093,,
7161,f2d6cb98-1a14-4136-acdf-ee7decfb6ef7,5af08dad-1bc6-465a-939b-dfa0c0101a68,pause,2026-01-11 18:08:18.772875+00:00,498255.0,web-chrome,"{'country': 'SA', 'city': 'Riyadh', 'language': 'ar', 'user_type': 'registered', 'is_subscribed': True, 'trial_user': False, 'autoplay': False, 'is_background_play': False}",newsletter,510,498.255,0.98
7162,f2d6cb98-1a14-4136-acdf-ee7decfb6ef7,474cb543-b71a-418a-b415-15f862851df6,play,2026-01-11 18:39:18.772884+00:00,,android,"{'country': 'SA', 'city': 'Riyadh', 'language': 'ar', 'user_type': 'registered', 'is_subscribed': True, 'trial_user': False, 'autoplay': False, 'is_background_play': False}",newsletter,510,,
7163,f2d6cb98-1a14-4136-acdf-ee7decfb6ef7,017c16bd-1e39-4111-8725-a6ce3aa5868b,finish,2026-01-11 18:03:18.772893+00:00,254512.0,ios,"{'country': 'SA', 'city': 'Riyadh', 'language': 'ar', 'user_type': 'registered', 'is_subscribed': True, 'trial_user': False, 'autoplay': False, 'is_background_play': False}",newsletter,510,254.512,0.5
7164,f2d6cb98-1a14-4136-acdf-ee7decfb6ef7,c65a0b1a-51e4-495d-8630-2f18a0b9dc76,play,2026-01-11 17:58:18.772901+00:00,168418.0,android,"{'country': 'SA', 'city': 'Riyadh', 'language': 'ar', 'user_type': 'registered', 'is_subscribed': True, 'trial_user': False, 'autoplay': False, 'is_background_play': False}",newsletter,510,168.418,0.33
7165,f2d6cb98-1a14-4136-acdf-ee7decfb6ef7,77474e16-09d0-4f0c-ad0c-e6da9007c8eb,click,2026-01-11 18:20:18.772910+00:00,,web-safari,"{'country': 'SA', 'city': 'Riyadh', 'language': 'ar', 'user_type': 'registered', 'is_subscribed': True, 'trial_user': False, 'autoplay': False, 'is_background_play': False}",newsletter,510,,
7166,f2d6cb98-1a14-4136-acdf-ee7decfb6ef7,0bec634f-ca18-477a-aa20-13a53bb0a56c,click,2026-01-11 18:12:18.772918+00:00,,web-chrome,"{'country': 'SA', 'city': 'Riyadh', 'language': 'ar', 'user_type': 'registered', 'is_subscribed': True, 'trial_user': False, 'autoplay': False, 'is_background_play': False}",newsletter,510,,
7167,f2d6cb98-1a14-4136-acdf-ee7decfb6ef7,7a888bd9-a954-4d71-a35f-8c3f17df3b37,play,2026-01-11 18:00:18.772927+00:00,,web-chrome,"{'country': 'SA', 'city': 'Riyadh', 'language': 'ar', 'user_type': 'registered', 'is_subscribed': True, 'trial_user': False, 'autoplay': False, 'is_background_play': True}",newsletter,510,,
7168,f2d6cb98-1a14-4136-acdf-ee7decfb6ef7,b1ba42b1-c651-4fe3-8c37-f59eedc2ccb5,click,2026-01-11 18:50:18.772936+00:00,,web-safari,"{'country': 'SA', 'city': 'Riyadh', 'language': 'ar', 'user_type': 'registered', 'is_subscribed': True, 'trial_user': False, 'autoplay': False, 'is_background_play': False}",newsletter,510,,
7169,f2d6cb98-1a14-4136-acdf-ee7decfb6ef7,a40a07c9-0360-4d6f-b2be-02335098ca75,play,2026-01-11 18:05:18.772944+00:00,42557.0,ios,"{'country': 'SA', 'city': 'Riyadh', 'language': 'ar', 'user_type': 'registered', 'is_subscribed': True, 'trial_user': False, 'autoplay': False, 'is_background_play': False}",newsletter,510,42.557,0.08
7170,f2d6cb98-1a14-4136-acdf-ee7decfb6ef7,9c6be2d2-6125-4587-b3b5-494910e83d7d,play,2026-01-11 18:30:18.772953+00:00,497441.0,web-safari,"{'country': 'SA', 'city': 'Riyadh', 'language': 'ar', 'user_type': 'registered', 'is_subscribed': True, 'trial_user': False, 'autoplay': False, 'is_background_play': True}",newsletter,510,497.441,0.98
7171,f2d6cb98-1a14-4136-acdf-ee7decfb6ef7,14762ec6-80d5-4a34-8a36-b24e8573067e,finish,2026-01-11 18:28:18.772962+00:00,236129.0,ios,"{'country': 'SA', 'city': 'Riyadh', 'language': 'ar', 'user_type': 'registered', 'is_subscribed': True, 'trial_user': False, 'autoplay': False, 'is_background_play': True}",newsletter,510,236.129,0.46
7172,f2d6cb98-1a14-4136-acdf-ee7decfb6ef7,8cabbdec-6a12-4e7c-826e-10a8f8ad1bfc,play,2026-01-11 18:21:18.772971+00:00,445368.0,ios,"{'country': 'SA', 'city': 'Riyadh', 'language': 'ar', 'user_type': 'registered', 'is_subscribed': True, 'trial_user': False, 'autoplay': False, 'is_background_play': True}",newsletter,510,445.368,0.87
7173,f2d6cb98-1a14-4136-acdf-ee7decfb6ef7,3fc283a1-40d0-4906-a561-688fd9c37c3c,pause,2026-01-11 18:53:18.772980+00:00,,ios,"{'country': 'SA', 'city': 'Riyadh', 'language': 'ar', 'user_type': 'registered', 'is_subscribed': True, 'trial_user': False, 'autoplay': False, 'is_background_play': False}",newsletter,510,,
7174,f2d6cb98-1a14-4136-acdf-ee7decfb6ef7,a79641b2-5cae-48c3-99f9-71fe5ed26643,pause,2026-01-11 18:43:18.772988+00:00,315399.0,web-safari,"{'country': 'SA', 'city': 'Riyadh', 'language': 'ar', 'user_type': 'registered', 'is_subscribed': True, 'trial_user': False, 'autoplay': False, 'is_background_play': False}",newsletter,510,315.399,0.62
7175,f2d6cb98-1a14-4136-acdf-ee7decfb6ef7,7cab1056-9f6a-4159-8f8a-97ab6118174f,play,2026-01-11 18:51:18.772997+00:00,150298.0,ios,"{'country': 'SA', 'city': 'Riyadh', 'language': 'ar', 'user_type': 'registered', 'is_subscribed': True, 'trial_user': False, 'autoplay': False, 'is_background_play': False}",newsletter,510,150.298,0.29
7176,f2d6cb98-1a14-4136-acdf-ee7decfb6ef7,83367516-4d15-43e3-a54c-882f316e4d07,play,2026-01-11 18:03:18.773006+00:00,,web-chrome,"{'country': 'SA', 'city': 'Riyadh', 'language': 'ar', 'user_type': 'registered', 'is_subscribed': True, 'trial_user': False, 'autoplay': False, 'is_background_play': False}",newsletter,510,,
7177,f2d6cb98-1a14-4136-acdf-ee7decfb6ef7,7f866563-844a-4a67-8a4b-371c705e5f6f,pause,2026-01-11 18:37:18.773019+00:00,174207.0,web-safari,"{'country': 'SA', 'city': 'Riyadh', 'language': 'ar', 'user_type': 'registered', 'is_subscribed': True, 'trial_user': False, 'autoplay': False, 'is_background_play': True}",newsletter,510,174.207,0.34
7178,f2d6cb98-1a14-4136-acdf-ee7decfb6ef7,5341a3ba-3086-4412-b7e4-1c65f52e6584,pause,2026-01-11 17:56:18.773029+00:00,247000.0,web-safari,"{'country': 'SA', 'city': 'Riyadh', 'language': 'ar', 'user_type': 'registered', 'is_subscribed': True, 'trial_user': False, 'autoplay': False, 'is_background_play': True}",newsletter,510,247.0,0.48
7179,f2d6cb98-1a14-4136-acdf-ee7decfb6ef7,b8f52608-4930-4a69-a8b1-f583bf647380,pause,2026-01-11 18:22:18.773038+00:00,,web-safari,"{'country': 'SA', 'city': 'Riyadh', 'language': 'ar', 'user_type': 'registered', 'is_subscribed': True, 'trial_user': False, 'autoplay': False, 'is_background_play': False}",newsletter,510,,
7180,f2d6cb98-1a14-4136-acdf-ee7decfb6ef7,8b29b3b9-5739-4ff9-b57a-2a5ac146852a,play,2026-01-11 18:11:18.773046+00:00,456106.0,web-chrome,"{'country': 'SA', 'city': 'Riyadh', 'language': 'ar', 'user_type': 'registered', 'is_subscribed': True, 'trial_user': False, 'autoplay': False, 'is_background_play': False}",newsletter,510,456.106,0.89
7181,f2d6cb98-1a14-4136-acdf-ee7decfb6ef7,9c7c523c-25bf-4a2e-bf9d-d54ca3cd743e,pause,2026-01-11 18:00:18.773055+00:00,460650.0,web-safari,"{'country': 'SA', 'city': 'Riyadh', 'language': 'ar', 'user_type': 'registered', 'is_subscribed': True, 'trial_user': False, 'autoplay': False, 'is_background_play': False}",newsletter,510,460.65,0.9
7182,f2d6cb98-1a14-4136-acdf-ee7decfb6ef7,0171c1a7-39d2-4c25-87d8-38990c6d4e75,finish,2026-01-11 17:55:18.773064+00:00,93242.0,ios,"{'country': 'SA', 'city': 'Riyadh', 'language': 'ar', 'user_type': 'registered', 'is_subscribed': True, 'trial_user': False, 'autoplay': False, 'is_background_play': False}",newsletter,510,93.242,0.18
7183,f2d6cb98-1a14-4136-acdf-ee7decfb6ef7,f8ccf401-e52d-4246-8edb-45db6b370ad3,play,2026-01-11 18:09:18.773073+00:00,,ios,"{'country': 'SA', 'city': 'Riyadh', 'language': 'ar', 'user_type': 'registered', 'is_subscribed': True, 'trial_user': False, 'autoplay': False, 'is_background_play': False}",newsletter,510,,
7184,f2d6cb98-1a14-4136-acdf-ee7decfb6ef7,81a89891-3c2e-4ddd-824d-cc312ef08348,click,2026-01-11 18:33:18.773082+00:00,,ios,"{'country': 'SA', 'city': 'Riyadh', 'language': 'ar', 'user_type': 'registered', 'is_subscribed': True, 'trial_user': False, 'autoplay': False, 'is_background_play': True}",newsletter,510,,
7185,f2d6cb98-1a14-4136-acdf-ee7decfb6ef7,f7da0b9f-9be6-4b16-805f-69c203e02e6c,finish,2026-01-11 17:58:18.773090+00:00,91935.0,web-chrome,"{'country': 'SA', 'city': 'Riyadh', 'language': 'ar', 'user_type': 'registered', 'is_subscribed': True, 'trial_user': False, 'autoplay': False, 'is_background_play': False}",newsletter,510,91.935,0.18
7186,f2d6cb98-1a14-4136-acdf-ee7decfb6ef7,c108f186-9f55-4e11-af8e-55c3de058cc7,pause,2026-01-11 18:25:18.773099+00:00,389895.0,web-safari,"{'country': 'SA', 'city': 'Riyadh', 'language': 'ar', 'user_type': 'registered', 'is_subscribed': True, 'trial_user': False, 'autoplay': False, 'is_background_play': False}",newsletter,510,389.895,0.76
7187,f2d6cb98-1a14-4136-acdf-ee7decfb6ef7,20ce3527-563d-4cd7-94d7-d22e81105f1d,play,2026-01-11 18:43:18.773108+00:00,50040.0,ios,"{'country': 'SA', 'city': 'Riyadh', 'language': 'ar', 'user_type': 'registered', 'is_subscribed': True, 'trial_user': False, 'autoplay': False, 'is_background_play': False}",newsletter,510,50.04,0.1
7188,f2d6cb98-1a14-4136-acdf-ee7decfb6ef7,786e908c-c19c-4e06-86af-fe2c4080fc2d,finish,2026-01-11 18:17:18.773117+00:00,,web-safari,"{'country': 'SA', 'city': 'Riyadh', 'language': 'ar', 'user_type': 'registered', 'is_subscribed': True, 'trial_user': False, 'autoplay': False, 'is_background_play': False}",newsletter,510,,
7189,f2d6cb98-1a14-4136-acdf-ee7decfb6ef7,44bdaf78-1340-4952-8f8b-4df6265f96fc,pause,2026-01-11 17:55:18.773125+00:00,503847.0,web-chrome,"{'country': 'SA', 'city': 'Riyadh', 'language': 'ar', 'user_type': 'registered', 'is_subscribed': True, 'trial_user': False, 'autoplay': False, 'is_background_play': True}",newsletter,510,503.847,0.99
7190,f2d6cb98-1a14-4136-acdf-ee7decfb6ef7,1e732ffa-f233-4ae4-8f83-76d99cc0e0cb,play,2026-01-11 18:03:18.773134+00:00,,web-safari,"{'country': 'SA', 'city': 'Riyadh', 'language': 'ar', 'user_type': 'registered', 'is_subscribed': True, 'trial_user': False, 'autoplay': False, 'is_background_play': True}",newsletter,510,,
7191,f2d6cb98-1a14-4136-acdf-ee7decfb6ef7,e91d07d8-669e-4578-a42e-9116d6b8f35d,play,2026-01-11 18:11:18.773143+00:00,,web-chrome,"{'country': 'SA', 'city': 'Riyadh', 'language': 'ar', 'user_type': 'registered', 'is_subscribed': True, 'trial_user': False, 'autoplay': False, 'is_background_play': False}",newsletter,510,,
7192,f2d6cb98-1a14-4136-acdf-ee7decfb6ef7,9b77e9a6-ab5e-4b50-8b84-6316692d34c3,click,2026-01-11 18:50:18.773151+00:00,,web-safari,"{'country': 'SA', 'city': 'Riyadh', 'language': 'ar', 'user_type': 'registered', 'is_subscribed': True, 'trial_user': False, 'autoplay': False, 'is_background_play': True}",newsletter,510,,
7193,f2d6cb98-1a14-4136-acdf-ee7decfb6ef7,ea6be717-2541-47dc-aa45-721cf9793552,pause,2026-01-11 18:15:18.773159+00:00,,web-chrome,"{'country': 'SA', 'city': 'Riyadh', 'language': 'ar', 'user_type': 'registered', 'is_subscribed': True, 'trial_user': False, 'autoplay': False, 'is_background_play': True}",newsletter,510,,
7194,f2d6cb98-1a14-4136-acdf-ee7decfb6ef7,db6c4746-c2e7-4f6f-acda-ffd471b3a7f6,finish,2026-01-11 18:43:18.773168+00:00,,web-safari,"{'country': 'SA', 'city': 'Riyadh', 'language': 'ar', 'user_type': 'registered', 'is_subscribed': True, 'trial_user': False, 'autoplay': False, 'is_background_play': True}",newsletter,510,,
7195,f2d6cb98-1a14-4136-acdf-ee7decfb6ef7,a1783680-8e16-4be1-91db-f81283c7a5fa,pause,2026-01-11 18:31:18.773176+00:00,190344.0,android,"{'country': 'SA', 'city': 'Riyadh', 'language': 'ar', 'user_type': 'registered', 'is_subscribed': True, 'trial_user': False, 'autoplay': False, 'is_background_play': True}",newsletter,510,190.344,0.37
7196,f2d6cb98-1a14-4136-acdf-ee7decfb6ef7,d1770110-f762-4060-bd13-d57073e7c533,finish,2026-01-11 18:08:18.773185+00:00,405893.0,ios,"{'country': 'SA', 'city': 'Riyadh', 'language': 'ar', 'user_type': 'registered', 'is_subscribed': True, 'trial_user': False, 'autoplay': False, 'is_background_play': True}",newsletter,510,405.893,0.8
7197,f2d6cb98-1a14-4136-acdf-ee7decfb6ef7,6cd61264-bb4b-48b8-8179-876b42d2b49e,finish,2026-01-11 18:13:18.773194+00:00,173481.0,web-safari,"{'country': 'SA', 'city': 'Riyadh', 'language': 'ar', 'user_type': 'registered', 'is_subscribed': True, 'trial_user': False, 'autoplay': False, 'is_background_play': False}",newsletter,510,173.481,0.34
7198,f2d6cb98-1a14-4136-acdf-ee7decfb6ef7,c61995eb-f1d3-44a4-83a8-c1b2ea0e9ad5,finish,2026-01-11 18:11:18.773203+00:00,22382.0,ios,"{'country': 'SA', 'city': 'Riyadh', 'language': 'ar', 'user_type': 'registered', 'is_subscribed': True, 'trial_user': False, 'autoplay': False, 'is_background_play': True}",newsletter,510,22.382,0.04
7199,f2d6cb98-1a14-4136-acdf-ee7decfb6ef7,97ee008c-b097-482e-89a9-9e3c6d9b14ad,pause,2026-01-11 17:58:18.773212+00:00,377088.0,web-chrome,"{'country': 'SA', 'city': 'Riyadh', 'language': 'ar', 'user_type': 'registered', 'is_subscribed': True, 'trial_user': False, 'autoplay': False, 'is_background_play': False}",newsletter,510,377.088,0.74
7200,f2d6cb98-1a14-4136-acdf-ee7decfb6ef7,5e80d536-3de8-4758-85ea-d65c6d5c3f6c,finish,2026-01-11 17:59:18.773221+00:00,18926.0,web-safari,"{'country': 'SA', 'city': 'Riyadh', 'language': 'ar', 'user_type': 'registered', 'is_subscribed': True, 'trial_user': False, 'autoplay': False, 'is_background_play': True}",newsletter,510,18.926,0.04
